Classic Timing Analyzer report for kursach
Thu Apr 30 17:00:51 2026
Quartus II Version 9.1 Build 222 10/21/2009 SJ Web Edition


---------------------
; Table of Contents ;
---------------------
  1. Legal Notice
  2. Timing Analyzer Summary
  3. Timing Analyzer Settings
  4. Clock Settings Summary
  5. Parallel Compilation
  6. Clock Setup: 'clk'
  7. Clock Setup: 'address[6]'
  8. Clock Setup: 'address[7]'
  9. Clock Setup: 'address[8]'
 10. Clock Setup: 'address[9]'
 11. Clock Setup: 'address[4]'
 12. Clock Setup: 'address[3]'
 13. Clock Setup: 'address[5]'
 14. Clock Setup: 'per_strob'
 15. Clock Hold: 'clk'
 16. tsu
 17. tco
 18. tpd
 19. th
 20. Timing Analyzer Messages



----------------
; Legal Notice ;
----------------
Copyright (C) 1991-2009 Altera Corporation
Your use of Altera Corporation's design tools, logic functions 
and other software and tools, and its AMPP partner logic 
functions, and any output files from any of the foregoing 
(including device programming or simulation files), and any 
associated documentation or information are expressly subject 
to the terms and conditions of the Altera Program License 
Subscription Agreement, Altera MegaCore Function License 
Agreement, or other applicable license agreement, including, 
without limitation, that your use is for the sole purpose of 
programming logic devices manufactured by Altera and sold by 
Altera or its authorized distributors.  Please refer to the 
applicable agreement for further details.



+----------------------------------------------------------------------------------------------------------------------------------------------------------------------------------------------------------------------------------------------------------------------------------------------------------------------------------------------------------------------------------------------------------------------+
; Timing Analyzer Summary                                                                                                                                                                                                                                                                                                                                                                                              ;
+------------------------------+------------------------------------------+---------------+------------------------------------------------+----------------------------------------------------------------------------------------------------------------+-----------------------------------------------------------------------------------------------------------------+------------+------------+--------------+
; Type                         ; Slack                                    ; Required Time ; Actual Time                                    ; From                                                                                                           ; To                                                                                                              ; From Clock ; To Clock   ; Failed Paths ;
+------------------------------+------------------------------------------+---------------+------------------------------------------------+----------------------------------------------------------------------------------------------------------------+-----------------------------------------------------------------------------------------------------------------+------------+------------+--------------+
; Worst-case tsu               ; N/A                                      ; None          ; 7.569 ns                                       ; address[5]                                                                                                     ; cash:inst8|lpm_dff0:inst25|lpm_ff:lpm_ff_component|dffs[5]                                                      ; --         ; clk        ; 0            ;
; Worst-case tco               ; N/A                                      ; None          ; 16.762 ns                                      ; cash:inst8|lpm_counter0:inst39|lpm_counter:lpm_counter_component|cntr_sej:auto_generated|safe_q[1]             ; data_o[3]                                                                                                       ; clk        ; --         ; 0            ;
; Worst-case tpd               ; N/A                                      ; None          ; 13.354 ns                                      ; address[3]                                                                                                     ; data_o[3]                                                                                                       ; --         ; --         ; 0            ;
; Worst-case th                ; N/A                                      ; None          ; 4.359 ns                                       ; address[6]                                                                                                     ; lpm_ram_dq0:inst|altsyncram:altsyncram_component|altsyncram_56f1:auto_generated|ram_block1a4~porta_address_reg5 ; --         ; clk        ; 0            ;
; Clock Setup: 'clk'           ; N/A                                      ; None          ; 91.67 MHz ( period = 10.909 ns )               ; cash:inst8|lpm_counter0:inst39|lpm_counter:lpm_counter_component|cntr_sej:auto_generated|safe_q[2]             ; cash:inst8|lpm_dff0:inst25|lpm_ff:lpm_ff_component|dffs[5]                                                      ; clk        ; clk        ; 0            ;
; Clock Setup: 'address[6]'    ; N/A                                      ; None          ; 175.72 MHz ( period = 5.691 ns )               ; cash:inst8|lpm_counter0:inst39|lpm_counter:lpm_counter_component|cntr_sej:auto_generated|safe_q[2]             ; lpm_ram_dq0:inst|altsyncram:altsyncram_component|altsyncram_56f1:auto_generated|ram_block1a4~porta_datain_reg1  ; address[6] ; address[6] ; 0            ;
; Clock Setup: 'address[7]'    ; N/A                                      ; None          ; 176.74 MHz ( period = 5.658 ns )               ; cash:inst8|lpm_counter0:inst39|lpm_counter:lpm_counter_component|cntr_sej:auto_generated|safe_q[2]             ; lpm_ram_dq0:inst|altsyncram:altsyncram_component|altsyncram_56f1:auto_generated|ram_block1a4~porta_datain_reg1  ; address[7] ; address[7] ; 0            ;
; Clock Setup: 'address[8]'    ; N/A                                      ; None          ; 176.80 MHz ( period = 5.656 ns )               ; cash:inst8|lpm_counter0:inst39|lpm_counter:lpm_counter_component|cntr_sej:auto_generated|safe_q[2]             ; lpm_ram_dq0:inst|altsyncram:altsyncram_component|altsyncram_56f1:auto_generated|ram_block1a4~porta_datain_reg1  ; address[8] ; address[8] ; 0            ;
; Clock Setup: 'address[9]'    ; N/A                                      ; None          ; 181.52 MHz ( period = 5.509 ns )               ; cash:inst8|lpm_counter0:inst39|lpm_counter:lpm_counter_component|cntr_sej:auto_generated|safe_q[2]             ; lpm_ram_dq0:inst|altsyncram:altsyncram_component|altsyncram_56f1:auto_generated|ram_block1a4~porta_datain_reg1  ; address[9] ; address[9] ; 0            ;
; Clock Setup: 'per_strob'     ; N/A                                      ; None          ; Restricted to 500.00 MHz ( period = 2.000 ns ) ; lpm_ram_dq0:inst|altsyncram:altsyncram_component|altsyncram_56f1:auto_generated|ram_block1a0~porta_datain_reg3 ; lpm_ram_dq0:inst|altsyncram:altsyncram_component|altsyncram_56f1:auto_generated|ram_block1a3~porta_memory_reg0  ; per_strob  ; per_strob  ; 0            ;
; Clock Setup: 'address[5]'    ; N/A                                      ; None          ; Restricted to 500.00 MHz ( period = 2.000 ns ) ; cash:inst8|inst50                                                                                              ; cash:inst8|inst50                                                                                               ; address[5] ; address[5] ; 0            ;
; Clock Setup: 'address[3]'    ; N/A                                      ; None          ; Restricted to 500.00 MHz ( period = 2.000 ns ) ; cash:inst8|inst50                                                                                              ; cash:inst8|inst50                                                                                               ; address[3] ; address[3] ; 0            ;
; Clock Setup: 'address[4]'    ; N/A                                      ; None          ; Restricted to 500.00 MHz ( period = 2.000 ns ) ; cash:inst8|inst50                                                                                              ; cash:inst8|inst50                                                                                               ; address[4] ; address[4] ; 0            ;
; Clock Hold: 'clk'            ; Not operational: Clock Skew > Data Delay ; None          ; N/A                                            ; cash:inst8|lpm_dff0:inst73|lpm_ff:lpm_ff_component|dffs[0]                                                     ; lpm_ram_dq0:inst|altsyncram:altsyncram_component|altsyncram_56f1:auto_generated|ram_block1a0~porta_datain_reg0  ; clk        ; clk        ; 420          ;
; Total number of failed paths ;                                          ;               ;                                                ;                                                                                                                ;                                                                                                                 ;            ;            ; 420          ;
+------------------------------+------------------------------------------+---------------+------------------------------------------------+----------------------------------------------------------------------------------------------------------------+-----------------------------------------------------------------------------------------------------------------+------------+------------+--------------+


+-----------------------------------------------------------------------------------------------------------------------------------------------------+
; Timing Analyzer Settings                                                                                                                            ;
+------------------------------------------------------------------------------------------------------+--------------------+------+----+-------------+
; Option                                                                                               ; Setting            ; From ; To ; Entity Name ;
+------------------------------------------------------------------------------------------------------+--------------------+------+----+-------------+
; Device Name                                                                                          ; EP2S15F484C3       ;      ;    ;             ;
; Timing Models                                                                                        ; Final              ;      ;    ;             ;
; Default hold multicycle                                                                              ; Same as Multicycle ;      ;    ;             ;
; Cut paths between unrelated clock domains                                                            ; On                 ;      ;    ;             ;
; Cut off read during write signal paths                                                               ; On                 ;      ;    ;             ;
; Cut off feedback from I/O pins                                                                       ; On                 ;      ;    ;             ;
; Report Combined Fast/Slow Timing                                                                     ; Off                ;      ;    ;             ;
; Ignore Clock Settings                                                                                ; Off                ;      ;    ;             ;
; Analyze latches as synchronous elements                                                              ; On                 ;      ;    ;             ;
; Enable Recovery/Removal analysis                                                                     ; Off                ;      ;    ;             ;
; Enable Clock Latency                                                                                 ; Off                ;      ;    ;             ;
; Use TimeQuest Timing Analyzer                                                                        ; Off                ;      ;    ;             ;
; Number of source nodes to report per destination node                                                ; 10                 ;      ;    ;             ;
; Number of destination nodes to report                                                                ; 10                 ;      ;    ;             ;
; Number of paths to report                                                                            ; 200                ;      ;    ;             ;
; Report Minimum Timing Checks                                                                         ; Off                ;      ;    ;             ;
; Use Fast Timing Models                                                                               ; Off                ;      ;    ;             ;
; Report IO Paths Separately                                                                           ; Off                ;      ;    ;             ;
; Perform Multicorner Analysis                                                                         ; On                 ;      ;    ;             ;
; Reports the worst-case path for each clock domain and analysis                                       ; Off                ;      ;    ;             ;
; Reports worst-case timing paths for each clock domain and analysis                                   ; Off                ;      ;    ;             ;
; Specifies the maximum number of worst-case timing paths to report for each clock domain and analysis ; 100                ;      ;    ;             ;
; Removes common clock path pessimism (CCPP) during slack computation                                  ; Off                ;      ;    ;             ;
; Output I/O Timing Endpoint                                                                           ; Near End           ;      ;    ;             ;
+------------------------------------------------------------------------------------------------------+--------------------+------+----+-------------+


+------------------------------------------------------------------------------------------------------------------------------------------------------------------------------------+
; Clock Settings Summary                                                                                                                                                             ;
+-----------------+--------------------+----------+------------------+---------------+--------------+----------+-----------------------+---------------------+--------+--------------+
; Clock Node Name ; Clock Setting Name ; Type     ; Fmax Requirement ; Early Latency ; Late Latency ; Based on ; Multiply Base Fmax by ; Divide Base Fmax by ; Offset ; Phase offset ;
+-----------------+--------------------+----------+------------------+---------------+--------------+----------+-----------------------+---------------------+--------+--------------+
; clk             ;                    ; User Pin ; None             ; 0.000 ns      ; 0.000 ns     ; --       ; N/A                   ; N/A                 ; N/A    ;              ;
; address[6]      ;                    ; User Pin ; None             ; 0.000 ns      ; 0.000 ns     ; --       ; N/A                   ; N/A                 ; N/A    ;              ;
; address[7]      ;                    ; User Pin ; None             ; 0.000 ns      ; 0.000 ns     ; --       ; N/A                   ; N/A                 ; N/A    ;              ;
; address[8]      ;                    ; User Pin ; None             ; 0.000 ns      ; 0.000 ns     ; --       ; N/A                   ; N/A                 ; N/A    ;              ;
; address[9]      ;                    ; User Pin ; None             ; 0.000 ns      ; 0.000 ns     ; --       ; N/A                   ; N/A                 ; N/A    ;              ;
; address[4]      ;                    ; User Pin ; None             ; 0.000 ns      ; 0.000 ns     ; --       ; N/A                   ; N/A                 ; N/A    ;              ;
; address[3]      ;                    ; User Pin ; None             ; 0.000 ns      ; 0.000 ns     ; --       ; N/A                   ; N/A                 ; N/A    ;              ;
; address[5]      ;                    ; User Pin ; None             ; 0.000 ns      ; 0.000 ns     ; --       ; N/A                   ; N/A                 ; N/A    ;              ;
; per_strob       ;                    ; User Pin ; None             ; 0.000 ns      ; 0.000 ns     ; --       ; N/A                   ; N/A                 ; N/A    ;              ;
+-----------------+--------------------+----------+------------------+---------------+--------------+----------+-----------------------+---------------------+--------+--------------+


Parallel compilation was disabled, but you have multiple processors available. Enable parallel compilation to reduce compilation time.
+-------------------------------------+
; Parallel Compilation                ;
+----------------------------+--------+
; Processors                 ; Number ;
+----------------------------+--------+
; Number detected on machine ; 12     ;
; Maximum allowed            ; 1      ;
+----------------------------+--------+


+------------------------------------------------------------------------------------------------------------------------------------------------------------------------------------------------------------------------------------------------------------------------------------------------------------------------------------------------------------------------------------------+
; Clock Setup: 'clk'                                                                                                                                                                                                                                                                                                                                                                       ;
+-----------------------------------------+-----------------------------------------------------+-----------------------------------------------------------------------------------------------------------------+------------------------------------------------------------+------------+----------+-----------------------------+---------------------------+-------------------------+
; Slack                                   ; Actual fmax (period)                                ; From                                                                                                            ; To                                                         ; From Clock ; To Clock ; Required Setup Relationship ; Required Longest P2P Time ; Actual Longest P2P Time ;
+-----------------------------------------+-----------------------------------------------------+-----------------------------------------------------------------------------------------------------------------+------------------------------------------------------------+------------+----------+-----------------------------+---------------------------+-------------------------+
; N/A                                     ; 91.67 MHz ( period = 10.909 ns )                    ; cash:inst8|lpm_counter0:inst39|lpm_counter:lpm_counter_component|cntr_sej:auto_generated|safe_q[2]              ; cash:inst8|lpm_dff0:inst25|lpm_ff:lpm_ff_component|dffs[5] ; clk        ; clk      ; None                        ; None                      ; 4.759 ns                ;
; N/A                                     ; 92.02 MHz ( period = 10.867 ns )                    ; cash:inst8|lpm_counter0:inst39|lpm_counter:lpm_counter_component|cntr_sej:auto_generated|safe_q[0]              ; cash:inst8|lpm_dff0:inst25|lpm_ff:lpm_ff_component|dffs[5] ; clk        ; clk      ; None                        ; None                      ; 4.717 ns                ;
; N/A                                     ; 92.34 MHz ( period = 10.829 ns )                    ; cash:inst8|lpm_counter0:inst39|lpm_counter:lpm_counter_component|cntr_sej:auto_generated|safe_q[1]              ; cash:inst8|lpm_dff0:inst21|lpm_ff:lpm_ff_component|dffs[3] ; clk        ; clk      ; None                        ; None                      ; 4.679 ns                ;
; N/A                                     ; 92.36 MHz ( period = 10.827 ns )                    ; cash:inst8|lpm_counter0:inst39|lpm_counter:lpm_counter_component|cntr_sej:auto_generated|safe_q[0]              ; cash:inst8|lpm_dff0:inst76|lpm_ff:lpm_ff_component|dffs[6] ; clk        ; clk      ; None                        ; None                      ; 4.663 ns                ;
; N/A                                     ; 92.52 MHz ( period = 10.808 ns )                    ; cash:inst8|lpm_counter0:inst39|lpm_counter:lpm_counter_component|cntr_sej:auto_generated|safe_q[1]              ; cash:inst8|lpm_dff0:inst24|lpm_ff:lpm_ff_component|dffs[3] ; clk        ; clk      ; None                        ; None                      ; 4.654 ns                ;
; N/A                                     ; 93.01 MHz ( period = 10.751 ns )                    ; cash:inst8|lpm_counter0:inst39|lpm_counter:lpm_counter_component|cntr_sej:auto_generated|safe_q[1]              ; cash:inst8|lpm_dff0:inst23|lpm_ff:lpm_ff_component|dffs[0] ; clk        ; clk      ; None                        ; None                      ; 4.602 ns                ;
; N/A                                     ; 93.09 MHz ( period = 10.742 ns )                    ; cash:inst8|lpm_counter0:inst39|lpm_counter:lpm_counter_component|cntr_sej:auto_generated|safe_q[2]              ; cash:inst8|lpm_dff0:inst26|lpm_ff:lpm_ff_component|dffs[5] ; clk        ; clk      ; None                        ; None                      ; 4.585 ns                ;
; N/A                                     ; 93.10 MHz ( period = 10.741 ns )                    ; cash:inst8|lpm_counter0:inst39|lpm_counter:lpm_counter_component|cntr_sej:auto_generated|safe_q[2]              ; cash:inst8|lpm_dff0:inst40|lpm_ff:lpm_ff_component|dffs[5] ; clk        ; clk      ; None                        ; None                      ; 4.588 ns                ;
; N/A                                     ; 93.10 MHz ( period = 10.741 ns )                    ; cash:inst8|lpm_counter0:inst39|lpm_counter:lpm_counter_component|cntr_sej:auto_generated|safe_q[1]              ; cash:inst8|lpm_dff0:inst21|lpm_ff:lpm_ff_component|dffs[0] ; clk        ; clk      ; None                        ; None                      ; 4.592 ns                ;
; N/A                                     ; 93.14 MHz ( period = 10.737 ns )                    ; cash:inst8|lpm_counter0:inst39|lpm_counter:lpm_counter_component|cntr_sej:auto_generated|safe_q[2]              ; cash:inst8|lpm_dff0:inst75|lpm_ff:lpm_ff_component|dffs[5] ; clk        ; clk      ; None                        ; None                      ; 4.580 ns                ;
; N/A                                     ; 93.14 MHz ( period = 10.737 ns )                    ; cash:inst8|lpm_counter0:inst39|lpm_counter:lpm_counter_component|cntr_sej:auto_generated|safe_q[1]              ; cash:inst8|lpm_dff0:inst25|lpm_ff:lpm_ff_component|dffs[0] ; clk        ; clk      ; None                        ; None                      ; 4.588 ns                ;
; N/A                                     ; 93.15 MHz ( period = 10.735 ns )                    ; cash:inst8|lpm_counter0:inst39|lpm_counter:lpm_counter_component|cntr_sej:auto_generated|safe_q[2]              ; cash:inst8|lpm_dff0:inst74|lpm_ff:lpm_ff_component|dffs[5] ; clk        ; clk      ; None                        ; None                      ; 4.578 ns                ;
; N/A                                     ; 93.19 MHz ( period = 10.731 ns )                    ; cash:inst8|lpm_counter0:inst39|lpm_counter:lpm_counter_component|cntr_sej:auto_generated|safe_q[2]              ; cash:inst8|lpm_dff0:inst21|lpm_ff:lpm_ff_component|dffs[5] ; clk        ; clk      ; None                        ; None                      ; 4.581 ns                ;
; N/A                                     ; 93.21 MHz ( period = 10.729 ns )                    ; cash:inst8|lpm_counter0:inst39|lpm_counter:lpm_counter_component|cntr_sej:auto_generated|safe_q[2]              ; cash:inst8|lpm_dff0:inst22|lpm_ff:lpm_ff_component|dffs[5] ; clk        ; clk      ; None                        ; None                      ; 4.579 ns                ;
; N/A                                     ; 93.34 MHz ( period = 10.714 ns )                    ; cash:inst8|lpm_counter0:inst39|lpm_counter:lpm_counter_component|cntr_sej:auto_generated|safe_q[1]              ; cash:inst8|lpm_dff0:inst76|lpm_ff:lpm_ff_component|dffs[6] ; clk        ; clk      ; None                        ; None                      ; 4.550 ns                ;
; N/A                                     ; 93.37 MHz ( period = 10.710 ns )                    ; cash:inst8|lpm_counter0:inst39|lpm_counter:lpm_counter_component|cntr_sej:auto_generated|safe_q[2]              ; cash:inst8|lpm_dff0:inst24|lpm_ff:lpm_ff_component|dffs[5] ; clk        ; clk      ; None                        ; None                      ; 4.556 ns                ;
; N/A                                     ; 93.40 MHz ( period = 10.707 ns )                    ; cash:inst8|lpm_counter0:inst39|lpm_counter:lpm_counter_component|cntr_sej:auto_generated|safe_q[2]              ; cash:inst8|lpm_dff0:inst77|lpm_ff:lpm_ff_component|dffs[5] ; clk        ; clk      ; None                        ; None                      ; 4.547 ns                ;
; N/A                                     ; 93.46 MHz ( period = 10.700 ns )                    ; cash:inst8|lpm_counter0:inst39|lpm_counter:lpm_counter_component|cntr_sej:auto_generated|safe_q[0]              ; cash:inst8|lpm_dff0:inst26|lpm_ff:lpm_ff_component|dffs[5] ; clk        ; clk      ; None                        ; None                      ; 4.543 ns                ;
; N/A                                     ; 93.47 MHz ( period = 10.699 ns )                    ; cash:inst8|lpm_counter0:inst39|lpm_counter:lpm_counter_component|cntr_sej:auto_generated|safe_q[0]              ; cash:inst8|lpm_dff0:inst40|lpm_ff:lpm_ff_component|dffs[5] ; clk        ; clk      ; None                        ; None                      ; 4.546 ns                ;
; N/A                                     ; 93.48 MHz ( period = 10.698 ns )                    ; cash:inst8|lpm_counter0:inst39|lpm_counter:lpm_counter_component|cntr_sej:auto_generated|safe_q[0]              ; cash:inst8|lpm_dff0:inst21|lpm_ff:lpm_ff_component|dffs[6] ; clk        ; clk      ; None                        ; None                      ; 4.548 ns                ;
; N/A                                     ; 93.48 MHz ( period = 10.697 ns )                    ; cash:inst8|lpm_counter0:inst39|lpm_counter:lpm_counter_component|cntr_sej:auto_generated|safe_q[0]              ; cash:inst8|lpm_dff0:inst22|lpm_ff:lpm_ff_component|dffs[6] ; clk        ; clk      ; None                        ; None                      ; 4.547 ns                ;
; N/A                                     ; 93.49 MHz ( period = 10.696 ns )                    ; cash:inst8|lpm_counter0:inst39|lpm_counter:lpm_counter_component|cntr_sej:auto_generated|safe_q[2]              ; cash:inst8|lpm_dff0:inst76|lpm_ff:lpm_ff_component|dffs[6] ; clk        ; clk      ; None                        ; None                      ; 4.532 ns                ;
; N/A                                     ; 93.50 MHz ( period = 10.695 ns )                    ; cash:inst8|lpm_counter0:inst39|lpm_counter:lpm_counter_component|cntr_sej:auto_generated|safe_q[0]              ; cash:inst8|lpm_dff0:inst75|lpm_ff:lpm_ff_component|dffs[5] ; clk        ; clk      ; None                        ; None                      ; 4.538 ns                ;
; N/A                                     ; 93.52 MHz ( period = 10.693 ns )                    ; cash:inst8|lpm_counter0:inst39|lpm_counter:lpm_counter_component|cntr_sej:auto_generated|safe_q[0]              ; cash:inst8|lpm_dff0:inst74|lpm_ff:lpm_ff_component|dffs[5] ; clk        ; clk      ; None                        ; None                      ; 4.536 ns                ;
; N/A                                     ; 93.55 MHz ( period = 10.689 ns )                    ; cash:inst8|lpm_counter0:inst39|lpm_counter:lpm_counter_component|cntr_sej:auto_generated|safe_q[0]              ; cash:inst8|lpm_dff0:inst21|lpm_ff:lpm_ff_component|dffs[5] ; clk        ; clk      ; None                        ; None                      ; 4.539 ns                ;
; N/A                                     ; 93.57 MHz ( period = 10.687 ns )                    ; cash:inst8|lpm_counter0:inst39|lpm_counter:lpm_counter_component|cntr_sej:auto_generated|safe_q[0]              ; cash:inst8|lpm_dff0:inst22|lpm_ff:lpm_ff_component|dffs[5] ; clk        ; clk      ; None                        ; None                      ; 4.537 ns                ;
; N/A                                     ; 93.62 MHz ( period = 10.681 ns )                    ; cash:inst8|lpm_counter0:inst39|lpm_counter:lpm_counter_component|cntr_sej:auto_generated|safe_q[0]              ; cash:inst8|lpm_dff0:inst25|lpm_ff:lpm_ff_component|dffs[6] ; clk        ; clk      ; None                        ; None                      ; 4.531 ns                ;
; N/A                                     ; 93.74 MHz ( period = 10.668 ns )                    ; cash:inst8|lpm_counter0:inst39|lpm_counter:lpm_counter_component|cntr_sej:auto_generated|safe_q[0]              ; cash:inst8|lpm_dff0:inst24|lpm_ff:lpm_ff_component|dffs[5] ; clk        ; clk      ; None                        ; None                      ; 4.514 ns                ;
; N/A                                     ; 93.76 MHz ( period = 10.665 ns )                    ; cash:inst8|lpm_counter0:inst39|lpm_counter:lpm_counter_component|cntr_sej:auto_generated|safe_q[0]              ; cash:inst8|lpm_dff0:inst77|lpm_ff:lpm_ff_component|dffs[5] ; clk        ; clk      ; None                        ; None                      ; 4.505 ns                ;
; N/A                                     ; 93.82 MHz ( period = 10.659 ns )                    ; cash:inst8|lpm_counter0:inst39|lpm_counter:lpm_counter_component|cntr_sej:auto_generated|safe_q[2]              ; cash:inst8|lpm_dff0:inst76|lpm_ff:lpm_ff_component|dffs[5] ; clk        ; clk      ; None                        ; None                      ; 4.497 ns                ;
; N/A                                     ; 93.84 MHz ( period = 10.657 ns )                    ; cash:inst8|lpm_counter0:inst39|lpm_counter:lpm_counter_component|cntr_sej:auto_generated|safe_q[1]              ; cash:inst8|lpm_dff0:inst25|lpm_ff:lpm_ff_component|dffs[5] ; clk        ; clk      ; None                        ; None                      ; 4.507 ns                ;
; N/A                                     ; 93.87 MHz ( period = 10.653 ns )                    ; cash:inst8|lpm_counter0:inst39|lpm_counter:lpm_counter_component|cntr_sej:auto_generated|safe_q[1]              ; cash:inst8|lpm_dff0:inst73|lpm_ff:lpm_ff_component|dffs[3] ; clk        ; clk      ; None                        ; None                      ; 4.487 ns                ;
; N/A                                     ; 93.91 MHz ( period = 10.648 ns )                    ; cash:inst8|lpm_counter0:inst39|lpm_counter:lpm_counter_component|cntr_sej:auto_generated|safe_q[1]              ; cash:inst8|lpm_dff0:inst25|lpm_ff:lpm_ff_component|dffs[3] ; clk        ; clk      ; None                        ; None                      ; 4.498 ns                ;
; N/A                                     ; 93.92 MHz ( period = 10.647 ns )                    ; cash:inst8|lpm_counter0:inst39|lpm_counter:lpm_counter_component|cntr_sej:auto_generated|safe_q[1]              ; cash:inst8|lpm_dff0:inst75|lpm_ff:lpm_ff_component|dffs[3] ; clk        ; clk      ; None                        ; None                      ; 4.492 ns                ;
; N/A                                     ; 93.94 MHz ( period = 10.645 ns )                    ; cash:inst8|lpm_counter0:inst39|lpm_counter:lpm_counter_component|cntr_sej:auto_generated|safe_q[0]              ; cash:inst8|lpm_dff0:inst75|lpm_ff:lpm_ff_component|dffs[6] ; clk        ; clk      ; None                        ; None                      ; 4.490 ns                ;
; N/A                                     ; 93.95 MHz ( period = 10.644 ns )                    ; cash:inst8|lpm_counter0:inst39|lpm_counter:lpm_counter_component|cntr_sej:auto_generated|safe_q[1]              ; cash:inst8|lpm_dff0:inst22|lpm_ff:lpm_ff_component|dffs[3] ; clk        ; clk      ; None                        ; None                      ; 4.494 ns                ;
; N/A                                     ; 93.98 MHz ( period = 10.640 ns )                    ; cash:inst8|lpm_counter0:inst39|lpm_counter:lpm_counter_component|cntr_sej:auto_generated|safe_q[0]              ; cash:inst8|lpm_dff0:inst77|lpm_ff:lpm_ff_component|dffs[6] ; clk        ; clk      ; None                        ; None                      ; 4.483 ns                ;
; N/A                                     ; 93.99 MHz ( period = 10.639 ns )                    ; cash:inst8|lpm_counter0:inst39|lpm_counter:lpm_counter_component|cntr_sej:auto_generated|safe_q[0]              ; cash:inst8|lpm_dff0:inst74|lpm_ff:lpm_ff_component|dffs[6] ; clk        ; clk      ; None                        ; None                      ; 4.482 ns                ;
; N/A                                     ; 93.99 MHz ( period = 10.639 ns )                    ; cash:inst8|lpm_counter0:inst39|lpm_counter:lpm_counter_component|cntr_sej:auto_generated|safe_q[1]              ; cash:inst8|lpm_dff0:inst20|lpm_ff:lpm_ff_component|dffs[3] ; clk        ; clk      ; None                        ; None                      ; 4.475 ns                ;
; N/A                                     ; 94.06 MHz ( period = 10.632 ns )                    ; cash:inst8|lpm_counter0:inst39|lpm_counter:lpm_counter_component|cntr_sej:auto_generated|safe_q[0]              ; cash:inst8|lpm_dff0:inst26|lpm_ff:lpm_ff_component|dffs[6] ; clk        ; clk      ; None                        ; None                      ; 4.475 ns                ;
; N/A                                     ; 94.18 MHz ( period = 10.618 ns )                    ; cash:inst8|lpm_counter0:inst39|lpm_counter:lpm_counter_component|cntr_sej:auto_generated|safe_q[0]              ; cash:inst8|lpm_dff0:inst24|lpm_ff:lpm_ff_component|dffs[6] ; clk        ; clk      ; None                        ; None                      ; 4.464 ns                ;
; N/A                                     ; 94.19 MHz ( period = 10.617 ns )                    ; cash:inst8|lpm_counter0:inst39|lpm_counter:lpm_counter_component|cntr_sej:auto_generated|safe_q[0]              ; cash:inst8|lpm_dff0:inst76|lpm_ff:lpm_ff_component|dffs[5] ; clk        ; clk      ; None                        ; None                      ; 4.455 ns                ;
; N/A                                     ; 94.30 MHz ( period = 10.604 ns )                    ; cash:inst8|lpm_counter0:inst39|lpm_counter:lpm_counter_component|cntr_sej:auto_generated|safe_q[2]              ; cash:inst8|lpm_dff0:inst73|lpm_ff:lpm_ff_component|dffs[7] ; clk        ; clk      ; None                        ; None                      ; 4.438 ns                ;
; N/A                                     ; 94.30 MHz ( period = 10.604 ns )                    ; cash:inst8|lpm_counter0:inst39|lpm_counter:lpm_counter_component|cntr_sej:auto_generated|safe_q[0]              ; cash:inst8|lpm_dff0:inst21|lpm_ff:lpm_ff_component|dffs[3] ; clk        ; clk      ; None                        ; None                      ; 4.454 ns                ;
; N/A                                     ; 94.47 MHz ( period = 10.585 ns )                    ; cash:inst8|lpm_counter0:inst39|lpm_counter:lpm_counter_component|cntr_sej:auto_generated|safe_q[1]              ; cash:inst8|lpm_dff0:inst21|lpm_ff:lpm_ff_component|dffs[6] ; clk        ; clk      ; None                        ; None                      ; 4.435 ns                ;
; N/A                                     ; 94.48 MHz ( period = 10.584 ns )                    ; cash:inst8|lpm_counter0:inst39|lpm_counter:lpm_counter_component|cntr_sej:auto_generated|safe_q[1]              ; cash:inst8|lpm_dff0:inst22|lpm_ff:lpm_ff_component|dffs[6] ; clk        ; clk      ; None                        ; None                      ; 4.434 ns                ;
; N/A                                     ; 94.48 MHz ( period = 10.584 ns )                    ; cash:inst8|lpm_counter0:inst39|lpm_counter:lpm_counter_component|cntr_sej:auto_generated|safe_q[1]              ; cash:inst8|lpm_dff0:inst72|lpm_ff:lpm_ff_component|dffs[0] ; clk        ; clk      ; None                        ; None                      ; 4.424 ns                ;
; N/A                                     ; 94.49 MHz ( period = 10.583 ns )                    ; cash:inst8|lpm_counter0:inst39|lpm_counter:lpm_counter_component|cntr_sej:auto_generated|safe_q[0]              ; cash:inst8|lpm_dff0:inst24|lpm_ff:lpm_ff_component|dffs[3] ; clk        ; clk      ; None                        ; None                      ; 4.429 ns                ;
; N/A                                     ; 94.49 MHz ( period = 10.583 ns )                    ; cash:inst8|lpm_counter0:inst39|lpm_counter:lpm_counter_component|cntr_sej:auto_generated|safe_q[1]              ; cash:inst8|lpm_dff0:inst77|lpm_ff:lpm_ff_component|dffs[0] ; clk        ; clk      ; None                        ; None                      ; 4.423 ns                ;
; N/A                                     ; 94.50 MHz ( period = 10.582 ns )                    ; cash:inst8|lpm_counter0:inst39|lpm_counter:lpm_counter_component|cntr_sej:auto_generated|safe_q[1]              ; cash:inst8|lpm_dff0:inst74|lpm_ff:lpm_ff_component|dffs[0] ; clk        ; clk      ; None                        ; None                      ; 4.422 ns                ;
; N/A                                     ; 94.63 MHz ( period = 10.568 ns )                    ; cash:inst8|lpm_counter0:inst39|lpm_counter:lpm_counter_component|cntr_sej:auto_generated|safe_q[1]              ; cash:inst8|lpm_dff0:inst25|lpm_ff:lpm_ff_component|dffs[6] ; clk        ; clk      ; None                        ; None                      ; 4.418 ns                ;
; N/A                                     ; 94.63 MHz ( period = 10.567 ns )                    ; cash:inst8|lpm_counter0:inst39|lpm_counter:lpm_counter_component|cntr_sej:auto_generated|safe_q[2]              ; cash:inst8|lpm_dff0:inst21|lpm_ff:lpm_ff_component|dffs[6] ; clk        ; clk      ; None                        ; None                      ; 4.417 ns                ;
; N/A                                     ; 94.64 MHz ( period = 10.566 ns )                    ; cash:inst8|lpm_counter0:inst39|lpm_counter:lpm_counter_component|cntr_sej:auto_generated|safe_q[2]              ; cash:inst8|lpm_dff0:inst22|lpm_ff:lpm_ff_component|dffs[6] ; clk        ; clk      ; None                        ; None                      ; 4.416 ns                ;
; N/A                                     ; 94.69 MHz ( period = 10.561 ns )                    ; cash:inst8|lpm_counter0:inst39|lpm_counter:lpm_counter_component|cntr_sej:auto_generated|safe_q[0]              ; cash:inst8|lpm_dff0:inst73|lpm_ff:lpm_ff_component|dffs[4] ; clk        ; clk      ; None                        ; None                      ; 4.395 ns                ;
; N/A                                     ; 94.79 MHz ( period = 10.550 ns )                    ; cash:inst8|lpm_counter0:inst39|lpm_counter:lpm_counter_component|cntr_sej:auto_generated|safe_q[2]              ; cash:inst8|lpm_dff0:inst25|lpm_ff:lpm_ff_component|dffs[6] ; clk        ; clk      ; None                        ; None                      ; 4.400 ns                ;
; N/A                                     ; 94.94 MHz ( period = 10.533 ns )                    ; cash:inst8|lpm_counter0:inst39|lpm_counter:lpm_counter_component|cntr_sej:auto_generated|safe_q[1]              ; cash:inst8|lpm_dff0:inst73|lpm_ff:lpm_ff_component|dffs[4] ; clk        ; clk      ; None                        ; None                      ; 4.367 ns                ;
; N/A                                     ; 94.95 MHz ( period = 10.532 ns )                    ; cash:inst8|lpm_counter0:inst39|lpm_counter:lpm_counter_component|cntr_sej:auto_generated|safe_q[1]              ; cash:inst8|lpm_dff0:inst75|lpm_ff:lpm_ff_component|dffs[6] ; clk        ; clk      ; None                        ; None                      ; 4.377 ns                ;
; N/A                                     ; 94.99 MHz ( period = 10.527 ns )                    ; cash:inst8|lpm_counter0:inst39|lpm_counter:lpm_counter_component|cntr_sej:auto_generated|safe_q[1]              ; cash:inst8|lpm_dff0:inst77|lpm_ff:lpm_ff_component|dffs[6] ; clk        ; clk      ; None                        ; None                      ; 4.370 ns                ;
; N/A                                     ; 94.99 MHz ( period = 10.527 ns )                    ; cash:inst8|lpm_counter0:inst39|lpm_counter:lpm_counter_component|cntr_sej:auto_generated|safe_q[1]              ; cash:inst8|lpm_dff0:inst26|lpm_ff:lpm_ff_component|dffs[3] ; clk        ; clk      ; None                        ; None                      ; 4.370 ns                ;
; N/A                                     ; 95.00 MHz ( period = 10.526 ns )                    ; cash:inst8|lpm_counter0:inst39|lpm_counter:lpm_counter_component|cntr_sej:auto_generated|safe_q[1]              ; cash:inst8|lpm_dff0:inst74|lpm_ff:lpm_ff_component|dffs[6] ; clk        ; clk      ; None                        ; None                      ; 4.369 ns                ;
; N/A                                     ; 95.07 MHz ( period = 10.519 ns )                    ; cash:inst8|lpm_counter0:inst39|lpm_counter:lpm_counter_component|cntr_sej:auto_generated|safe_q[1]              ; cash:inst8|lpm_dff0:inst26|lpm_ff:lpm_ff_component|dffs[6] ; clk        ; clk      ; None                        ; None                      ; 4.362 ns                ;
; N/A                                     ; 95.08 MHz ( period = 10.517 ns )                    ; cash:inst8|lpm_counter0:inst39|lpm_counter:lpm_counter_component|cntr_sej:auto_generated|safe_q[1]              ; cash:inst8|lpm_dff0:inst24|lpm_ff:lpm_ff_component|dffs[0] ; clk        ; clk      ; None                        ; None                      ; 4.363 ns                ;
; N/A                                     ; 95.11 MHz ( period = 10.514 ns )                    ; cash:inst8|lpm_counter0:inst39|lpm_counter:lpm_counter_component|cntr_sej:auto_generated|safe_q[2]              ; cash:inst8|lpm_dff0:inst75|lpm_ff:lpm_ff_component|dffs[6] ; clk        ; clk      ; None                        ; None                      ; 4.359 ns                ;
; N/A                                     ; 95.16 MHz ( period = 10.509 ns )                    ; cash:inst8|lpm_counter0:inst39|lpm_counter:lpm_counter_component|cntr_sej:auto_generated|safe_q[2]              ; cash:inst8|lpm_dff0:inst77|lpm_ff:lpm_ff_component|dffs[6] ; clk        ; clk      ; None                        ; None                      ; 4.352 ns                ;
; N/A                                     ; 95.17 MHz ( period = 10.508 ns )                    ; cash:inst8|lpm_counter0:inst39|lpm_counter:lpm_counter_component|cntr_sej:auto_generated|safe_q[2]              ; cash:inst8|lpm_dff0:inst74|lpm_ff:lpm_ff_component|dffs[6] ; clk        ; clk      ; None                        ; None                      ; 4.351 ns                ;
; N/A                                     ; 95.17 MHz ( period = 10.507 ns )                    ; cash:inst8|lpm_counter0:inst39|lpm_counter:lpm_counter_component|cntr_sej:auto_generated|safe_q[0]              ; cash:inst8|lpm_dff0:inst78|lpm_ff:lpm_ff_component|dffs[4] ; clk        ; clk      ; None                        ; None                      ; 4.343 ns                ;
; N/A                                     ; 95.19 MHz ( period = 10.505 ns )                    ; cash:inst8|lpm_counter0:inst39|lpm_counter:lpm_counter_component|cntr_sej:auto_generated|safe_q[1]              ; cash:inst8|lpm_dff0:inst24|lpm_ff:lpm_ff_component|dffs[6] ; clk        ; clk      ; None                        ; None                      ; 4.351 ns                ;
; N/A                                     ; 95.23 MHz ( period = 10.501 ns )                    ; cash:inst8|lpm_counter0:inst39|lpm_counter:lpm_counter_component|cntr_sej:auto_generated|safe_q[2]              ; cash:inst8|lpm_dff0:inst26|lpm_ff:lpm_ff_component|dffs[6] ; clk        ; clk      ; None                        ; None                      ; 4.344 ns                ;
; N/A                                     ; 95.29 MHz ( period = 10.494 ns )                    ; cash:inst8|lpm_counter0:inst39|lpm_counter:lpm_counter_component|cntr_sej:auto_generated|safe_q[2]              ; cash:inst8|lpm_dff0:inst23|lpm_ff:lpm_ff_component|dffs[0] ; clk        ; clk      ; None                        ; None                      ; 4.345 ns                ;
; N/A                                     ; 95.33 MHz ( period = 10.490 ns )                    ; cash:inst8|lpm_counter0:inst39|lpm_counter:lpm_counter_component|cntr_sej:auto_generated|safe_q[1]              ; cash:inst8|lpm_dff0:inst26|lpm_ff:lpm_ff_component|dffs[5] ; clk        ; clk      ; None                        ; None                      ; 4.333 ns                ;
; N/A                                     ; 95.34 MHz ( period = 10.489 ns )                    ; cash:inst8|lpm_counter0:inst39|lpm_counter:lpm_counter_component|cntr_sej:auto_generated|safe_q[1]              ; cash:inst8|lpm_dff0:inst40|lpm_ff:lpm_ff_component|dffs[5] ; clk        ; clk      ; None                        ; None                      ; 4.336 ns                ;
; N/A                                     ; 95.36 MHz ( period = 10.487 ns )                    ; cash:inst8|lpm_counter0:inst39|lpm_counter:lpm_counter_component|cntr_sej:auto_generated|safe_q[2]              ; cash:inst8|lpm_dff0:inst24|lpm_ff:lpm_ff_component|dffs[6] ; clk        ; clk      ; None                        ; None                      ; 4.333 ns                ;
; N/A                                     ; 95.37 MHz ( period = 10.485 ns )                    ; cash:inst8|lpm_counter0:inst39|lpm_counter:lpm_counter_component|cntr_sej:auto_generated|safe_q[1]              ; cash:inst8|lpm_dff0:inst75|lpm_ff:lpm_ff_component|dffs[5] ; clk        ; clk      ; None                        ; None                      ; 4.328 ns                ;
; N/A                                     ; 95.38 MHz ( period = 10.484 ns )                    ; cash:inst8|lpm_counter0:inst39|lpm_counter:lpm_counter_component|cntr_sej:auto_generated|safe_q[2]              ; cash:inst8|lpm_dff0:inst21|lpm_ff:lpm_ff_component|dffs[0] ; clk        ; clk      ; None                        ; None                      ; 4.335 ns                ;
; N/A                                     ; 95.39 MHz ( period = 10.483 ns )                    ; cash:inst8|lpm_counter0:inst39|lpm_counter:lpm_counter_component|cntr_sej:auto_generated|safe_q[1]              ; cash:inst8|lpm_dff0:inst74|lpm_ff:lpm_ff_component|dffs[5] ; clk        ; clk      ; None                        ; None                      ; 4.326 ns                ;
; N/A                                     ; 95.42 MHz ( period = 10.480 ns )                    ; cash:inst8|lpm_counter0:inst39|lpm_counter:lpm_counter_component|cntr_sej:auto_generated|safe_q[2]              ; cash:inst8|lpm_dff0:inst25|lpm_ff:lpm_ff_component|dffs[0] ; clk        ; clk      ; None                        ; None                      ; 4.331 ns                ;
; N/A                                     ; 95.43 MHz ( period = 10.479 ns )                    ; cash:inst8|lpm_counter0:inst39|lpm_counter:lpm_counter_component|cntr_sej:auto_generated|safe_q[1]              ; cash:inst8|lpm_dff0:inst78|lpm_ff:lpm_ff_component|dffs[4] ; clk        ; clk      ; None                        ; None                      ; 4.315 ns                ;
; N/A                                     ; 95.43 MHz ( period = 10.479 ns )                    ; cash:inst8|lpm_counter0:inst39|lpm_counter:lpm_counter_component|cntr_sej:auto_generated|safe_q[1]              ; cash:inst8|lpm_dff0:inst21|lpm_ff:lpm_ff_component|dffs[5] ; clk        ; clk      ; None                        ; None                      ; 4.329 ns                ;
; N/A                                     ; 95.45 MHz ( period = 10.477 ns )                    ; cash:inst8|lpm_counter0:inst39|lpm_counter:lpm_counter_component|cntr_sej:auto_generated|safe_q[1]              ; cash:inst8|lpm_dff0:inst22|lpm_ff:lpm_ff_component|dffs[5] ; clk        ; clk      ; None                        ; None                      ; 4.327 ns                ;
; N/A                                     ; 95.47 MHz ( period = 10.475 ns )                    ; cash:inst8|lpm_counter0:inst39|lpm_counter:lpm_counter_component|cntr_sej:auto_generated|safe_q[0]              ; cash:inst8|lpm_dff0:inst40|lpm_ff:lpm_ff_component|dffs[6] ; clk        ; clk      ; None                        ; None                      ; 4.316 ns                ;
; N/A                                     ; 95.47 MHz ( period = 10.475 ns )                    ; cash:inst8|lpm_counter0:inst39|lpm_counter:lpm_counter_component|cntr_sej:auto_generated|safe_q[2]              ; cash:inst8|lpm_dff0:inst21|lpm_ff:lpm_ff_component|dffs[3] ; clk        ; clk      ; None                        ; None                      ; 4.325 ns                ;
; N/A                                     ; 95.47 MHz ( period = 10.474 ns )                    ; cash:inst8|lpm_counter0:inst39|lpm_counter:lpm_counter_component|cntr_sej:auto_generated|safe_q[1]              ; cash:inst8|lpm_dff0:inst20|lpm_ff:lpm_ff_component|dffs[0] ; clk        ; clk      ; None                        ; None                      ; 4.310 ns                ;
; N/A                                     ; 95.51 MHz ( period = 10.470 ns )                    ; cash:inst8|lpm_counter0:inst39|lpm_counter:lpm_counter_component|cntr_sej:auto_generated|safe_q[0]              ; cash:inst8|lpm_dff0:inst23|lpm_ff:lpm_ff_component|dffs[0] ; clk        ; clk      ; None                        ; None                      ; 4.321 ns                ;
; N/A                                     ; 95.55 MHz ( period = 10.466 ns )                    ; cash:inst8|lpm_counter0:inst39|lpm_counter:lpm_counter_component|cntr_sej:auto_generated|safe_q[0]              ; cash:inst8|lpm_dff0:inst77|lpm_ff:lpm_ff_component|dffs[4] ; clk        ; clk      ; None                        ; None                      ; 4.306 ns                ;
; N/A                                     ; 95.57 MHz ( period = 10.463 ns )                    ; cash:inst8|lpm_counter0:inst39|lpm_counter:lpm_counter_component|cntr_sej:auto_generated|safe_q[0]              ; cash:inst8|lpm_dff0:inst72|lpm_ff:lpm_ff_component|dffs[4] ; clk        ; clk      ; None                        ; None                      ; 4.303 ns                ;
; N/A                                     ; 95.60 MHz ( period = 10.460 ns )                    ; cash:inst8|lpm_counter0:inst39|lpm_counter:lpm_counter_component|cntr_sej:auto_generated|safe_q[2]              ; cash:inst8|lpm_dff0:inst78|lpm_ff:lpm_ff_component|dffs[5] ; clk        ; clk      ; None                        ; None                      ; 4.296 ns                ;
; N/A                                     ; 95.60 MHz ( period = 10.460 ns )                    ; cash:inst8|lpm_counter0:inst39|lpm_counter:lpm_counter_component|cntr_sej:auto_generated|safe_q[0]              ; cash:inst8|lpm_dff0:inst21|lpm_ff:lpm_ff_component|dffs[0] ; clk        ; clk      ; None                        ; None                      ; 4.311 ns                ;
; N/A                                     ; 95.62 MHz ( period = 10.458 ns )                    ; cash:inst8|lpm_counter0:inst39|lpm_counter:lpm_counter_component|cntr_sej:auto_generated|safe_q[1]              ; cash:inst8|lpm_dff0:inst24|lpm_ff:lpm_ff_component|dffs[5] ; clk        ; clk      ; None                        ; None                      ; 4.304 ns                ;
; N/A                                     ; 95.62 MHz ( period = 10.458 ns )                    ; cash:inst8|lpm_counter0:inst39|lpm_counter:lpm_counter_component|cntr_sej:auto_generated|safe_q[0]              ; cash:inst8|lpm_dff0:inst74|lpm_ff:lpm_ff_component|dffs[4] ; clk        ; clk      ; None                        ; None                      ; 4.298 ns                ;
; N/A                                     ; 95.64 MHz ( period = 10.456 ns )                    ; cash:inst8|lpm_counter0:inst39|lpm_counter:lpm_counter_component|cntr_sej:auto_generated|safe_q[0]              ; cash:inst8|lpm_dff0:inst25|lpm_ff:lpm_ff_component|dffs[0] ; clk        ; clk      ; None                        ; None                      ; 4.307 ns                ;
; N/A                                     ; 95.65 MHz ( period = 10.455 ns )                    ; cash:inst8|lpm_counter0:inst39|lpm_counter:lpm_counter_component|cntr_sej:auto_generated|safe_q[1]              ; cash:inst8|lpm_dff0:inst77|lpm_ff:lpm_ff_component|dffs[5] ; clk        ; clk      ; None                        ; None                      ; 4.295 ns                ;
; N/A                                     ; 95.66 MHz ( period = 10.454 ns )                    ; cash:inst8|lpm_counter0:inst39|lpm_counter:lpm_counter_component|cntr_sej:auto_generated|safe_q[2]              ; cash:inst8|lpm_dff0:inst24|lpm_ff:lpm_ff_component|dffs[3] ; clk        ; clk      ; None                        ; None                      ; 4.300 ns                ;
; N/A                                     ; 95.79 MHz ( period = 10.439 ns )                    ; cash:inst8|lpm_counter0:inst39|lpm_counter:lpm_counter_component|cntr_sej:auto_generated|safe_q[0]              ; cash:inst8|lpm_dff0:inst78|lpm_ff:lpm_ff_component|dffs[6] ; clk        ; clk      ; None                        ; None                      ; 4.275 ns                ;
; N/A                                     ; 95.80 MHz ( period = 10.438 ns )                    ; cash:inst8|lpm_counter0:inst39|lpm_counter:lpm_counter_component|cntr_sej:auto_generated|safe_q[1]              ; cash:inst8|lpm_dff0:inst77|lpm_ff:lpm_ff_component|dffs[4] ; clk        ; clk      ; None                        ; None                      ; 4.278 ns                ;
; N/A                                     ; 95.80 MHz ( period = 10.438 ns )                    ; cash:inst8|lpm_counter0:inst39|lpm_counter:lpm_counter_component|cntr_sej:auto_generated|safe_q[1]              ; cash:inst8|lpm_dff0:inst23|lpm_ff:lpm_ff_component|dffs[3] ; clk        ; clk      ; None                        ; None                      ; 4.270 ns                ;
; N/A                                     ; 95.83 MHz ( period = 10.435 ns )                    ; cash:inst8|lpm_counter0:inst39|lpm_counter:lpm_counter_component|cntr_sej:auto_generated|safe_q[1]              ; cash:inst8|lpm_dff0:inst72|lpm_ff:lpm_ff_component|dffs[4] ; clk        ; clk      ; None                        ; None                      ; 4.275 ns                ;
; N/A                                     ; 95.86 MHz ( period = 10.432 ns )                    ; cash:inst8|lpm_counter0:inst39|lpm_counter:lpm_counter_component|cntr_sej:auto_generated|safe_q[0]              ; cash:inst8|lpm_dff0:inst77|lpm_ff:lpm_ff_component|dffs[2] ; clk        ; clk      ; None                        ; None                      ; 4.272 ns                ;
; N/A                                     ; 95.88 MHz ( period = 10.430 ns )                    ; cash:inst8|lpm_counter0:inst39|lpm_counter:lpm_counter_component|cntr_sej:auto_generated|safe_q[0]              ; cash:inst8|lpm_dff0:inst24|lpm_ff:lpm_ff_component|dffs[4] ; clk        ; clk      ; None                        ; None                      ; 4.276 ns                ;
; N/A                                     ; 95.88 MHz ( period = 10.430 ns )                    ; cash:inst8|lpm_counter0:inst39|lpm_counter:lpm_counter_component|cntr_sej:auto_generated|safe_q[1]              ; cash:inst8|lpm_dff0:inst74|lpm_ff:lpm_ff_component|dffs[4] ; clk        ; clk      ; None                        ; None                      ; 4.270 ns                ;
; N/A                                     ; 95.90 MHz ( period = 10.428 ns )                    ; cash:inst8|lpm_counter0:inst39|lpm_counter:lpm_counter_component|cntr_sej:auto_generated|safe_q[0]              ; cash:inst8|lpm_dff0:inst73|lpm_ff:lpm_ff_component|dffs[3] ; clk        ; clk      ; None                        ; None                      ; 4.262 ns                ;
; N/A                                     ; 95.90 MHz ( period = 10.428 ns )                    ; cash:inst8|lpm_counter0:inst39|lpm_counter:lpm_counter_component|cntr_sej:auto_generated|safe_q[0]              ; cash:inst8|lpm_dff0:inst25|lpm_ff:lpm_ff_component|dffs[2] ; clk        ; clk      ; None                        ; None                      ; 4.279 ns                ;
; N/A                                     ; 95.90 MHz ( period = 10.427 ns )                    ; cash:inst8|lpm_counter0:inst39|lpm_counter:lpm_counter_component|cntr_sej:auto_generated|safe_q[0]              ; cash:inst8|lpm_dff0:inst72|lpm_ff:lpm_ff_component|dffs[2] ; clk        ; clk      ; None                        ; None                      ; 4.267 ns                ;
; N/A                                     ; 95.93 MHz ( period = 10.424 ns )                    ; cash:inst8|lpm_counter0:inst39|lpm_counter:lpm_counter_component|cntr_sej:auto_generated|safe_q[1]              ; cash:inst8|lpm_dff0:inst73|lpm_ff:lpm_ff_component|dffs[7] ; clk        ; clk      ; None                        ; None                      ; 4.258 ns                ;
; N/A                                     ; 95.94 MHz ( period = 10.423 ns )                    ; cash:inst8|lpm_counter0:inst39|lpm_counter:lpm_counter_component|cntr_sej:auto_generated|safe_q[0]              ; cash:inst8|lpm_dff0:inst25|lpm_ff:lpm_ff_component|dffs[3] ; clk        ; clk      ; None                        ; None                      ; 4.273 ns                ;
; N/A                                     ; 95.95 MHz ( period = 10.422 ns )                    ; cash:inst8|lpm_counter0:inst39|lpm_counter:lpm_counter_component|cntr_sej:auto_generated|safe_q[0]              ; cash:inst8|lpm_dff0:inst75|lpm_ff:lpm_ff_component|dffs[3] ; clk        ; clk      ; None                        ; None                      ; 4.267 ns                ;
; N/A                                     ; 95.97 MHz ( period = 10.420 ns )                    ; cash:inst8|lpm_counter0:inst39|lpm_counter:lpm_counter_component|cntr_sej:auto_generated|safe_q[0]              ; cash:inst8|lpm_dff0:inst21|lpm_ff:lpm_ff_component|dffs[2] ; clk        ; clk      ; None                        ; None                      ; 4.271 ns                ;
; N/A                                     ; 95.98 MHz ( period = 10.419 ns )                    ; cash:inst8|lpm_counter0:inst39|lpm_counter:lpm_counter_component|cntr_sej:auto_generated|safe_q[0]              ; cash:inst8|lpm_dff0:inst22|lpm_ff:lpm_ff_component|dffs[3] ; clk        ; clk      ; None                        ; None                      ; 4.269 ns                ;
; N/A                                     ; 95.99 MHz ( period = 10.418 ns )                    ; cash:inst8|lpm_counter0:inst39|lpm_counter:lpm_counter_component|cntr_sej:auto_generated|safe_q[0]              ; cash:inst8|lpm_dff0:inst78|lpm_ff:lpm_ff_component|dffs[5] ; clk        ; clk      ; None                        ; None                      ; 4.254 ns                ;
; N/A                                     ; 96.02 MHz ( period = 10.414 ns )                    ; cash:inst8|lpm_counter0:inst39|lpm_counter:lpm_counter_component|cntr_sej:auto_generated|safe_q[0]              ; cash:inst8|lpm_dff0:inst20|lpm_ff:lpm_ff_component|dffs[3] ; clk        ; clk      ; None                        ; None                      ; 4.250 ns                ;
; N/A                                     ; 96.04 MHz ( period = 10.412 ns )                    ; cash:inst8|lpm_counter0:inst39|lpm_counter:lpm_counter_component|cntr_sej:auto_generated|safe_q[2]              ; cash:inst8|lpm_dff0:inst26|lpm_ff:lpm_ff_component|dffs[7] ; clk        ; clk      ; None                        ; None                      ; 4.255 ns                ;
; N/A                                     ; 96.09 MHz ( period = 10.407 ns )                    ; cash:inst8|lpm_counter0:inst39|lpm_counter:lpm_counter_component|cntr_sej:auto_generated|safe_q[1]              ; cash:inst8|lpm_dff0:inst76|lpm_ff:lpm_ff_component|dffs[5] ; clk        ; clk      ; None                        ; None                      ; 4.245 ns                ;
; N/A                                     ; 96.09 MHz ( period = 10.407 ns )                    ; cash:inst8|lpm_counter0:inst39|lpm_counter:lpm_counter_component|cntr_sej:auto_generated|safe_q[2]              ; cash:inst8|lpm_dff0:inst74|lpm_ff:lpm_ff_component|dffs[7] ; clk        ; clk      ; None                        ; None                      ; 4.250 ns                ;
; N/A                                     ; 96.14 MHz ( period = 10.402 ns )                    ; cash:inst8|lpm_counter0:inst39|lpm_counter:lpm_counter_component|cntr_sej:auto_generated|safe_q[1]              ; cash:inst8|lpm_dff0:inst24|lpm_ff:lpm_ff_component|dffs[4] ; clk        ; clk      ; None                        ; None                      ; 4.248 ns                ;
; N/A                                     ; 96.14 MHz ( period = 10.402 ns )                    ; cash:inst8|lpm_counter0:inst39|lpm_counter:lpm_counter_component|cntr_sej:auto_generated|safe_q[2]              ; cash:inst8|lpm_dff0:inst24|lpm_ff:lpm_ff_component|dffs[7] ; clk        ; clk      ; None                        ; None                      ; 4.248 ns                ;
; N/A                                     ; 96.17 MHz ( period = 10.398 ns )                    ; cash:inst8|lpm_counter0:inst39|lpm_counter:lpm_counter_component|cntr_sej:auto_generated|safe_q[2]              ; cash:inst8|lpm_dff0:inst20|lpm_ff:lpm_ff_component|dffs[7] ; clk        ; clk      ; None                        ; None                      ; 4.244 ns                ;
; N/A                                     ; 96.18 MHz ( period = 10.397 ns )                    ; cash:inst8|lpm_counter0:inst39|lpm_counter:lpm_counter_component|cntr_sej:auto_generated|safe_q[1]              ; cash:inst8|lpm_dff0:inst22|lpm_ff:lpm_ff_component|dffs[0] ; clk        ; clk      ; None                        ; None                      ; 4.244 ns                ;
; N/A                                     ; 96.19 MHz ( period = 10.396 ns )                    ; cash:inst8|lpm_counter0:inst39|lpm_counter:lpm_counter_component|cntr_sej:auto_generated|safe_q[2]              ; cash:inst8|lpm_dff0:inst76|lpm_ff:lpm_ff_component|dffs[1] ; clk        ; clk      ; None                        ; None                      ; 4.234 ns                ;
; N/A                                     ; 96.19 MHz ( period = 10.396 ns )                    ; cash:inst8|lpm_counter0:inst39|lpm_counter:lpm_counter_component|cntr_sej:auto_generated|safe_q[2]              ; cash:inst8|lpm_dff0:inst24|lpm_ff:lpm_ff_component|dffs[1] ; clk        ; clk      ; None                        ; None                      ; 4.242 ns                ;
; N/A                                     ; 96.20 MHz ( period = 10.395 ns )                    ; cash:inst8|lpm_counter0:inst39|lpm_counter:lpm_counter_component|cntr_sej:auto_generated|safe_q[2]              ; cash:inst8|lpm_dff0:inst40|lpm_ff:lpm_ff_component|dffs[1] ; clk        ; clk      ; None                        ; None                      ; 4.233 ns                ;
; N/A                                     ; 96.22 MHz ( period = 10.393 ns )                    ; cash:inst8|lpm_counter0:inst39|lpm_counter:lpm_counter_component|cntr_sej:auto_generated|safe_q[2]              ; cash:inst8|lpm_dff0:inst78|lpm_ff:lpm_ff_component|dffs[1] ; clk        ; clk      ; None                        ; None                      ; 4.229 ns                ;
; N/A                                     ; 96.23 MHz ( period = 10.392 ns )                    ; cash:inst8|lpm_counter0:inst39|lpm_counter:lpm_counter_component|cntr_sej:auto_generated|safe_q[2]              ; cash:inst8|lpm_dff0:inst23|lpm_ff:lpm_ff_component|dffs[7] ; clk        ; clk      ; None                        ; None                      ; 4.243 ns                ;
; N/A                                     ; 96.23 MHz ( period = 10.392 ns )                    ; cash:inst8|lpm_counter0:inst39|lpm_counter:lpm_counter_component|cntr_sej:auto_generated|safe_q[2]              ; cash:inst8|lpm_dff0:inst22|lpm_ff:lpm_ff_component|dffs[1] ; clk        ; clk      ; None                        ; None                      ; 4.238 ns                ;
; N/A                                     ; 96.24 MHz ( period = 10.391 ns )                    ; cash:inst8|lpm_counter0:inst39|lpm_counter:lpm_counter_component|cntr_sej:auto_generated|safe_q[2]              ; cash:inst8|lpm_dff0:inst25|lpm_ff:lpm_ff_component|dffs[7] ; clk        ; clk      ; None                        ; None                      ; 4.242 ns                ;
; N/A                                     ; 96.26 MHz ( period = 10.389 ns )                    ; cash:inst8|lpm_counter0:inst39|lpm_counter:lpm_counter_component|cntr_sej:auto_generated|safe_q[2]              ; cash:inst8|lpm_dff0:inst20|lpm_ff:lpm_ff_component|dffs[1] ; clk        ; clk      ; None                        ; None                      ; 4.235 ns                ;
; N/A                                     ; 96.31 MHz ( period = 10.383 ns )                    ; cash:inst8|lpm_counter0:inst39|lpm_counter:lpm_counter_component|cntr_sej:auto_generated|safe_q[1]              ; cash:inst8|lpm_dff0:inst77|lpm_ff:lpm_ff_component|dffs[3] ; clk        ; clk      ; None                        ; None                      ; 4.223 ns                ;
; N/A                                     ; 96.32 MHz ( period = 10.382 ns )                    ; cash:inst8|lpm_counter0:inst39|lpm_counter:lpm_counter_component|cntr_sej:auto_generated|safe_q[2]              ; cash:inst8|lpm_dff0:inst75|lpm_ff:lpm_ff_component|dffs[7] ; clk        ; clk      ; None                        ; None                      ; 4.227 ns                ;
; N/A                                     ; 96.32 MHz ( period = 10.382 ns )                    ; cash:inst8|lpm_counter0:inst39|lpm_counter:lpm_counter_component|cntr_sej:auto_generated|safe_q[1]              ; cash:inst8|lpm_dff0:inst74|lpm_ff:lpm_ff_component|dffs[3] ; clk        ; clk      ; None                        ; None                      ; 4.222 ns                ;
; N/A                                     ; 96.39 MHz ( period = 10.375 ns )                    ; cash:inst8|lpm_counter0:inst39|lpm_counter:lpm_counter_component|cntr_sej:auto_generated|safe_q[1]              ; cash:inst8|lpm_dff0:inst72|lpm_ff:lpm_ff_component|dffs[3] ; clk        ; clk      ; None                        ; None                      ; 4.215 ns                ;
; N/A                                     ; 96.48 MHz ( period = 10.365 ns )                    ; cash:inst8|lpm_counter0:inst39|lpm_counter:lpm_counter_component|cntr_sej:auto_generated|safe_q[0]              ; cash:inst8|lpm_dff0:inst23|lpm_ff:lpm_ff_component|dffs[2] ; clk        ; clk      ; None                        ; None                      ; 4.216 ns                ;
; N/A                                     ; 96.50 MHz ( period = 10.363 ns )                    ; cash:inst8|lpm_counter0:inst39|lpm_counter:lpm_counter_component|cntr_sej:auto_generated|safe_q[2]              ; cash:inst8|lpm_dff0:inst26|lpm_ff:lpm_ff_component|dffs[1] ; clk        ; clk      ; None                        ; None                      ; 4.206 ns                ;
; N/A                                     ; 96.51 MHz ( period = 10.362 ns )                    ; cash:inst8|lpm_counter0:inst39|lpm_counter:lpm_counter_component|cntr_sej:auto_generated|safe_q[1]              ; cash:inst8|lpm_dff0:inst40|lpm_ff:lpm_ff_component|dffs[6] ; clk        ; clk      ; None                        ; None                      ; 4.203 ns                ;
; N/A                                     ; 96.52 MHz ( period = 10.361 ns )                    ; cash:inst8|lpm_counter0:inst39|lpm_counter:lpm_counter_component|cntr_sej:auto_generated|safe_q[0]              ; cash:inst8|lpm_dff0:inst76|lpm_ff:lpm_ff_component|dffs[1] ; clk        ; clk      ; None                        ; None                      ; 4.199 ns                ;
; N/A                                     ; 96.52 MHz ( period = 10.361 ns )                    ; cash:inst8|lpm_counter0:inst39|lpm_counter:lpm_counter_component|cntr_sej:auto_generated|safe_q[0]              ; cash:inst8|lpm_dff0:inst24|lpm_ff:lpm_ff_component|dffs[1] ; clk        ; clk      ; None                        ; None                      ; 4.207 ns                ;
; N/A                                     ; 96.53 MHz ( period = 10.360 ns )                    ; cash:inst8|lpm_counter0:inst39|lpm_counter:lpm_counter_component|cntr_sej:auto_generated|safe_q[0]              ; cash:inst8|lpm_dff0:inst40|lpm_ff:lpm_ff_component|dffs[1] ; clk        ; clk      ; None                        ; None                      ; 4.198 ns                ;
; N/A                                     ; 96.53 MHz ( period = 10.359 ns )                    ; cash:inst8|lpm_counter0:inst39|lpm_counter:lpm_counter_component|cntr_sej:auto_generated|safe_q[1]              ; cash:inst8|lpm_dff0:inst78|lpm_ff:lpm_ff_component|dffs[0] ; clk        ; clk      ; None                        ; None                      ; 4.195 ns                ;
; N/A                                     ; 96.54 MHz ( period = 10.358 ns )                    ; cash:inst8|lpm_counter0:inst39|lpm_counter:lpm_counter_component|cntr_sej:auto_generated|safe_q[0]              ; cash:inst8|lpm_dff0:inst78|lpm_ff:lpm_ff_component|dffs[1] ; clk        ; clk      ; None                        ; None                      ; 4.194 ns                ;
; N/A                                     ; 96.55 MHz ( period = 10.357 ns )                    ; cash:inst8|lpm_counter0:inst39|lpm_counter:lpm_counter_component|cntr_sej:auto_generated|safe_q[0]              ; cash:inst8|lpm_dff0:inst22|lpm_ff:lpm_ff_component|dffs[1] ; clk        ; clk      ; None                        ; None                      ; 4.203 ns                ;
; N/A                                     ; 96.58 MHz ( period = 10.354 ns )                    ; cash:inst8|lpm_counter0:inst39|lpm_counter:lpm_counter_component|cntr_sej:auto_generated|safe_q[0]              ; cash:inst8|lpm_dff0:inst20|lpm_ff:lpm_ff_component|dffs[1] ; clk        ; clk      ; None                        ; None                      ; 4.200 ns                ;
; N/A                                     ; 96.67 MHz ( period = 10.344 ns )                    ; cash:inst8|lpm_counter0:inst39|lpm_counter:lpm_counter_component|cntr_sej:auto_generated|safe_q[2]              ; cash:inst8|lpm_dff0:inst40|lpm_ff:lpm_ff_component|dffs[6] ; clk        ; clk      ; None                        ; None                      ; 4.185 ns                ;
; N/A                                     ; 96.82 MHz ( period = 10.328 ns )                    ; cash:inst8|lpm_counter0:inst39|lpm_counter:lpm_counter_component|cntr_sej:auto_generated|safe_q[0]              ; cash:inst8|lpm_dff0:inst26|lpm_ff:lpm_ff_component|dffs[1] ; clk        ; clk      ; None                        ; None                      ; 4.171 ns                ;
; N/A                                     ; 96.83 MHz ( period = 10.327 ns )                    ; cash:inst8|lpm_counter0:inst39|lpm_counter:lpm_counter_component|cntr_sej:auto_generated|safe_q[2]              ; cash:inst8|lpm_dff0:inst72|lpm_ff:lpm_ff_component|dffs[0] ; clk        ; clk      ; None                        ; None                      ; 4.167 ns                ;
; N/A                                     ; 96.84 MHz ( period = 10.326 ns )                    ; cash:inst8|lpm_counter0:inst39|lpm_counter:lpm_counter_component|cntr_sej:auto_generated|safe_q[1]              ; cash:inst8|lpm_dff0:inst78|lpm_ff:lpm_ff_component|dffs[6] ; clk        ; clk      ; None                        ; None                      ; 4.162 ns                ;
; N/A                                     ; 96.84 MHz ( period = 10.326 ns )                    ; cash:inst8|lpm_counter0:inst39|lpm_counter:lpm_counter_component|cntr_sej:auto_generated|safe_q[2]              ; cash:inst8|lpm_dff0:inst77|lpm_ff:lpm_ff_component|dffs[0] ; clk        ; clk      ; None                        ; None                      ; 4.166 ns                ;
; N/A                                     ; 96.85 MHz ( period = 10.325 ns )                    ; cash:inst8|lpm_counter0:inst39|lpm_counter:lpm_counter_component|cntr_sej:auto_generated|safe_q[2]              ; cash:inst8|lpm_dff0:inst74|lpm_ff:lpm_ff_component|dffs[0] ; clk        ; clk      ; None                        ; None                      ; 4.165 ns                ;
; N/A                                     ; 96.95 MHz ( period = 10.315 ns )                    ; cash:inst8|lpm_counter0:inst39|lpm_counter:lpm_counter_component|cntr_sej:auto_generated|safe_q[1]              ; cash:inst8|lpm_dff0:inst26|lpm_ff:lpm_ff_component|dffs[0] ; clk        ; clk      ; None                        ; None                      ; 4.158 ns                ;
; N/A                                     ; 96.96 MHz ( period = 10.314 ns )                    ; cash:inst8|lpm_counter0:inst39|lpm_counter:lpm_counter_component|cntr_sej:auto_generated|safe_q[1]              ; cash:inst8|lpm_dff0:inst76|lpm_ff:lpm_ff_component|dffs[0] ; clk        ; clk      ; None                        ; None                      ; 4.155 ns                ;
; N/A                                     ; 96.97 MHz ( period = 10.312 ns )                    ; cash:inst8|lpm_counter0:inst39|lpm_counter:lpm_counter_component|cntr_sej:auto_generated|safe_q[0]              ; cash:inst8|lpm_dff0:inst73|lpm_ff:lpm_ff_component|dffs[7] ; clk        ; clk      ; None                        ; None                      ; 4.146 ns                ;
; N/A                                     ; 96.97 MHz ( period = 10.312 ns )                    ; cash:inst8|lpm_counter0:inst39|lpm_counter:lpm_counter_component|cntr_sej:auto_generated|safe_q[1]              ; cash:inst8|lpm_dff0:inst40|lpm_ff:lpm_ff_component|dffs[0] ; clk        ; clk      ; None                        ; None                      ; 4.153 ns                ;
; N/A                                     ; 96.97 MHz ( period = 10.312 ns )                    ; cash:inst8|lpm_counter0:inst39|lpm_counter:lpm_counter_component|cntr_sej:auto_generated|safe_q[1]              ; cash:inst8|lpm_dff0:inst77|lpm_ff:lpm_ff_component|dffs[2] ; clk        ; clk      ; None                        ; None                      ; 4.152 ns                ;
; N/A                                     ; 97.01 MHz ( period = 10.308 ns )                    ; cash:inst8|lpm_counter0:inst39|lpm_counter:lpm_counter_component|cntr_sej:auto_generated|safe_q[2]              ; cash:inst8|lpm_dff0:inst78|lpm_ff:lpm_ff_component|dffs[6] ; clk        ; clk      ; None                        ; None                      ; 4.144 ns                ;
; N/A                                     ; 97.01 MHz ( period = 10.308 ns )                    ; cash:inst8|lpm_counter0:inst39|lpm_counter:lpm_counter_component|cntr_sej:auto_generated|safe_q[1]              ; cash:inst8|lpm_dff0:inst25|lpm_ff:lpm_ff_component|dffs[2] ; clk        ; clk      ; None                        ; None                      ; 4.159 ns                ;
; N/A                                     ; 97.02 MHz ( period = 10.307 ns )                    ; cash:inst8|lpm_counter0:inst39|lpm_counter:lpm_counter_component|cntr_sej:auto_generated|safe_q[1]              ; cash:inst8|lpm_dff0:inst72|lpm_ff:lpm_ff_component|dffs[2] ; clk        ; clk      ; None                        ; None                      ; 4.147 ns                ;
; N/A                                     ; 97.06 MHz ( period = 10.303 ns )                    ; cash:inst8|lpm_counter0:inst39|lpm_counter:lpm_counter_component|cntr_sej:auto_generated|safe_q[0]              ; cash:inst8|lpm_dff0:inst72|lpm_ff:lpm_ff_component|dffs[0] ; clk        ; clk      ; None                        ; None                      ; 4.143 ns                ;
; N/A                                     ; 97.07 MHz ( period = 10.302 ns )                    ; cash:inst8|lpm_counter0:inst39|lpm_counter:lpm_counter_component|cntr_sej:auto_generated|safe_q[0]              ; cash:inst8|lpm_dff0:inst26|lpm_ff:lpm_ff_component|dffs[3] ; clk        ; clk      ; None                        ; None                      ; 4.145 ns                ;
; N/A                                     ; 97.07 MHz ( period = 10.302 ns )                    ; cash:inst8|lpm_counter0:inst39|lpm_counter:lpm_counter_component|cntr_sej:auto_generated|safe_q[0]              ; cash:inst8|lpm_dff0:inst77|lpm_ff:lpm_ff_component|dffs[0] ; clk        ; clk      ; None                        ; None                      ; 4.142 ns                ;
; N/A                                     ; 97.08 MHz ( period = 10.301 ns )                    ; cash:inst8|lpm_counter0:inst39|lpm_counter:lpm_counter_component|cntr_sej:auto_generated|safe_q[2]              ; cash:inst8|lpm_dff0:inst20|lpm_ff:lpm_ff_component|dffs[5] ; clk        ; clk      ; None                        ; None                      ; 4.137 ns                ;
; N/A                                     ; 97.08 MHz ( period = 10.301 ns )                    ; cash:inst8|lpm_counter0:inst39|lpm_counter:lpm_counter_component|cntr_sej:auto_generated|safe_q[0]              ; cash:inst8|lpm_dff0:inst74|lpm_ff:lpm_ff_component|dffs[0] ; clk        ; clk      ; None                        ; None                      ; 4.141 ns                ;
; N/A                                     ; 97.09 MHz ( period = 10.300 ns )                    ; cash:inst8|lpm_counter0:inst39|lpm_counter:lpm_counter_component|cntr_sej:auto_generated|safe_q[1]              ; cash:inst8|lpm_dff0:inst21|lpm_ff:lpm_ff_component|dffs[2] ; clk        ; clk      ; None                        ; None                      ; 4.151 ns                ;
; N/A                                     ; 97.10 MHz ( period = 10.299 ns )                    ; cash:inst8|lpm_counter0:inst39|lpm_counter:lpm_counter_component|cntr_sej:auto_generated|safe_q[2]              ; cash:inst8|lpm_dff0:inst73|lpm_ff:lpm_ff_component|dffs[3] ; clk        ; clk      ; None                        ; None                      ; 4.133 ns                ;
; N/A                                     ; 97.14 MHz ( period = 10.294 ns )                    ; cash:inst8|lpm_counter0:inst39|lpm_counter:lpm_counter_component|cntr_sej:auto_generated|safe_q[2]              ; cash:inst8|lpm_dff0:inst25|lpm_ff:lpm_ff_component|dffs[3] ; clk        ; clk      ; None                        ; None                      ; 4.144 ns                ;
; N/A                                     ; 97.15 MHz ( period = 10.293 ns )                    ; cash:inst8|lpm_counter0:inst39|lpm_counter:lpm_counter_component|cntr_sej:auto_generated|safe_q[2]              ; cash:inst8|lpm_dff0:inst75|lpm_ff:lpm_ff_component|dffs[3] ; clk        ; clk      ; None                        ; None                      ; 4.138 ns                ;
; N/A                                     ; 97.18 MHz ( period = 10.290 ns )                    ; cash:inst8|lpm_counter0:inst39|lpm_counter:lpm_counter_component|cntr_sej:auto_generated|safe_q[2]              ; cash:inst8|lpm_dff0:inst22|lpm_ff:lpm_ff_component|dffs[3] ; clk        ; clk      ; None                        ; None                      ; 4.140 ns                ;
; N/A                                     ; 97.23 MHz ( period = 10.285 ns )                    ; cash:inst8|lpm_counter0:inst39|lpm_counter:lpm_counter_component|cntr_sej:auto_generated|safe_q[2]              ; cash:inst8|lpm_dff0:inst20|lpm_ff:lpm_ff_component|dffs[3] ; clk        ; clk      ; None                        ; None                      ; 4.121 ns                ;
; N/A                                     ; 97.26 MHz ( period = 10.282 ns )                    ; cash:inst8|lpm_counter0:inst39|lpm_counter:lpm_counter_component|cntr_sej:auto_generated|safe_q[2]              ; cash:inst8|lpm_dff0:inst73|lpm_ff:lpm_ff_component|dffs[4] ; clk        ; clk      ; None                        ; None                      ; 4.116 ns                ;
; N/A                                     ; 97.40 MHz ( period = 10.267 ns )                    ; cash:inst8|lpm_counter0:inst39|lpm_counter:lpm_counter_component|cntr_sej:auto_generated|safe_q[0]              ; cash:inst8|lpm_dff0:inst20|lpm_ff:lpm_ff_component|dffs[2] ; clk        ; clk      ; None                        ; None                      ; 4.103 ns                ;
; N/A                                     ; 97.47 MHz ( period = 10.260 ns )                    ; cash:inst8|lpm_counter0:inst39|lpm_counter:lpm_counter_component|cntr_sej:auto_generated|safe_q[2]              ; cash:inst8|lpm_dff0:inst24|lpm_ff:lpm_ff_component|dffs[0] ; clk        ; clk      ; None                        ; None                      ; 4.106 ns                ;
; N/A                                     ; 97.48 MHz ( period = 10.259 ns )                    ; cash:inst8|lpm_counter0:inst39|lpm_counter:lpm_counter_component|cntr_sej:auto_generated|safe_q[0]              ; cash:inst8|lpm_dff0:inst20|lpm_ff:lpm_ff_component|dffs[5] ; clk        ; clk      ; None                        ; None                      ; 4.095 ns                ;
; N/A                                     ; 97.54 MHz ( period = 10.252 ns )                    ; cash:inst8|lpm_counter0:inst39|lpm_counter:lpm_counter_component|cntr_sej:auto_generated|safe_q[0]              ; cash:inst8|lpm_dff0:inst23|lpm_ff:lpm_ff_component|dffs[6] ; clk        ; clk      ; None                        ; None                      ; 4.084 ns                ;
; N/A                                     ; 97.61 MHz ( period = 10.245 ns )                    ; cash:inst8|lpm_counter0:inst39|lpm_counter:lpm_counter_component|cntr_sej:auto_generated|safe_q[1]              ; cash:inst8|lpm_dff0:inst23|lpm_ff:lpm_ff_component|dffs[2] ; clk        ; clk      ; None                        ; None                      ; 4.096 ns                ;
; N/A                                     ; 97.69 MHz ( period = 10.236 ns )                    ; cash:inst8|lpm_counter0:inst39|lpm_counter:lpm_counter_component|cntr_sej:auto_generated|safe_q[0]              ; cash:inst8|lpm_dff0:inst20|lpm_ff:lpm_ff_component|dffs[6] ; clk        ; clk      ; None                        ; None                      ; 4.072 ns                ;
; N/A                                     ; 97.69 MHz ( period = 10.236 ns )                    ; cash:inst8|lpm_counter0:inst39|lpm_counter:lpm_counter_component|cntr_sej:auto_generated|safe_q[0]              ; cash:inst8|lpm_dff0:inst24|lpm_ff:lpm_ff_component|dffs[0] ; clk        ; clk      ; None                        ; None                      ; 4.082 ns                ;
; N/A                                     ; 97.73 MHz ( period = 10.232 ns )                    ; cash:inst8|lpm_counter0:inst39|lpm_counter:lpm_counter_component|cntr_sej:auto_generated|safe_q[1]              ; cash:inst8|lpm_dff0:inst26|lpm_ff:lpm_ff_component|dffs[7] ; clk        ; clk      ; None                        ; None                      ; 4.075 ns                ;
; N/A                                     ; 97.77 MHz ( period = 10.228 ns )                    ; cash:inst8|lpm_counter0:inst39|lpm_counter:lpm_counter_component|cntr_sej:auto_generated|safe_q[2]              ; cash:inst8|lpm_dff0:inst78|lpm_ff:lpm_ff_component|dffs[4] ; clk        ; clk      ; None                        ; None                      ; 4.064 ns                ;
; N/A                                     ; 97.78 MHz ( period = 10.227 ns )                    ; cash:inst8|lpm_counter0:inst39|lpm_counter:lpm_counter_component|cntr_sej:auto_generated|safe_q[1]              ; cash:inst8|lpm_dff0:inst74|lpm_ff:lpm_ff_component|dffs[7] ; clk        ; clk      ; None                        ; None                      ; 4.070 ns                ;
; N/A                                     ; 97.83 MHz ( period = 10.222 ns )                    ; cash:inst8|lpm_counter0:inst39|lpm_counter:lpm_counter_component|cntr_sej:auto_generated|safe_q[1]              ; cash:inst8|lpm_dff0:inst24|lpm_ff:lpm_ff_component|dffs[7] ; clk        ; clk      ; None                        ; None                      ; 4.068 ns                ;
; N/A                                     ; 97.87 MHz ( period = 10.218 ns )                    ; cash:inst8|lpm_counter0:inst39|lpm_counter:lpm_counter_component|cntr_sej:auto_generated|safe_q[1]              ; cash:inst8|lpm_dff0:inst20|lpm_ff:lpm_ff_component|dffs[7] ; clk        ; clk      ; None                        ; None                      ; 4.064 ns                ;
; N/A                                     ; 97.87 MHz ( period = 10.218 ns )                    ; cash:inst8|lpm_counter0:inst39|lpm_counter:lpm_counter_component|cntr_sej:auto_generated|safe_q[0]              ; cash:inst8|lpm_dff0:inst78|lpm_ff:lpm_ff_component|dffs[2] ; clk        ; clk      ; None                        ; None                      ; 4.054 ns                ;
; N/A                                     ; 97.88 MHz ( period = 10.217 ns )                    ; cash:inst8|lpm_counter0:inst39|lpm_counter:lpm_counter_component|cntr_sej:auto_generated|safe_q[2]              ; cash:inst8|lpm_dff0:inst20|lpm_ff:lpm_ff_component|dffs[0] ; clk        ; clk      ; None                        ; None                      ; 4.053 ns                ;
; N/A                                     ; 97.89 MHz ( period = 10.216 ns )                    ; cash:inst8|lpm_counter0:inst39|lpm_counter:lpm_counter_component|cntr_sej:auto_generated|safe_q[2]              ; cash:inst8|lpm_dff0:inst77|lpm_ff:lpm_ff_component|dffs[1] ; clk        ; clk      ; None                        ; None                      ; 4.056 ns                ;
; N/A                                     ; 97.91 MHz ( period = 10.213 ns )                    ; cash:inst8|lpm_counter0:inst39|lpm_counter:lpm_counter_component|cntr_sej:auto_generated|safe_q[0]              ; cash:inst8|lpm_dff0:inst23|lpm_ff:lpm_ff_component|dffs[3] ; clk        ; clk      ; None                        ; None                      ; 4.045 ns                ;
; N/A                                     ; 97.92 MHz ( period = 10.212 ns )                    ; cash:inst8|lpm_counter0:inst39|lpm_counter:lpm_counter_component|cntr_sej:auto_generated|safe_q[1]              ; cash:inst8|lpm_dff0:inst23|lpm_ff:lpm_ff_component|dffs[7] ; clk        ; clk      ; None                        ; None                      ; 4.063 ns                ;
; N/A                                     ; 97.92 MHz ( period = 10.212 ns )                    ; cash:inst8|lpm_counter0:inst39|lpm_counter:lpm_counter_component|cntr_sej:auto_generated|safe_q[2]              ; cash:inst8|lpm_dff0:inst72|lpm_ff:lpm_ff_component|dffs[1] ; clk        ; clk      ; None                        ; None                      ; 4.052 ns                ;
; N/A                                     ; 97.93 MHz ( period = 10.211 ns )                    ; cash:inst8|lpm_counter0:inst39|lpm_counter:lpm_counter_component|cntr_sej:auto_generated|safe_q[1]              ; cash:inst8|lpm_dff0:inst25|lpm_ff:lpm_ff_component|dffs[7] ; clk        ; clk      ; None                        ; None                      ; 4.062 ns                ;
; N/A                                     ; 97.95 MHz ( period = 10.209 ns )                    ; cash:inst8|lpm_counter0:inst39|lpm_counter:lpm_counter_component|cntr_sej:auto_generated|safe_q[2]              ; cash:inst8|lpm_dff0:inst74|lpm_ff:lpm_ff_component|dffs[1] ; clk        ; clk      ; None                        ; None                      ; 4.049 ns                ;
; N/A                                     ; 97.96 MHz ( period = 10.208 ns )                    ; cash:inst8|lpm_counter0:inst39|lpm_counter:lpm_counter_component|cntr_sej:auto_generated|safe_q[1]              ; cash:inst8|lpm_dff0:inst78|lpm_ff:lpm_ff_component|dffs[5] ; clk        ; clk      ; None                        ; None                      ; 4.044 ns                ;
; N/A                                     ; 97.96 MHz ( period = 10.208 ns )                    ; cash:inst8|lpm_counter0:inst39|lpm_counter:lpm_counter_component|cntr_sej:auto_generated|safe_q[2]              ; cash:inst8|lpm_dff0:inst21|lpm_ff:lpm_ff_component|dffs[7] ; clk        ; clk      ; None                        ; None                      ; 4.044 ns                ;
; N/A                                     ; 97.97 MHz ( period = 10.207 ns )                    ; cash:inst8|lpm_counter0:inst39|lpm_counter:lpm_counter_component|cntr_sej:auto_generated|safe_q[2]              ; cash:inst8|lpm_dff0:inst23|lpm_ff:lpm_ff_component|dffs[5] ; clk        ; clk      ; None                        ; None                      ; 4.039 ns                ;
; N/A                                     ; 97.98 MHz ( period = 10.206 ns )                    ; cash:inst8|lpm_counter0:inst39|lpm_counter:lpm_counter_component|cntr_sej:auto_generated|safe_q[2]              ; cash:inst8|lpm_dff0:inst22|lpm_ff:lpm_ff_component|dffs[7] ; clk        ; clk      ; None                        ; None                      ; 4.052 ns                ;
; N/A                                     ; 98.02 MHz ( period = 10.202 ns )                    ; cash:inst8|lpm_counter0:inst39|lpm_counter:lpm_counter_component|cntr_sej:auto_generated|safe_q[2]              ; cash:inst8|lpm_dff0:inst76|lpm_ff:lpm_ff_component|dffs[7] ; clk        ; clk      ; None                        ; None                      ; 4.040 ns                ;
; N/A                                     ; 98.02 MHz ( period = 10.202 ns )                    ; cash:inst8|lpm_counter0:inst39|lpm_counter:lpm_counter_component|cntr_sej:auto_generated|safe_q[1]              ; cash:inst8|lpm_dff0:inst75|lpm_ff:lpm_ff_component|dffs[7] ; clk        ; clk      ; None                        ; None                      ; 4.047 ns                ;
; N/A                                     ; 98.06 MHz ( period = 10.198 ns )                    ; cash:inst8|lpm_counter0:inst39|lpm_counter:lpm_counter_component|cntr_sej:auto_generated|safe_q[2]              ; cash:inst8|lpm_dff0:inst78|lpm_ff:lpm_ff_component|dffs[7] ; clk        ; clk      ; None                        ; None                      ; 4.034 ns                ;
; N/A                                     ; 98.09 MHz ( period = 10.195 ns )                    ; cash:inst8|lpm_counter0:inst39|lpm_counter:lpm_counter_component|cntr_sej:auto_generated|safe_q[0]              ; cash:inst8|lpm_dff0:inst20|lpm_ff:lpm_ff_component|dffs[4] ; clk        ; clk      ; None                        ; None                      ; 4.031 ns                ;
; N/A                                     ; 98.11 MHz ( period = 10.193 ns )                    ; cash:inst8|lpm_counter0:inst39|lpm_counter:lpm_counter_component|cntr_sej:auto_generated|safe_q[0]              ; cash:inst8|lpm_dff0:inst20|lpm_ff:lpm_ff_component|dffs[0] ; clk        ; clk      ; None                        ; None                      ; 4.029 ns                ;
; N/A                                     ; 98.16 MHz ( period = 10.187 ns )                    ; cash:inst8|lpm_counter0:inst39|lpm_counter:lpm_counter_component|cntr_sej:auto_generated|safe_q[2]              ; cash:inst8|lpm_dff0:inst77|lpm_ff:lpm_ff_component|dffs[4] ; clk        ; clk      ; None                        ; None                      ; 4.027 ns                ;
; N/A                                     ; 98.19 MHz ( period = 10.184 ns )                    ; cash:inst8|lpm_counter0:inst39|lpm_counter:lpm_counter_component|cntr_sej:auto_generated|safe_q[2]              ; cash:inst8|lpm_dff0:inst72|lpm_ff:lpm_ff_component|dffs[4] ; clk        ; clk      ; None                        ; None                      ; 4.024 ns                ;
; N/A                                     ; 98.22 MHz ( period = 10.181 ns )                    ; lpm_ram_dq0:inst|altsyncram:altsyncram_component|altsyncram_56f1:auto_generated|ram_block1a4~porta_address_reg5 ; cash:inst8|lpm_dff0:inst76|lpm_ff:lpm_ff_component|dffs[6] ; clk        ; clk      ; None                        ; None                      ; 4.854 ns                ;
; N/A                                     ; 98.22 MHz ( period = 10.181 ns )                    ; lpm_ram_dq0:inst|altsyncram:altsyncram_component|altsyncram_56f1:auto_generated|ram_block1a4~porta_address_reg6 ; cash:inst8|lpm_dff0:inst76|lpm_ff:lpm_ff_component|dffs[6] ; clk        ; clk      ; None                        ; None                      ; 4.854 ns                ;
; N/A                                     ; 98.22 MHz ( period = 10.181 ns )                    ; lpm_ram_dq0:inst|altsyncram:altsyncram_component|altsyncram_56f1:auto_generated|ram_block1a4~porta_address_reg7 ; cash:inst8|lpm_dff0:inst76|lpm_ff:lpm_ff_component|dffs[6] ; clk        ; clk      ; None                        ; None                      ; 4.854 ns                ;
; N/A                                     ; 98.22 MHz ( period = 10.181 ns )                    ; lpm_ram_dq0:inst|altsyncram:altsyncram_component|altsyncram_56f1:auto_generated|ram_block1a4~porta_address_reg8 ; cash:inst8|lpm_dff0:inst76|lpm_ff:lpm_ff_component|dffs[6] ; clk        ; clk      ; None                        ; None                      ; 4.854 ns                ;
; N/A                                     ; 98.22 MHz ( period = 10.181 ns )                    ; lpm_ram_dq0:inst|altsyncram:altsyncram_component|altsyncram_56f1:auto_generated|ram_block1a4~porta_address_reg9 ; cash:inst8|lpm_dff0:inst76|lpm_ff:lpm_ff_component|dffs[6] ; clk        ; clk      ; None                        ; None                      ; 4.854 ns                ;
; Timing analysis restricted to 200 rows. ; To change the limit use Settings (Assignments menu) ;                                                                                                                 ;                                                            ;            ;          ;                             ;                           ;                         ;
+-----------------------------------------+-----------------------------------------------------+-----------------------------------------------------------------------------------------------------------------+------------------------------------------------------------+------------+----------+-----------------------------+---------------------------+-------------------------+


+---------------------------------------------------------------------------------------------------------------------------------------------------------------------------------------------------------------------------------------------------------------------------------------------------------------------------------------------------------------------------------------------------------+
; Clock Setup: 'address[6]'                                                                                                                                                                                                                                                                                                                                                                               ;
+-------+------------------------------------------------+----------------------------------------------------------------------------------------------------------------+-----------------------------------------------------------------------------------------------------------------+------------+------------+-----------------------------+---------------------------+-------------------------+
; Slack ; Actual fmax (period)                           ; From                                                                                                           ; To                                                                                                              ; From Clock ; To Clock   ; Required Setup Relationship ; Required Longest P2P Time ; Actual Longest P2P Time ;
+-------+------------------------------------------------+----------------------------------------------------------------------------------------------------------------+-----------------------------------------------------------------------------------------------------------------+------------+------------+-----------------------------+---------------------------+-------------------------+
; N/A   ; 175.72 MHz ( period = 5.691 ns )               ; cash:inst8|lpm_counter0:inst39|lpm_counter:lpm_counter_component|cntr_sej:auto_generated|safe_q[2]             ; lpm_ram_dq0:inst|altsyncram:altsyncram_component|altsyncram_56f1:auto_generated|ram_block1a4~porta_datain_reg1  ; address[6] ; address[6] ; None                        ; None                      ; 4.368 ns                ;
; N/A   ; 180.64 MHz ( period = 5.536 ns )               ; cash:inst8|lpm_counter0:inst39|lpm_counter:lpm_counter_component|cntr_sej:auto_generated|safe_q[1]             ; lpm_ram_dq0:inst|altsyncram:altsyncram_component|altsyncram_56f1:auto_generated|ram_block1a0~porta_datain_reg3  ; address[6] ; address[6] ; None                        ; None                      ; 4.217 ns                ;
; N/A   ; 183.35 MHz ( period = 5.454 ns )               ; cash:inst8|lpm_counter0:inst39|lpm_counter:lpm_counter_component|cntr_sej:auto_generated|safe_q[0]             ; lpm_ram_dq0:inst|altsyncram:altsyncram_component|altsyncram_56f1:auto_generated|ram_block1a4~porta_datain_reg1  ; address[6] ; address[6] ; None                        ; None                      ; 4.131 ns                ;
; N/A   ; 183.79 MHz ( period = 5.441 ns )               ; cash:inst8|lpm_counter0:inst39|lpm_counter:lpm_counter_component|cntr_sej:auto_generated|safe_q[2]             ; lpm_ram_dq0:inst|altsyncram:altsyncram_component|altsyncram_56f1:auto_generated|ram_block1a4~porta_datain_reg2  ; address[6] ; address[6] ; None                        ; None                      ; 4.118 ns                ;
; N/A   ; 183.96 MHz ( period = 5.436 ns )               ; cash:inst8|lpm_counter0:inst39|lpm_counter:lpm_counter_component|cntr_sej:auto_generated|safe_q[1]             ; lpm_ram_dq0:inst|altsyncram:altsyncram_component|altsyncram_56f1:auto_generated|ram_block1a4~porta_datain_reg1  ; address[6] ; address[6] ; None                        ; None                      ; 4.113 ns                ;
; N/A   ; 186.29 MHz ( period = 5.368 ns )               ; cash:inst8|lpm_counter0:inst39|lpm_counter:lpm_counter_component|cntr_sej:auto_generated|safe_q[0]             ; lpm_ram_dq0:inst|altsyncram:altsyncram_component|altsyncram_56f1:auto_generated|ram_block1a4~porta_datain_reg2  ; address[6] ; address[6] ; None                        ; None                      ; 4.045 ns                ;
; N/A   ; 188.01 MHz ( period = 5.319 ns )               ; cash:inst8|lpm_counter0:inst39|lpm_counter:lpm_counter_component|cntr_sej:auto_generated|safe_q[2]             ; lpm_ram_dq0:inst|altsyncram:altsyncram_component|altsyncram_56f1:auto_generated|ram_block1a0~porta_datain_reg1  ; address[6] ; address[6] ; None                        ; None                      ; 4.000 ns                ;
; N/A   ; 188.22 MHz ( period = 5.313 ns )               ; cash:inst8|lpm_counter0:inst39|lpm_counter:lpm_counter_component|cntr_sej:auto_generated|safe_q[1]             ; lpm_ram_dq0:inst|altsyncram:altsyncram_component|altsyncram_56f1:auto_generated|ram_block1a4~porta_datain_reg0  ; address[6] ; address[6] ; None                        ; None                      ; 3.990 ns                ;
; N/A   ; 188.29 MHz ( period = 5.311 ns )               ; cash:inst8|lpm_counter0:inst39|lpm_counter:lpm_counter_component|cntr_sej:auto_generated|safe_q[0]             ; lpm_ram_dq0:inst|altsyncram:altsyncram_component|altsyncram_56f1:auto_generated|ram_block1a0~porta_datain_reg3  ; address[6] ; address[6] ; None                        ; None                      ; 3.992 ns                ;
; N/A   ; 189.00 MHz ( period = 5.291 ns )               ; cash:inst8|lpm_counter0:inst39|lpm_counter:lpm_counter_component|cntr_sej:auto_generated|safe_q[0]             ; lpm_ram_dq0:inst|altsyncram:altsyncram_component|altsyncram_56f1:auto_generated|ram_block1a0~porta_datain_reg1  ; address[6] ; address[6] ; None                        ; None                      ; 3.972 ns                ;
; N/A   ; 190.29 MHz ( period = 5.255 ns )               ; cash:inst8|lpm_counter0:inst39|lpm_counter:lpm_counter_component|cntr_sej:auto_generated|safe_q[1]             ; lpm_ram_dq0:inst|altsyncram:altsyncram_component|altsyncram_56f1:auto_generated|ram_block1a4~porta_datain_reg2  ; address[6] ; address[6] ; None                        ; None                      ; 3.932 ns                ;
; N/A   ; 190.37 MHz ( period = 5.253 ns )               ; cash:inst8|lpm_counter0:inst39|lpm_counter:lpm_counter_component|cntr_sej:auto_generated|safe_q[2]             ; lpm_ram_dq0:inst|altsyncram:altsyncram_component|altsyncram_56f1:auto_generated|ram_block1a4~porta_datain_reg3  ; address[6] ; address[6] ; None                        ; None                      ; 3.930 ns                ;
; N/A   ; 191.28 MHz ( period = 5.228 ns )               ; cash:inst8|lpm_counter0:inst39|lpm_counter:lpm_counter_component|cntr_sej:auto_generated|safe_q[1]             ; lpm_ram_dq0:inst|altsyncram:altsyncram_component|altsyncram_56f1:auto_generated|ram_block1a0~porta_datain_reg0  ; address[6] ; address[6] ; None                        ; None                      ; 3.909 ns                ;
; N/A   ; 192.57 MHz ( period = 5.193 ns )               ; cash:inst8|lpm_counter0:inst39|lpm_counter:lpm_counter_component|cntr_sej:auto_generated|safe_q[0]             ; lpm_ram_dq0:inst|altsyncram:altsyncram_component|altsyncram_56f1:auto_generated|ram_block1a4~porta_datain_reg0  ; address[6] ; address[6] ; None                        ; None                      ; 3.870 ns                ;
; N/A   ; 192.98 MHz ( period = 5.182 ns )               ; cash:inst8|lpm_counter0:inst39|lpm_counter:lpm_counter_component|cntr_sej:auto_generated|safe_q[2]             ; lpm_ram_dq0:inst|altsyncram:altsyncram_component|altsyncram_56f1:auto_generated|ram_block1a0~porta_datain_reg3  ; address[6] ; address[6] ; None                        ; None                      ; 3.863 ns                ;
; N/A   ; 196.43 MHz ( period = 5.091 ns )               ; cash:inst8|lpm_counter0:inst39|lpm_counter:lpm_counter_component|cntr_sej:auto_generated|safe_q[1]             ; lpm_ram_dq0:inst|altsyncram:altsyncram_component|altsyncram_56f1:auto_generated|ram_block1a0~porta_datain_reg1  ; address[6] ; address[6] ; None                        ; None                      ; 3.772 ns                ;
; N/A   ; 197.12 MHz ( period = 5.073 ns )               ; cash:inst8|lpm_counter0:inst39|lpm_counter:lpm_counter_component|cntr_sej:auto_generated|safe_q[1]             ; lpm_ram_dq0:inst|altsyncram:altsyncram_component|altsyncram_56f1:auto_generated|ram_block1a4~porta_datain_reg3  ; address[6] ; address[6] ; None                        ; None                      ; 3.750 ns                ;
; N/A   ; 197.71 MHz ( period = 5.058 ns )               ; cash:inst8|lpm_counter0:inst39|lpm_counter:lpm_counter_component|cntr_sej:auto_generated|safe_q[2]             ; lpm_ram_dq0:inst|altsyncram:altsyncram_component|altsyncram_56f1:auto_generated|ram_block1a4~porta_datain_reg0  ; address[6] ; address[6] ; None                        ; None                      ; 3.735 ns                ;
; N/A   ; 197.90 MHz ( period = 5.053 ns )               ; cash:inst8|lpm_counter0:inst39|lpm_counter:lpm_counter_component|cntr_sej:auto_generated|safe_q[0]             ; lpm_ram_dq0:inst|altsyncram:altsyncram_component|altsyncram_56f1:auto_generated|ram_block1a0~porta_datain_reg2  ; address[6] ; address[6] ; None                        ; None                      ; 3.734 ns                ;
; N/A   ; 201.17 MHz ( period = 4.971 ns )               ; cash:inst8|lpm_counter0:inst39|lpm_counter:lpm_counter_component|cntr_sej:auto_generated|safe_q[2]             ; lpm_ram_dq0:inst|altsyncram:altsyncram_component|altsyncram_56f1:auto_generated|ram_block1a0~porta_datain_reg0  ; address[6] ; address[6] ; None                        ; None                      ; 3.652 ns                ;
; N/A   ; 201.57 MHz ( period = 4.961 ns )               ; cash:inst8|lpm_counter0:inst39|lpm_counter:lpm_counter_component|cntr_sej:auto_generated|safe_q[0]             ; lpm_ram_dq0:inst|altsyncram:altsyncram_component|altsyncram_56f1:auto_generated|ram_block1a4~porta_datain_reg3  ; address[6] ; address[6] ; None                        ; None                      ; 3.638 ns                ;
; N/A   ; 202.18 MHz ( period = 4.946 ns )               ; cash:inst8|lpm_counter0:inst39|lpm_counter:lpm_counter_component|cntr_sej:auto_generated|safe_q[0]             ; lpm_ram_dq0:inst|altsyncram:altsyncram_component|altsyncram_56f1:auto_generated|ram_block1a0~porta_datain_reg0  ; address[6] ; address[6] ; None                        ; None                      ; 3.627 ns                ;
; N/A   ; 202.68 MHz ( period = 4.934 ns )               ; cash:inst8|lpm_counter0:inst39|lpm_counter:lpm_counter_component|cntr_sej:auto_generated|safe_q[1]             ; lpm_ram_dq0:inst|altsyncram:altsyncram_component|altsyncram_56f1:auto_generated|ram_block1a0~porta_datain_reg2  ; address[6] ; address[6] ; None                        ; None                      ; 3.615 ns                ;
; N/A   ; 212.27 MHz ( period = 4.711 ns )               ; cash:inst8|lpm_counter0:inst39|lpm_counter:lpm_counter_component|cntr_sej:auto_generated|safe_q[2]             ; lpm_ram_dq0:inst|altsyncram:altsyncram_component|altsyncram_56f1:auto_generated|ram_block1a0~porta_datain_reg2  ; address[6] ; address[6] ; None                        ; None                      ; 3.392 ns                ;
; N/A   ; 264.62 MHz ( period = 3.779 ns )               ; cash:inst8|lpm_counter0:inst39|lpm_counter:lpm_counter_component|cntr_sej:auto_generated|safe_q[1]             ; cash:inst8|lpm_counter0:inst39|lpm_counter:lpm_counter_component|cntr_sej:auto_generated|safe_q[3]              ; address[6] ; address[6] ; None                        ; None                      ; 3.215 ns                ;
; N/A   ; 264.62 MHz ( period = 3.779 ns )               ; cash:inst8|lpm_counter0:inst39|lpm_counter:lpm_counter_component|cntr_sej:auto_generated|safe_q[1]             ; cash:inst8|lpm_counter0:inst39|lpm_counter:lpm_counter_component|cntr_sej:auto_generated|safe_q[2]              ; address[6] ; address[6] ; None                        ; None                      ; 3.215 ns                ;
; N/A   ; 264.62 MHz ( period = 3.779 ns )               ; cash:inst8|lpm_counter0:inst39|lpm_counter:lpm_counter_component|cntr_sej:auto_generated|safe_q[1]             ; cash:inst8|lpm_counter0:inst39|lpm_counter:lpm_counter_component|cntr_sej:auto_generated|safe_q[1]              ; address[6] ; address[6] ; None                        ; None                      ; 3.215 ns                ;
; N/A   ; 264.62 MHz ( period = 3.779 ns )               ; cash:inst8|lpm_counter0:inst39|lpm_counter:lpm_counter_component|cntr_sej:auto_generated|safe_q[1]             ; cash:inst8|lpm_counter0:inst39|lpm_counter:lpm_counter_component|cntr_sej:auto_generated|safe_q[0]              ; address[6] ; address[6] ; None                        ; None                      ; 3.215 ns                ;
; N/A   ; 267.59 MHz ( period = 3.737 ns )               ; cash:inst8|lpm_counter0:inst39|lpm_counter:lpm_counter_component|cntr_sej:auto_generated|safe_q[0]             ; lpm_ram_dq0:inst|altsyncram:altsyncram_component|altsyncram_56f1:auto_generated|ram_block1a0~porta_address_reg0 ; address[6] ; address[6] ; None                        ; None                      ; 2.418 ns                ;
; N/A   ; 267.88 MHz ( period = 3.733 ns )               ; cash:inst8|lpm_counter0:inst39|lpm_counter:lpm_counter_component|cntr_sej:auto_generated|safe_q[0]             ; lpm_ram_dq0:inst|altsyncram:altsyncram_component|altsyncram_56f1:auto_generated|ram_block1a4~porta_address_reg0 ; address[6] ; address[6] ; None                        ; None                      ; 2.410 ns                ;
; N/A   ; 272.41 MHz ( period = 3.671 ns )               ; cash:inst8|lpm_counter0:inst39|lpm_counter:lpm_counter_component|cntr_sej:auto_generated|safe_q[0]             ; cash:inst8|lpm_counter0:inst39|lpm_counter:lpm_counter_component|cntr_sej:auto_generated|safe_q[3]              ; address[6] ; address[6] ; None                        ; None                      ; 3.107 ns                ;
; N/A   ; 272.41 MHz ( period = 3.671 ns )               ; cash:inst8|lpm_counter0:inst39|lpm_counter:lpm_counter_component|cntr_sej:auto_generated|safe_q[0]             ; cash:inst8|lpm_counter0:inst39|lpm_counter:lpm_counter_component|cntr_sej:auto_generated|safe_q[2]              ; address[6] ; address[6] ; None                        ; None                      ; 3.107 ns                ;
; N/A   ; 272.41 MHz ( period = 3.671 ns )               ; cash:inst8|lpm_counter0:inst39|lpm_counter:lpm_counter_component|cntr_sej:auto_generated|safe_q[0]             ; cash:inst8|lpm_counter0:inst39|lpm_counter:lpm_counter_component|cntr_sej:auto_generated|safe_q[1]              ; address[6] ; address[6] ; None                        ; None                      ; 3.107 ns                ;
; N/A   ; 272.41 MHz ( period = 3.671 ns )               ; cash:inst8|lpm_counter0:inst39|lpm_counter:lpm_counter_component|cntr_sej:auto_generated|safe_q[0]             ; cash:inst8|lpm_counter0:inst39|lpm_counter:lpm_counter_component|cntr_sej:auto_generated|safe_q[0]              ; address[6] ; address[6] ; None                        ; None                      ; 3.107 ns                ;
; N/A   ; 273.90 MHz ( period = 3.651 ns )               ; cash:inst8|inst419                                                                                             ; lpm_ram_dq0:inst|altsyncram:altsyncram_component|altsyncram_56f1:auto_generated|ram_block1a4~porta_datain_reg2  ; address[6] ; address[6] ; None                        ; None                      ; 4.619 ns                ;
; N/A   ; 277.01 MHz ( period = 3.610 ns )               ; cash:inst8|lpm_counter0:inst39|lpm_counter:lpm_counter_component|cntr_sej:auto_generated|safe_q[2]             ; cash:inst8|lpm_counter0:inst39|lpm_counter:lpm_counter_component|cntr_sej:auto_generated|safe_q[3]              ; address[6] ; address[6] ; None                        ; None                      ; 3.046 ns                ;
; N/A   ; 277.01 MHz ( period = 3.610 ns )               ; cash:inst8|lpm_counter0:inst39|lpm_counter:lpm_counter_component|cntr_sej:auto_generated|safe_q[2]             ; cash:inst8|lpm_counter0:inst39|lpm_counter:lpm_counter_component|cntr_sej:auto_generated|safe_q[2]              ; address[6] ; address[6] ; None                        ; None                      ; 3.046 ns                ;
; N/A   ; 277.01 MHz ( period = 3.610 ns )               ; cash:inst8|lpm_counter0:inst39|lpm_counter:lpm_counter_component|cntr_sej:auto_generated|safe_q[2]             ; cash:inst8|lpm_counter0:inst39|lpm_counter:lpm_counter_component|cntr_sej:auto_generated|safe_q[1]              ; address[6] ; address[6] ; None                        ; None                      ; 3.046 ns                ;
; N/A   ; 277.01 MHz ( period = 3.610 ns )               ; cash:inst8|lpm_counter0:inst39|lpm_counter:lpm_counter_component|cntr_sej:auto_generated|safe_q[2]             ; cash:inst8|lpm_counter0:inst39|lpm_counter:lpm_counter_component|cntr_sej:auto_generated|safe_q[0]              ; address[6] ; address[6] ; None                        ; None                      ; 3.046 ns                ;
; N/A   ; 279.49 MHz ( period = 3.578 ns )               ; cash:inst8|inst419                                                                                             ; lpm_ram_dq0:inst|altsyncram:altsyncram_component|altsyncram_56f1:auto_generated|ram_block1a4~porta_datain_reg1  ; address[6] ; address[6] ; None                        ; None                      ; 4.546 ns                ;
; N/A   ; 280.43 MHz ( period = 3.566 ns )               ; cash:inst8|lpm_counter0:inst39|lpm_counter:lpm_counter_component|cntr_sej:auto_generated|safe_q[3]             ; cash:inst8|lpm_counter0:inst39|lpm_counter:lpm_counter_component|cntr_sej:auto_generated|safe_q[3]              ; address[6] ; address[6] ; None                        ; None                      ; 3.002 ns                ;
; N/A   ; 280.43 MHz ( period = 3.566 ns )               ; cash:inst8|lpm_counter0:inst39|lpm_counter:lpm_counter_component|cntr_sej:auto_generated|safe_q[3]             ; cash:inst8|lpm_counter0:inst39|lpm_counter:lpm_counter_component|cntr_sej:auto_generated|safe_q[2]              ; address[6] ; address[6] ; None                        ; None                      ; 3.002 ns                ;
; N/A   ; 280.43 MHz ( period = 3.566 ns )               ; cash:inst8|lpm_counter0:inst39|lpm_counter:lpm_counter_component|cntr_sej:auto_generated|safe_q[3]             ; cash:inst8|lpm_counter0:inst39|lpm_counter:lpm_counter_component|cntr_sej:auto_generated|safe_q[1]              ; address[6] ; address[6] ; None                        ; None                      ; 3.002 ns                ;
; N/A   ; 280.43 MHz ( period = 3.566 ns )               ; cash:inst8|lpm_counter0:inst39|lpm_counter:lpm_counter_component|cntr_sej:auto_generated|safe_q[3]             ; cash:inst8|lpm_counter0:inst39|lpm_counter:lpm_counter_component|cntr_sej:auto_generated|safe_q[0]              ; address[6] ; address[6] ; None                        ; None                      ; 3.002 ns                ;
; N/A   ; 298.06 MHz ( period = 3.355 ns )               ; cash:inst8|lpm_counter0:inst39|lpm_counter:lpm_counter_component|cntr_sej:auto_generated|safe_q[2]             ; lpm_ram_dq0:inst|altsyncram:altsyncram_component|altsyncram_56f1:auto_generated|ram_block1a4~porta_address_reg2 ; address[6] ; address[6] ; None                        ; None                      ; 2.032 ns                ;
; N/A   ; 298.95 MHz ( period = 3.345 ns )               ; cash:inst8|lpm_counter0:inst39|lpm_counter:lpm_counter_component|cntr_sej:auto_generated|safe_q[2]             ; lpm_ram_dq0:inst|altsyncram:altsyncram_component|altsyncram_56f1:auto_generated|ram_block1a0~porta_address_reg2 ; address[6] ; address[6] ; None                        ; None                      ; 2.026 ns                ;
; N/A   ; 300.03 MHz ( period = 3.333 ns )               ; cash:inst8|lpm_counter0:inst39|lpm_counter:lpm_counter_component|cntr_sej:auto_generated|safe_q[1]             ; lpm_ram_dq0:inst|altsyncram:altsyncram_component|altsyncram_56f1:auto_generated|ram_block1a0~porta_address_reg1 ; address[6] ; address[6] ; None                        ; None                      ; 2.014 ns                ;
; N/A   ; 300.57 MHz ( period = 3.327 ns )               ; cash:inst8|lpm_counter0:inst39|lpm_counter:lpm_counter_component|cntr_sej:auto_generated|safe_q[1]             ; lpm_ram_dq0:inst|altsyncram:altsyncram_component|altsyncram_56f1:auto_generated|ram_block1a4~porta_address_reg1 ; address[6] ; address[6] ; None                        ; None                      ; 2.004 ns                ;
; N/A   ; 306.75 MHz ( period = 3.260 ns )               ; cash:inst8|inst419                                                                                             ; lpm_ram_dq0:inst|altsyncram:altsyncram_component|altsyncram_56f1:auto_generated|ram_block1a0~porta_datain_reg1  ; address[6] ; address[6] ; None                        ; None                      ; 4.232 ns                ;
; N/A   ; 309.31 MHz ( period = 3.233 ns )               ; cash:inst8|inst419                                                                                             ; lpm_ram_dq0:inst|altsyncram:altsyncram_component|altsyncram_56f1:auto_generated|ram_block1a4~porta_datain_reg3  ; address[6] ; address[6] ; None                        ; None                      ; 4.201 ns                ;
; N/A   ; 311.82 MHz ( period = 3.207 ns )               ; cash:inst8|inst416                                                                                             ; lpm_ram_dq0:inst|altsyncram:altsyncram_component|altsyncram_56f1:auto_generated|ram_block1a0~porta_datain_reg3  ; address[6] ; address[6] ; None                        ; None                      ; 4.843 ns                ;
; N/A   ; 312.70 MHz ( period = 3.198 ns )               ; cash:inst8|inst419                                                                                             ; lpm_ram_dq0:inst|altsyncram:altsyncram_component|altsyncram_56f1:auto_generated|ram_block1a0~porta_datain_reg3  ; address[6] ; address[6] ; None                        ; None                      ; 4.170 ns                ;
; N/A   ; 313.58 MHz ( period = 3.189 ns )               ; cash:inst8|inst419                                                                                             ; lpm_ram_dq0:inst|altsyncram:altsyncram_component|altsyncram_56f1:auto_generated|ram_block1a4~porta_datain_reg0  ; address[6] ; address[6] ; None                        ; None                      ; 4.157 ns                ;
; N/A   ; 316.86 MHz ( period = 3.156 ns )               ; cash:inst8|inst416                                                                                             ; lpm_ram_dq0:inst|altsyncram:altsyncram_component|altsyncram_56f1:auto_generated|ram_block1a4~porta_datain_reg1  ; address[6] ; address[6] ; None                        ; None                      ; 4.788 ns                ;
; N/A   ; 322.16 MHz ( period = 3.104 ns )               ; cash:inst8|inst419                                                                                             ; lpm_ram_dq0:inst|altsyncram:altsyncram_component|altsyncram_56f1:auto_generated|ram_block1a0~porta_datain_reg0  ; address[6] ; address[6] ; None                        ; None                      ; 4.076 ns                ;
; N/A   ; 325.73 MHz ( period = 3.070 ns )               ; cash:inst8|inst416                                                                                             ; lpm_ram_dq0:inst|altsyncram:altsyncram_component|altsyncram_56f1:auto_generated|ram_block1a4~porta_datain_reg2  ; address[6] ; address[6] ; None                        ; None                      ; 4.702 ns                ;
; N/A   ; 334.11 MHz ( period = 2.993 ns )               ; cash:inst8|inst416                                                                                             ; lpm_ram_dq0:inst|altsyncram:altsyncram_component|altsyncram_56f1:auto_generated|ram_block1a0~porta_datain_reg1  ; address[6] ; address[6] ; None                        ; None                      ; 4.629 ns                ;
; N/A   ; 345.42 MHz ( period = 2.895 ns )               ; cash:inst8|inst416                                                                                             ; lpm_ram_dq0:inst|altsyncram:altsyncram_component|altsyncram_56f1:auto_generated|ram_block1a4~porta_datain_reg0  ; address[6] ; address[6] ; None                        ; None                      ; 4.527 ns                ;
; N/A   ; 355.87 MHz ( period = 2.810 ns )               ; cash:inst8|inst419                                                                                             ; lpm_ram_dq0:inst|altsyncram:altsyncram_component|altsyncram_56f1:auto_generated|ram_block1a0~porta_datain_reg2  ; address[6] ; address[6] ; None                        ; None                      ; 3.782 ns                ;
; N/A   ; 362.98 MHz ( period = 2.755 ns )               ; cash:inst8|inst416                                                                                             ; lpm_ram_dq0:inst|altsyncram:altsyncram_component|altsyncram_56f1:auto_generated|ram_block1a0~porta_datain_reg2  ; address[6] ; address[6] ; None                        ; None                      ; 4.391 ns                ;
; N/A   ; 364.43 MHz ( period = 2.744 ns )               ; cash:inst8|inst416                                                                                             ; lpm_ram_dq0:inst|altsyncram:altsyncram_component|altsyncram_56f1:auto_generated|ram_block1a4~porta_datain_reg3  ; address[6] ; address[6] ; None                        ; None                      ; 4.376 ns                ;
; N/A   ; 377.64 MHz ( period = 2.648 ns )               ; cash:inst8|inst416                                                                                             ; lpm_ram_dq0:inst|altsyncram:altsyncram_component|altsyncram_56f1:auto_generated|ram_block1a0~porta_datain_reg0  ; address[6] ; address[6] ; None                        ; None                      ; 4.284 ns                ;
; N/A   ; 499.75 MHz ( period = 2.001 ns )               ; lpm_ram_dq0:inst|altsyncram:altsyncram_component|altsyncram_56f1:auto_generated|ram_block1a4~porta_datain_reg0 ; lpm_ram_dq0:inst|altsyncram:altsyncram_component|altsyncram_56f1:auto_generated|ram_block1a4~porta_memory_reg0  ; address[6] ; address[6] ; None                        ; None                      ; 1.623 ns                ;
; N/A   ; 499.75 MHz ( period = 2.001 ns )               ; lpm_ram_dq0:inst|altsyncram:altsyncram_component|altsyncram_56f1:auto_generated|ram_block1a4~porta_datain_reg1 ; lpm_ram_dq0:inst|altsyncram:altsyncram_component|altsyncram_56f1:auto_generated|ram_block1a5~porta_memory_reg0  ; address[6] ; address[6] ; None                        ; None                      ; 1.623 ns                ;
; N/A   ; 499.75 MHz ( period = 2.001 ns )               ; lpm_ram_dq0:inst|altsyncram:altsyncram_component|altsyncram_56f1:auto_generated|ram_block1a4~porta_datain_reg2 ; lpm_ram_dq0:inst|altsyncram:altsyncram_component|altsyncram_56f1:auto_generated|ram_block1a6~porta_memory_reg0  ; address[6] ; address[6] ; None                        ; None                      ; 1.623 ns                ;
; N/A   ; 499.75 MHz ( period = 2.001 ns )               ; lpm_ram_dq0:inst|altsyncram:altsyncram_component|altsyncram_56f1:auto_generated|ram_block1a4~porta_datain_reg3 ; lpm_ram_dq0:inst|altsyncram:altsyncram_component|altsyncram_56f1:auto_generated|ram_block1a7~porta_memory_reg0  ; address[6] ; address[6] ; None                        ; None                      ; 1.623 ns                ;
; N/A   ; 499.75 MHz ( period = 2.001 ns )               ; lpm_ram_dq0:inst|altsyncram:altsyncram_component|altsyncram_56f1:auto_generated|ram_block1a0~porta_datain_reg0 ; lpm_ram_dq0:inst|altsyncram:altsyncram_component|altsyncram_56f1:auto_generated|ram_block1a0~porta_memory_reg0  ; address[6] ; address[6] ; None                        ; None                      ; 1.623 ns                ;
; N/A   ; 499.75 MHz ( period = 2.001 ns )               ; lpm_ram_dq0:inst|altsyncram:altsyncram_component|altsyncram_56f1:auto_generated|ram_block1a0~porta_datain_reg1 ; lpm_ram_dq0:inst|altsyncram:altsyncram_component|altsyncram_56f1:auto_generated|ram_block1a1~porta_memory_reg0  ; address[6] ; address[6] ; None                        ; None                      ; 1.623 ns                ;
; N/A   ; 499.75 MHz ( period = 2.001 ns )               ; lpm_ram_dq0:inst|altsyncram:altsyncram_component|altsyncram_56f1:auto_generated|ram_block1a0~porta_datain_reg2 ; lpm_ram_dq0:inst|altsyncram:altsyncram_component|altsyncram_56f1:auto_generated|ram_block1a2~porta_memory_reg0  ; address[6] ; address[6] ; None                        ; None                      ; 1.623 ns                ;
; N/A   ; 499.75 MHz ( period = 2.001 ns )               ; lpm_ram_dq0:inst|altsyncram:altsyncram_component|altsyncram_56f1:auto_generated|ram_block1a0~porta_datain_reg3 ; lpm_ram_dq0:inst|altsyncram:altsyncram_component|altsyncram_56f1:auto_generated|ram_block1a3~porta_memory_reg0  ; address[6] ; address[6] ; None                        ; None                      ; 1.623 ns                ;
; N/A   ; Restricted to 500.00 MHz ( period = 2.000 ns ) ; cash:inst8|inst419                                                                                             ; lpm_ram_dq0:inst|altsyncram:altsyncram_component|altsyncram_56f1:auto_generated|ram_block1a4~porta_we_reg       ; address[6] ; address[6] ; None                        ; None                      ; 2.130 ns                ;
; N/A   ; Restricted to 500.00 MHz ( period = 2.000 ns ) ; cash:inst8|inst419                                                                                             ; lpm_ram_dq0:inst|altsyncram:altsyncram_component|altsyncram_56f1:auto_generated|ram_block1a0~porta_we_reg       ; address[6] ; address[6] ; None                        ; None                      ; 2.053 ns                ;
; N/A   ; Restricted to 500.00 MHz ( period = 2.000 ns ) ; cash:inst8|inst416                                                                                             ; lpm_ram_dq0:inst|altsyncram:altsyncram_component|altsyncram_56f1:auto_generated|ram_block1a4~porta_we_reg       ; address[6] ; address[6] ; None                        ; None                      ; 2.536 ns                ;
; N/A   ; Restricted to 500.00 MHz ( period = 2.000 ns ) ; cash:inst8|inst416                                                                                             ; lpm_ram_dq0:inst|altsyncram:altsyncram_component|altsyncram_56f1:auto_generated|ram_block1a0~porta_we_reg       ; address[6] ; address[6] ; None                        ; None                      ; 2.459 ns                ;
; N/A   ; Restricted to 500.00 MHz ( period = 2.000 ns ) ; cash:inst8|inst50                                                                                              ; cash:inst8|inst50                                                                                               ; address[6] ; address[6] ; None                        ; None                      ; 0.488 ns                ;
+-------+------------------------------------------------+----------------------------------------------------------------------------------------------------------------+-----------------------------------------------------------------------------------------------------------------+------------+------------+-----------------------------+---------------------------+-------------------------+


+---------------------------------------------------------------------------------------------------------------------------------------------------------------------------------------------------------------------------------------------------------------------------------------------------------------------------------------------------------------------------------------------------------+
; Clock Setup: 'address[7]'                                                                                                                                                                                                                                                                                                                                                                               ;
+-------+------------------------------------------------+----------------------------------------------------------------------------------------------------------------+-----------------------------------------------------------------------------------------------------------------+------------+------------+-----------------------------+---------------------------+-------------------------+
; Slack ; Actual fmax (period)                           ; From                                                                                                           ; To                                                                                                              ; From Clock ; To Clock   ; Required Setup Relationship ; Required Longest P2P Time ; Actual Longest P2P Time ;
+-------+------------------------------------------------+----------------------------------------------------------------------------------------------------------------+-----------------------------------------------------------------------------------------------------------------+------------+------------+-----------------------------+---------------------------+-------------------------+
; N/A   ; 176.74 MHz ( period = 5.658 ns )               ; cash:inst8|lpm_counter0:inst39|lpm_counter:lpm_counter_component|cntr_sej:auto_generated|safe_q[2]             ; lpm_ram_dq0:inst|altsyncram:altsyncram_component|altsyncram_56f1:auto_generated|ram_block1a4~porta_datain_reg1  ; address[7] ; address[7] ; None                        ; None                      ; 4.368 ns                ;
; N/A   ; 181.72 MHz ( period = 5.503 ns )               ; cash:inst8|lpm_counter0:inst39|lpm_counter:lpm_counter_component|cntr_sej:auto_generated|safe_q[1]             ; lpm_ram_dq0:inst|altsyncram:altsyncram_component|altsyncram_56f1:auto_generated|ram_block1a0~porta_datain_reg3  ; address[7] ; address[7] ; None                        ; None                      ; 4.217 ns                ;
; N/A   ; 184.47 MHz ( period = 5.421 ns )               ; cash:inst8|lpm_counter0:inst39|lpm_counter:lpm_counter_component|cntr_sej:auto_generated|safe_q[0]             ; lpm_ram_dq0:inst|altsyncram:altsyncram_component|altsyncram_56f1:auto_generated|ram_block1a4~porta_datain_reg1  ; address[7] ; address[7] ; None                        ; None                      ; 4.131 ns                ;
; N/A   ; 184.91 MHz ( period = 5.408 ns )               ; cash:inst8|lpm_counter0:inst39|lpm_counter:lpm_counter_component|cntr_sej:auto_generated|safe_q[2]             ; lpm_ram_dq0:inst|altsyncram:altsyncram_component|altsyncram_56f1:auto_generated|ram_block1a4~porta_datain_reg2  ; address[7] ; address[7] ; None                        ; None                      ; 4.118 ns                ;
; N/A   ; 185.08 MHz ( period = 5.403 ns )               ; cash:inst8|lpm_counter0:inst39|lpm_counter:lpm_counter_component|cntr_sej:auto_generated|safe_q[1]             ; lpm_ram_dq0:inst|altsyncram:altsyncram_component|altsyncram_56f1:auto_generated|ram_block1a4~porta_datain_reg1  ; address[7] ; address[7] ; None                        ; None                      ; 4.113 ns                ;
; N/A   ; 187.44 MHz ( period = 5.335 ns )               ; cash:inst8|lpm_counter0:inst39|lpm_counter:lpm_counter_component|cntr_sej:auto_generated|safe_q[0]             ; lpm_ram_dq0:inst|altsyncram:altsyncram_component|altsyncram_56f1:auto_generated|ram_block1a4~porta_datain_reg2  ; address[7] ; address[7] ; None                        ; None                      ; 4.045 ns                ;
; N/A   ; 189.18 MHz ( period = 5.286 ns )               ; cash:inst8|lpm_counter0:inst39|lpm_counter:lpm_counter_component|cntr_sej:auto_generated|safe_q[2]             ; lpm_ram_dq0:inst|altsyncram:altsyncram_component|altsyncram_56f1:auto_generated|ram_block1a0~porta_datain_reg1  ; address[7] ; address[7] ; None                        ; None                      ; 4.000 ns                ;
; N/A   ; 189.39 MHz ( period = 5.280 ns )               ; cash:inst8|lpm_counter0:inst39|lpm_counter:lpm_counter_component|cntr_sej:auto_generated|safe_q[1]             ; lpm_ram_dq0:inst|altsyncram:altsyncram_component|altsyncram_56f1:auto_generated|ram_block1a4~porta_datain_reg0  ; address[7] ; address[7] ; None                        ; None                      ; 3.990 ns                ;
; N/A   ; 189.47 MHz ( period = 5.278 ns )               ; cash:inst8|lpm_counter0:inst39|lpm_counter:lpm_counter_component|cntr_sej:auto_generated|safe_q[0]             ; lpm_ram_dq0:inst|altsyncram:altsyncram_component|altsyncram_56f1:auto_generated|ram_block1a0~porta_datain_reg3  ; address[7] ; address[7] ; None                        ; None                      ; 3.992 ns                ;
; N/A   ; 190.19 MHz ( period = 5.258 ns )               ; cash:inst8|lpm_counter0:inst39|lpm_counter:lpm_counter_component|cntr_sej:auto_generated|safe_q[0]             ; lpm_ram_dq0:inst|altsyncram:altsyncram_component|altsyncram_56f1:auto_generated|ram_block1a0~porta_datain_reg1  ; address[7] ; address[7] ; None                        ; None                      ; 3.972 ns                ;
; N/A   ; 191.50 MHz ( period = 5.222 ns )               ; cash:inst8|lpm_counter0:inst39|lpm_counter:lpm_counter_component|cntr_sej:auto_generated|safe_q[1]             ; lpm_ram_dq0:inst|altsyncram:altsyncram_component|altsyncram_56f1:auto_generated|ram_block1a4~porta_datain_reg2  ; address[7] ; address[7] ; None                        ; None                      ; 3.932 ns                ;
; N/A   ; 191.57 MHz ( period = 5.220 ns )               ; cash:inst8|lpm_counter0:inst39|lpm_counter:lpm_counter_component|cntr_sej:auto_generated|safe_q[2]             ; lpm_ram_dq0:inst|altsyncram:altsyncram_component|altsyncram_56f1:auto_generated|ram_block1a4~porta_datain_reg3  ; address[7] ; address[7] ; None                        ; None                      ; 3.930 ns                ;
; N/A   ; 192.49 MHz ( period = 5.195 ns )               ; cash:inst8|lpm_counter0:inst39|lpm_counter:lpm_counter_component|cntr_sej:auto_generated|safe_q[1]             ; lpm_ram_dq0:inst|altsyncram:altsyncram_component|altsyncram_56f1:auto_generated|ram_block1a0~porta_datain_reg0  ; address[7] ; address[7] ; None                        ; None                      ; 3.909 ns                ;
; N/A   ; 193.80 MHz ( period = 5.160 ns )               ; cash:inst8|lpm_counter0:inst39|lpm_counter:lpm_counter_component|cntr_sej:auto_generated|safe_q[0]             ; lpm_ram_dq0:inst|altsyncram:altsyncram_component|altsyncram_56f1:auto_generated|ram_block1a4~porta_datain_reg0  ; address[7] ; address[7] ; None                        ; None                      ; 3.870 ns                ;
; N/A   ; 194.21 MHz ( period = 5.149 ns )               ; cash:inst8|lpm_counter0:inst39|lpm_counter:lpm_counter_component|cntr_sej:auto_generated|safe_q[2]             ; lpm_ram_dq0:inst|altsyncram:altsyncram_component|altsyncram_56f1:auto_generated|ram_block1a0~porta_datain_reg3  ; address[7] ; address[7] ; None                        ; None                      ; 3.863 ns                ;
; N/A   ; 197.71 MHz ( period = 5.058 ns )               ; cash:inst8|lpm_counter0:inst39|lpm_counter:lpm_counter_component|cntr_sej:auto_generated|safe_q[1]             ; lpm_ram_dq0:inst|altsyncram:altsyncram_component|altsyncram_56f1:auto_generated|ram_block1a0~porta_datain_reg1  ; address[7] ; address[7] ; None                        ; None                      ; 3.772 ns                ;
; N/A   ; 198.41 MHz ( period = 5.040 ns )               ; cash:inst8|lpm_counter0:inst39|lpm_counter:lpm_counter_component|cntr_sej:auto_generated|safe_q[1]             ; lpm_ram_dq0:inst|altsyncram:altsyncram_component|altsyncram_56f1:auto_generated|ram_block1a4~porta_datain_reg3  ; address[7] ; address[7] ; None                        ; None                      ; 3.750 ns                ;
; N/A   ; 199.00 MHz ( period = 5.025 ns )               ; cash:inst8|lpm_counter0:inst39|lpm_counter:lpm_counter_component|cntr_sej:auto_generated|safe_q[2]             ; lpm_ram_dq0:inst|altsyncram:altsyncram_component|altsyncram_56f1:auto_generated|ram_block1a4~porta_datain_reg0  ; address[7] ; address[7] ; None                        ; None                      ; 3.735 ns                ;
; N/A   ; 199.20 MHz ( period = 5.020 ns )               ; cash:inst8|lpm_counter0:inst39|lpm_counter:lpm_counter_component|cntr_sej:auto_generated|safe_q[0]             ; lpm_ram_dq0:inst|altsyncram:altsyncram_component|altsyncram_56f1:auto_generated|ram_block1a0~porta_datain_reg2  ; address[7] ; address[7] ; None                        ; None                      ; 3.734 ns                ;
; N/A   ; 202.51 MHz ( period = 4.938 ns )               ; cash:inst8|lpm_counter0:inst39|lpm_counter:lpm_counter_component|cntr_sej:auto_generated|safe_q[2]             ; lpm_ram_dq0:inst|altsyncram:altsyncram_component|altsyncram_56f1:auto_generated|ram_block1a0~porta_datain_reg0  ; address[7] ; address[7] ; None                        ; None                      ; 3.652 ns                ;
; N/A   ; 202.92 MHz ( period = 4.928 ns )               ; cash:inst8|lpm_counter0:inst39|lpm_counter:lpm_counter_component|cntr_sej:auto_generated|safe_q[0]             ; lpm_ram_dq0:inst|altsyncram:altsyncram_component|altsyncram_56f1:auto_generated|ram_block1a4~porta_datain_reg3  ; address[7] ; address[7] ; None                        ; None                      ; 3.638 ns                ;
; N/A   ; 203.54 MHz ( period = 4.913 ns )               ; cash:inst8|lpm_counter0:inst39|lpm_counter:lpm_counter_component|cntr_sej:auto_generated|safe_q[0]             ; lpm_ram_dq0:inst|altsyncram:altsyncram_component|altsyncram_56f1:auto_generated|ram_block1a0~porta_datain_reg0  ; address[7] ; address[7] ; None                        ; None                      ; 3.627 ns                ;
; N/A   ; 204.04 MHz ( period = 4.901 ns )               ; cash:inst8|lpm_counter0:inst39|lpm_counter:lpm_counter_component|cntr_sej:auto_generated|safe_q[1]             ; lpm_ram_dq0:inst|altsyncram:altsyncram_component|altsyncram_56f1:auto_generated|ram_block1a0~porta_datain_reg2  ; address[7] ; address[7] ; None                        ; None                      ; 3.615 ns                ;
; N/A   ; 213.77 MHz ( period = 4.678 ns )               ; cash:inst8|lpm_counter0:inst39|lpm_counter:lpm_counter_component|cntr_sej:auto_generated|safe_q[2]             ; lpm_ram_dq0:inst|altsyncram:altsyncram_component|altsyncram_56f1:auto_generated|ram_block1a0~porta_datain_reg2  ; address[7] ; address[7] ; None                        ; None                      ; 3.392 ns                ;
; N/A   ; 264.62 MHz ( period = 3.779 ns )               ; cash:inst8|lpm_counter0:inst39|lpm_counter:lpm_counter_component|cntr_sej:auto_generated|safe_q[1]             ; cash:inst8|lpm_counter0:inst39|lpm_counter:lpm_counter_component|cntr_sej:auto_generated|safe_q[3]              ; address[7] ; address[7] ; None                        ; None                      ; 3.215 ns                ;
; N/A   ; 264.62 MHz ( period = 3.779 ns )               ; cash:inst8|lpm_counter0:inst39|lpm_counter:lpm_counter_component|cntr_sej:auto_generated|safe_q[1]             ; cash:inst8|lpm_counter0:inst39|lpm_counter:lpm_counter_component|cntr_sej:auto_generated|safe_q[2]              ; address[7] ; address[7] ; None                        ; None                      ; 3.215 ns                ;
; N/A   ; 264.62 MHz ( period = 3.779 ns )               ; cash:inst8|lpm_counter0:inst39|lpm_counter:lpm_counter_component|cntr_sej:auto_generated|safe_q[1]             ; cash:inst8|lpm_counter0:inst39|lpm_counter:lpm_counter_component|cntr_sej:auto_generated|safe_q[1]              ; address[7] ; address[7] ; None                        ; None                      ; 3.215 ns                ;
; N/A   ; 264.62 MHz ( period = 3.779 ns )               ; cash:inst8|lpm_counter0:inst39|lpm_counter:lpm_counter_component|cntr_sej:auto_generated|safe_q[1]             ; cash:inst8|lpm_counter0:inst39|lpm_counter:lpm_counter_component|cntr_sej:auto_generated|safe_q[0]              ; address[7] ; address[7] ; None                        ; None                      ; 3.215 ns                ;
; N/A   ; 269.98 MHz ( period = 3.704 ns )               ; cash:inst8|lpm_counter0:inst39|lpm_counter:lpm_counter_component|cntr_sej:auto_generated|safe_q[0]             ; lpm_ram_dq0:inst|altsyncram:altsyncram_component|altsyncram_56f1:auto_generated|ram_block1a0~porta_address_reg0 ; address[7] ; address[7] ; None                        ; None                      ; 2.418 ns                ;
; N/A   ; 270.27 MHz ( period = 3.700 ns )               ; cash:inst8|lpm_counter0:inst39|lpm_counter:lpm_counter_component|cntr_sej:auto_generated|safe_q[0]             ; lpm_ram_dq0:inst|altsyncram:altsyncram_component|altsyncram_56f1:auto_generated|ram_block1a4~porta_address_reg0 ; address[7] ; address[7] ; None                        ; None                      ; 2.410 ns                ;
; N/A   ; 272.41 MHz ( period = 3.671 ns )               ; cash:inst8|lpm_counter0:inst39|lpm_counter:lpm_counter_component|cntr_sej:auto_generated|safe_q[0]             ; cash:inst8|lpm_counter0:inst39|lpm_counter:lpm_counter_component|cntr_sej:auto_generated|safe_q[3]              ; address[7] ; address[7] ; None                        ; None                      ; 3.107 ns                ;
; N/A   ; 272.41 MHz ( period = 3.671 ns )               ; cash:inst8|lpm_counter0:inst39|lpm_counter:lpm_counter_component|cntr_sej:auto_generated|safe_q[0]             ; cash:inst8|lpm_counter0:inst39|lpm_counter:lpm_counter_component|cntr_sej:auto_generated|safe_q[2]              ; address[7] ; address[7] ; None                        ; None                      ; 3.107 ns                ;
; N/A   ; 272.41 MHz ( period = 3.671 ns )               ; cash:inst8|lpm_counter0:inst39|lpm_counter:lpm_counter_component|cntr_sej:auto_generated|safe_q[0]             ; cash:inst8|lpm_counter0:inst39|lpm_counter:lpm_counter_component|cntr_sej:auto_generated|safe_q[1]              ; address[7] ; address[7] ; None                        ; None                      ; 3.107 ns                ;
; N/A   ; 272.41 MHz ( period = 3.671 ns )               ; cash:inst8|lpm_counter0:inst39|lpm_counter:lpm_counter_component|cntr_sej:auto_generated|safe_q[0]             ; cash:inst8|lpm_counter0:inst39|lpm_counter:lpm_counter_component|cntr_sej:auto_generated|safe_q[0]              ; address[7] ; address[7] ; None                        ; None                      ; 3.107 ns                ;
; N/A   ; 277.01 MHz ( period = 3.610 ns )               ; cash:inst8|lpm_counter0:inst39|lpm_counter:lpm_counter_component|cntr_sej:auto_generated|safe_q[2]             ; cash:inst8|lpm_counter0:inst39|lpm_counter:lpm_counter_component|cntr_sej:auto_generated|safe_q[3]              ; address[7] ; address[7] ; None                        ; None                      ; 3.046 ns                ;
; N/A   ; 277.01 MHz ( period = 3.610 ns )               ; cash:inst8|lpm_counter0:inst39|lpm_counter:lpm_counter_component|cntr_sej:auto_generated|safe_q[2]             ; cash:inst8|lpm_counter0:inst39|lpm_counter:lpm_counter_component|cntr_sej:auto_generated|safe_q[2]              ; address[7] ; address[7] ; None                        ; None                      ; 3.046 ns                ;
; N/A   ; 277.01 MHz ( period = 3.610 ns )               ; cash:inst8|lpm_counter0:inst39|lpm_counter:lpm_counter_component|cntr_sej:auto_generated|safe_q[2]             ; cash:inst8|lpm_counter0:inst39|lpm_counter:lpm_counter_component|cntr_sej:auto_generated|safe_q[1]              ; address[7] ; address[7] ; None                        ; None                      ; 3.046 ns                ;
; N/A   ; 277.01 MHz ( period = 3.610 ns )               ; cash:inst8|lpm_counter0:inst39|lpm_counter:lpm_counter_component|cntr_sej:auto_generated|safe_q[2]             ; cash:inst8|lpm_counter0:inst39|lpm_counter:lpm_counter_component|cntr_sej:auto_generated|safe_q[0]              ; address[7] ; address[7] ; None                        ; None                      ; 3.046 ns                ;
; N/A   ; 280.43 MHz ( period = 3.566 ns )               ; cash:inst8|lpm_counter0:inst39|lpm_counter:lpm_counter_component|cntr_sej:auto_generated|safe_q[3]             ; cash:inst8|lpm_counter0:inst39|lpm_counter:lpm_counter_component|cntr_sej:auto_generated|safe_q[3]              ; address[7] ; address[7] ; None                        ; None                      ; 3.002 ns                ;
; N/A   ; 280.43 MHz ( period = 3.566 ns )               ; cash:inst8|lpm_counter0:inst39|lpm_counter:lpm_counter_component|cntr_sej:auto_generated|safe_q[3]             ; cash:inst8|lpm_counter0:inst39|lpm_counter:lpm_counter_component|cntr_sej:auto_generated|safe_q[2]              ; address[7] ; address[7] ; None                        ; None                      ; 3.002 ns                ;
; N/A   ; 280.43 MHz ( period = 3.566 ns )               ; cash:inst8|lpm_counter0:inst39|lpm_counter:lpm_counter_component|cntr_sej:auto_generated|safe_q[3]             ; cash:inst8|lpm_counter0:inst39|lpm_counter:lpm_counter_component|cntr_sej:auto_generated|safe_q[1]              ; address[7] ; address[7] ; None                        ; None                      ; 3.002 ns                ;
; N/A   ; 280.43 MHz ( period = 3.566 ns )               ; cash:inst8|lpm_counter0:inst39|lpm_counter:lpm_counter_component|cntr_sej:auto_generated|safe_q[3]             ; cash:inst8|lpm_counter0:inst39|lpm_counter:lpm_counter_component|cntr_sej:auto_generated|safe_q[0]              ; address[7] ; address[7] ; None                        ; None                      ; 3.002 ns                ;
; N/A   ; 295.51 MHz ( period = 3.384 ns )               ; cash:inst8|inst419                                                                                             ; lpm_ram_dq0:inst|altsyncram:altsyncram_component|altsyncram_56f1:auto_generated|ram_block1a4~porta_datain_reg2  ; address[7] ; address[7] ; None                        ; None                      ; 4.619 ns                ;
; N/A   ; 301.02 MHz ( period = 3.322 ns )               ; cash:inst8|lpm_counter0:inst39|lpm_counter:lpm_counter_component|cntr_sej:auto_generated|safe_q[2]             ; lpm_ram_dq0:inst|altsyncram:altsyncram_component|altsyncram_56f1:auto_generated|ram_block1a4~porta_address_reg2 ; address[7] ; address[7] ; None                        ; None                      ; 2.032 ns                ;
; N/A   ; 301.93 MHz ( period = 3.312 ns )               ; cash:inst8|lpm_counter0:inst39|lpm_counter:lpm_counter_component|cntr_sej:auto_generated|safe_q[2]             ; lpm_ram_dq0:inst|altsyncram:altsyncram_component|altsyncram_56f1:auto_generated|ram_block1a0~porta_address_reg2 ; address[7] ; address[7] ; None                        ; None                      ; 2.026 ns                ;
; N/A   ; 302.02 MHz ( period = 3.311 ns )               ; cash:inst8|inst419                                                                                             ; lpm_ram_dq0:inst|altsyncram:altsyncram_component|altsyncram_56f1:auto_generated|ram_block1a4~porta_datain_reg1  ; address[7] ; address[7] ; None                        ; None                      ; 4.546 ns                ;
; N/A   ; 303.03 MHz ( period = 3.300 ns )               ; cash:inst8|lpm_counter0:inst39|lpm_counter:lpm_counter_component|cntr_sej:auto_generated|safe_q[1]             ; lpm_ram_dq0:inst|altsyncram:altsyncram_component|altsyncram_56f1:auto_generated|ram_block1a0~porta_address_reg1 ; address[7] ; address[7] ; None                        ; None                      ; 2.014 ns                ;
; N/A   ; 303.58 MHz ( period = 3.294 ns )               ; cash:inst8|lpm_counter0:inst39|lpm_counter:lpm_counter_component|cntr_sej:auto_generated|safe_q[1]             ; lpm_ram_dq0:inst|altsyncram:altsyncram_component|altsyncram_56f1:auto_generated|ram_block1a4~porta_address_reg1 ; address[7] ; address[7] ; None                        ; None                      ; 2.004 ns                ;
; N/A   ; 334.11 MHz ( period = 2.993 ns )               ; cash:inst8|inst419                                                                                             ; lpm_ram_dq0:inst|altsyncram:altsyncram_component|altsyncram_56f1:auto_generated|ram_block1a0~porta_datain_reg1  ; address[7] ; address[7] ; None                        ; None                      ; 4.232 ns                ;
; N/A   ; 337.15 MHz ( period = 2.966 ns )               ; cash:inst8|inst419                                                                                             ; lpm_ram_dq0:inst|altsyncram:altsyncram_component|altsyncram_56f1:auto_generated|ram_block1a4~porta_datain_reg3  ; address[7] ; address[7] ; None                        ; None                      ; 4.201 ns                ;
; N/A   ; 341.18 MHz ( period = 2.931 ns )               ; cash:inst8|inst419                                                                                             ; lpm_ram_dq0:inst|altsyncram:altsyncram_component|altsyncram_56f1:auto_generated|ram_block1a0~porta_datain_reg3  ; address[7] ; address[7] ; None                        ; None                      ; 4.170 ns                ;
; N/A   ; 342.23 MHz ( period = 2.922 ns )               ; cash:inst8|inst419                                                                                             ; lpm_ram_dq0:inst|altsyncram:altsyncram_component|altsyncram_56f1:auto_generated|ram_block1a4~porta_datain_reg0  ; address[7] ; address[7] ; None                        ; None                      ; 4.157 ns                ;
; N/A   ; 352.49 MHz ( period = 2.837 ns )               ; cash:inst8|inst419                                                                                             ; lpm_ram_dq0:inst|altsyncram:altsyncram_component|altsyncram_56f1:auto_generated|ram_block1a0~porta_datain_reg0  ; address[7] ; address[7] ; None                        ; None                      ; 4.076 ns                ;
; N/A   ; 356.13 MHz ( period = 2.808 ns )               ; cash:inst8|inst416                                                                                             ; lpm_ram_dq0:inst|altsyncram:altsyncram_component|altsyncram_56f1:auto_generated|ram_block1a0~porta_datain_reg3  ; address[7] ; address[7] ; None                        ; None                      ; 4.843 ns                ;
; N/A   ; 362.71 MHz ( period = 2.757 ns )               ; cash:inst8|inst416                                                                                             ; lpm_ram_dq0:inst|altsyncram:altsyncram_component|altsyncram_56f1:auto_generated|ram_block1a4~porta_datain_reg1  ; address[7] ; address[7] ; None                        ; None                      ; 4.788 ns                ;
; N/A   ; 374.39 MHz ( period = 2.671 ns )               ; cash:inst8|inst416                                                                                             ; lpm_ram_dq0:inst|altsyncram:altsyncram_component|altsyncram_56f1:auto_generated|ram_block1a4~porta_datain_reg2  ; address[7] ; address[7] ; None                        ; None                      ; 4.702 ns                ;
; N/A   ; 385.51 MHz ( period = 2.594 ns )               ; cash:inst8|inst416                                                                                             ; lpm_ram_dq0:inst|altsyncram:altsyncram_component|altsyncram_56f1:auto_generated|ram_block1a0~porta_datain_reg1  ; address[7] ; address[7] ; None                        ; None                      ; 4.629 ns                ;
; N/A   ; 393.24 MHz ( period = 2.543 ns )               ; cash:inst8|inst419                                                                                             ; lpm_ram_dq0:inst|altsyncram:altsyncram_component|altsyncram_56f1:auto_generated|ram_block1a0~porta_datain_reg2  ; address[7] ; address[7] ; None                        ; None                      ; 3.782 ns                ;
; N/A   ; 400.64 MHz ( period = 2.496 ns )               ; cash:inst8|inst416                                                                                             ; lpm_ram_dq0:inst|altsyncram:altsyncram_component|altsyncram_56f1:auto_generated|ram_block1a4~porta_datain_reg0  ; address[7] ; address[7] ; None                        ; None                      ; 4.527 ns                ;
; N/A   ; 424.45 MHz ( period = 2.356 ns )               ; cash:inst8|inst416                                                                                             ; lpm_ram_dq0:inst|altsyncram:altsyncram_component|altsyncram_56f1:auto_generated|ram_block1a0~porta_datain_reg2  ; address[7] ; address[7] ; None                        ; None                      ; 4.391 ns                ;
; N/A   ; 426.44 MHz ( period = 2.345 ns )               ; cash:inst8|inst416                                                                                             ; lpm_ram_dq0:inst|altsyncram:altsyncram_component|altsyncram_56f1:auto_generated|ram_block1a4~porta_datain_reg3  ; address[7] ; address[7] ; None                        ; None                      ; 4.376 ns                ;
; N/A   ; 444.64 MHz ( period = 2.249 ns )               ; cash:inst8|inst416                                                                                             ; lpm_ram_dq0:inst|altsyncram:altsyncram_component|altsyncram_56f1:auto_generated|ram_block1a0~porta_datain_reg0  ; address[7] ; address[7] ; None                        ; None                      ; 4.284 ns                ;
; N/A   ; Restricted to 500.00 MHz ( period = 2.000 ns ) ; lpm_ram_dq0:inst|altsyncram:altsyncram_component|altsyncram_56f1:auto_generated|ram_block1a4~porta_datain_reg0 ; lpm_ram_dq0:inst|altsyncram:altsyncram_component|altsyncram_56f1:auto_generated|ram_block1a4~porta_memory_reg0  ; address[7] ; address[7] ; None                        ; None                      ; 1.623 ns                ;
; N/A   ; Restricted to 500.00 MHz ( period = 2.000 ns ) ; lpm_ram_dq0:inst|altsyncram:altsyncram_component|altsyncram_56f1:auto_generated|ram_block1a4~porta_datain_reg1 ; lpm_ram_dq0:inst|altsyncram:altsyncram_component|altsyncram_56f1:auto_generated|ram_block1a5~porta_memory_reg0  ; address[7] ; address[7] ; None                        ; None                      ; 1.623 ns                ;
; N/A   ; Restricted to 500.00 MHz ( period = 2.000 ns ) ; lpm_ram_dq0:inst|altsyncram:altsyncram_component|altsyncram_56f1:auto_generated|ram_block1a4~porta_datain_reg2 ; lpm_ram_dq0:inst|altsyncram:altsyncram_component|altsyncram_56f1:auto_generated|ram_block1a6~porta_memory_reg0  ; address[7] ; address[7] ; None                        ; None                      ; 1.623 ns                ;
; N/A   ; Restricted to 500.00 MHz ( period = 2.000 ns ) ; lpm_ram_dq0:inst|altsyncram:altsyncram_component|altsyncram_56f1:auto_generated|ram_block1a4~porta_datain_reg3 ; lpm_ram_dq0:inst|altsyncram:altsyncram_component|altsyncram_56f1:auto_generated|ram_block1a7~porta_memory_reg0  ; address[7] ; address[7] ; None                        ; None                      ; 1.623 ns                ;
; N/A   ; Restricted to 500.00 MHz ( period = 2.000 ns ) ; lpm_ram_dq0:inst|altsyncram:altsyncram_component|altsyncram_56f1:auto_generated|ram_block1a0~porta_datain_reg0 ; lpm_ram_dq0:inst|altsyncram:altsyncram_component|altsyncram_56f1:auto_generated|ram_block1a0~porta_memory_reg0  ; address[7] ; address[7] ; None                        ; None                      ; 1.623 ns                ;
; N/A   ; Restricted to 500.00 MHz ( period = 2.000 ns ) ; lpm_ram_dq0:inst|altsyncram:altsyncram_component|altsyncram_56f1:auto_generated|ram_block1a0~porta_datain_reg1 ; lpm_ram_dq0:inst|altsyncram:altsyncram_component|altsyncram_56f1:auto_generated|ram_block1a1~porta_memory_reg0  ; address[7] ; address[7] ; None                        ; None                      ; 1.623 ns                ;
; N/A   ; Restricted to 500.00 MHz ( period = 2.000 ns ) ; lpm_ram_dq0:inst|altsyncram:altsyncram_component|altsyncram_56f1:auto_generated|ram_block1a0~porta_datain_reg2 ; lpm_ram_dq0:inst|altsyncram:altsyncram_component|altsyncram_56f1:auto_generated|ram_block1a2~porta_memory_reg0  ; address[7] ; address[7] ; None                        ; None                      ; 1.623 ns                ;
; N/A   ; Restricted to 500.00 MHz ( period = 2.000 ns ) ; lpm_ram_dq0:inst|altsyncram:altsyncram_component|altsyncram_56f1:auto_generated|ram_block1a0~porta_datain_reg3 ; lpm_ram_dq0:inst|altsyncram:altsyncram_component|altsyncram_56f1:auto_generated|ram_block1a3~porta_memory_reg0  ; address[7] ; address[7] ; None                        ; None                      ; 1.623 ns                ;
; N/A   ; Restricted to 500.00 MHz ( period = 2.000 ns ) ; cash:inst8|inst419                                                                                             ; lpm_ram_dq0:inst|altsyncram:altsyncram_component|altsyncram_56f1:auto_generated|ram_block1a4~porta_we_reg       ; address[7] ; address[7] ; None                        ; None                      ; 2.130 ns                ;
; N/A   ; Restricted to 500.00 MHz ( period = 2.000 ns ) ; cash:inst8|inst50                                                                                              ; cash:inst8|inst50                                                                                               ; address[7] ; address[7] ; None                        ; None                      ; 0.488 ns                ;
; N/A   ; Restricted to 500.00 MHz ( period = 2.000 ns ) ; cash:inst8|inst419                                                                                             ; lpm_ram_dq0:inst|altsyncram:altsyncram_component|altsyncram_56f1:auto_generated|ram_block1a0~porta_we_reg       ; address[7] ; address[7] ; None                        ; None                      ; 2.053 ns                ;
; N/A   ; Restricted to 500.00 MHz ( period = 2.000 ns ) ; cash:inst8|inst416                                                                                             ; lpm_ram_dq0:inst|altsyncram:altsyncram_component|altsyncram_56f1:auto_generated|ram_block1a4~porta_we_reg       ; address[7] ; address[7] ; None                        ; None                      ; 2.536 ns                ;
; N/A   ; Restricted to 500.00 MHz ( period = 2.000 ns ) ; cash:inst8|inst416                                                                                             ; lpm_ram_dq0:inst|altsyncram:altsyncram_component|altsyncram_56f1:auto_generated|ram_block1a0~porta_we_reg       ; address[7] ; address[7] ; None                        ; None                      ; 2.459 ns                ;
+-------+------------------------------------------------+----------------------------------------------------------------------------------------------------------------+-----------------------------------------------------------------------------------------------------------------+------------+------------+-----------------------------+---------------------------+-------------------------+


+---------------------------------------------------------------------------------------------------------------------------------------------------------------------------------------------------------------------------------------------------------------------------------------------------------------------------------------------------------------------------------------------------------+
; Clock Setup: 'address[8]'                                                                                                                                                                                                                                                                                                                                                                               ;
+-------+------------------------------------------------+----------------------------------------------------------------------------------------------------------------+-----------------------------------------------------------------------------------------------------------------+------------+------------+-----------------------------+---------------------------+-------------------------+
; Slack ; Actual fmax (period)                           ; From                                                                                                           ; To                                                                                                              ; From Clock ; To Clock   ; Required Setup Relationship ; Required Longest P2P Time ; Actual Longest P2P Time ;
+-------+------------------------------------------------+----------------------------------------------------------------------------------------------------------------+-----------------------------------------------------------------------------------------------------------------+------------+------------+-----------------------------+---------------------------+-------------------------+
; N/A   ; 176.80 MHz ( period = 5.656 ns )               ; cash:inst8|lpm_counter0:inst39|lpm_counter:lpm_counter_component|cntr_sej:auto_generated|safe_q[2]             ; lpm_ram_dq0:inst|altsyncram:altsyncram_component|altsyncram_56f1:auto_generated|ram_block1a4~porta_datain_reg1  ; address[8] ; address[8] ; None                        ; None                      ; 4.368 ns                ;
; N/A   ; 181.79 MHz ( period = 5.501 ns )               ; cash:inst8|lpm_counter0:inst39|lpm_counter:lpm_counter_component|cntr_sej:auto_generated|safe_q[1]             ; lpm_ram_dq0:inst|altsyncram:altsyncram_component|altsyncram_56f1:auto_generated|ram_block1a0~porta_datain_reg3  ; address[8] ; address[8] ; None                        ; None                      ; 4.217 ns                ;
; N/A   ; 184.54 MHz ( period = 5.419 ns )               ; cash:inst8|lpm_counter0:inst39|lpm_counter:lpm_counter_component|cntr_sej:auto_generated|safe_q[0]             ; lpm_ram_dq0:inst|altsyncram:altsyncram_component|altsyncram_56f1:auto_generated|ram_block1a4~porta_datain_reg1  ; address[8] ; address[8] ; None                        ; None                      ; 4.131 ns                ;
; N/A   ; 184.98 MHz ( period = 5.406 ns )               ; cash:inst8|lpm_counter0:inst39|lpm_counter:lpm_counter_component|cntr_sej:auto_generated|safe_q[2]             ; lpm_ram_dq0:inst|altsyncram:altsyncram_component|altsyncram_56f1:auto_generated|ram_block1a4~porta_datain_reg2  ; address[8] ; address[8] ; None                        ; None                      ; 4.118 ns                ;
; N/A   ; 185.15 MHz ( period = 5.401 ns )               ; cash:inst8|lpm_counter0:inst39|lpm_counter:lpm_counter_component|cntr_sej:auto_generated|safe_q[1]             ; lpm_ram_dq0:inst|altsyncram:altsyncram_component|altsyncram_56f1:auto_generated|ram_block1a4~porta_datain_reg1  ; address[8] ; address[8] ; None                        ; None                      ; 4.113 ns                ;
; N/A   ; 187.51 MHz ( period = 5.333 ns )               ; cash:inst8|lpm_counter0:inst39|lpm_counter:lpm_counter_component|cntr_sej:auto_generated|safe_q[0]             ; lpm_ram_dq0:inst|altsyncram:altsyncram_component|altsyncram_56f1:auto_generated|ram_block1a4~porta_datain_reg2  ; address[8] ; address[8] ; None                        ; None                      ; 4.045 ns                ;
; N/A   ; 189.25 MHz ( period = 5.284 ns )               ; cash:inst8|lpm_counter0:inst39|lpm_counter:lpm_counter_component|cntr_sej:auto_generated|safe_q[2]             ; lpm_ram_dq0:inst|altsyncram:altsyncram_component|altsyncram_56f1:auto_generated|ram_block1a0~porta_datain_reg1  ; address[8] ; address[8] ; None                        ; None                      ; 4.000 ns                ;
; N/A   ; 189.47 MHz ( period = 5.278 ns )               ; cash:inst8|lpm_counter0:inst39|lpm_counter:lpm_counter_component|cntr_sej:auto_generated|safe_q[1]             ; lpm_ram_dq0:inst|altsyncram:altsyncram_component|altsyncram_56f1:auto_generated|ram_block1a4~porta_datain_reg0  ; address[8] ; address[8] ; None                        ; None                      ; 3.990 ns                ;
; N/A   ; 189.54 MHz ( period = 5.276 ns )               ; cash:inst8|lpm_counter0:inst39|lpm_counter:lpm_counter_component|cntr_sej:auto_generated|safe_q[0]             ; lpm_ram_dq0:inst|altsyncram:altsyncram_component|altsyncram_56f1:auto_generated|ram_block1a0~porta_datain_reg3  ; address[8] ; address[8] ; None                        ; None                      ; 3.992 ns                ;
; N/A   ; 190.26 MHz ( period = 5.256 ns )               ; cash:inst8|lpm_counter0:inst39|lpm_counter:lpm_counter_component|cntr_sej:auto_generated|safe_q[0]             ; lpm_ram_dq0:inst|altsyncram:altsyncram_component|altsyncram_56f1:auto_generated|ram_block1a0~porta_datain_reg1  ; address[8] ; address[8] ; None                        ; None                      ; 3.972 ns                ;
; N/A   ; 191.57 MHz ( period = 5.220 ns )               ; cash:inst8|lpm_counter0:inst39|lpm_counter:lpm_counter_component|cntr_sej:auto_generated|safe_q[1]             ; lpm_ram_dq0:inst|altsyncram:altsyncram_component|altsyncram_56f1:auto_generated|ram_block1a4~porta_datain_reg2  ; address[8] ; address[8] ; None                        ; None                      ; 3.932 ns                ;
; N/A   ; 191.64 MHz ( period = 5.218 ns )               ; cash:inst8|lpm_counter0:inst39|lpm_counter:lpm_counter_component|cntr_sej:auto_generated|safe_q[2]             ; lpm_ram_dq0:inst|altsyncram:altsyncram_component|altsyncram_56f1:auto_generated|ram_block1a4~porta_datain_reg3  ; address[8] ; address[8] ; None                        ; None                      ; 3.930 ns                ;
; N/A   ; 192.57 MHz ( period = 5.193 ns )               ; cash:inst8|lpm_counter0:inst39|lpm_counter:lpm_counter_component|cntr_sej:auto_generated|safe_q[1]             ; lpm_ram_dq0:inst|altsyncram:altsyncram_component|altsyncram_56f1:auto_generated|ram_block1a0~porta_datain_reg0  ; address[8] ; address[8] ; None                        ; None                      ; 3.909 ns                ;
; N/A   ; 193.87 MHz ( period = 5.158 ns )               ; cash:inst8|lpm_counter0:inst39|lpm_counter:lpm_counter_component|cntr_sej:auto_generated|safe_q[0]             ; lpm_ram_dq0:inst|altsyncram:altsyncram_component|altsyncram_56f1:auto_generated|ram_block1a4~porta_datain_reg0  ; address[8] ; address[8] ; None                        ; None                      ; 3.870 ns                ;
; N/A   ; 194.29 MHz ( period = 5.147 ns )               ; cash:inst8|lpm_counter0:inst39|lpm_counter:lpm_counter_component|cntr_sej:auto_generated|safe_q[2]             ; lpm_ram_dq0:inst|altsyncram:altsyncram_component|altsyncram_56f1:auto_generated|ram_block1a0~porta_datain_reg3  ; address[8] ; address[8] ; None                        ; None                      ; 3.863 ns                ;
; N/A   ; 197.78 MHz ( period = 5.056 ns )               ; cash:inst8|lpm_counter0:inst39|lpm_counter:lpm_counter_component|cntr_sej:auto_generated|safe_q[1]             ; lpm_ram_dq0:inst|altsyncram:altsyncram_component|altsyncram_56f1:auto_generated|ram_block1a0~porta_datain_reg1  ; address[8] ; address[8] ; None                        ; None                      ; 3.772 ns                ;
; N/A   ; 198.49 MHz ( period = 5.038 ns )               ; cash:inst8|lpm_counter0:inst39|lpm_counter:lpm_counter_component|cntr_sej:auto_generated|safe_q[1]             ; lpm_ram_dq0:inst|altsyncram:altsyncram_component|altsyncram_56f1:auto_generated|ram_block1a4~porta_datain_reg3  ; address[8] ; address[8] ; None                        ; None                      ; 3.750 ns                ;
; N/A   ; 199.08 MHz ( period = 5.023 ns )               ; cash:inst8|lpm_counter0:inst39|lpm_counter:lpm_counter_component|cntr_sej:auto_generated|safe_q[2]             ; lpm_ram_dq0:inst|altsyncram:altsyncram_component|altsyncram_56f1:auto_generated|ram_block1a4~porta_datain_reg0  ; address[8] ; address[8] ; None                        ; None                      ; 3.735 ns                ;
; N/A   ; 199.28 MHz ( period = 5.018 ns )               ; cash:inst8|lpm_counter0:inst39|lpm_counter:lpm_counter_component|cntr_sej:auto_generated|safe_q[0]             ; lpm_ram_dq0:inst|altsyncram:altsyncram_component|altsyncram_56f1:auto_generated|ram_block1a0~porta_datain_reg2  ; address[8] ; address[8] ; None                        ; None                      ; 3.734 ns                ;
; N/A   ; 202.59 MHz ( period = 4.936 ns )               ; cash:inst8|lpm_counter0:inst39|lpm_counter:lpm_counter_component|cntr_sej:auto_generated|safe_q[2]             ; lpm_ram_dq0:inst|altsyncram:altsyncram_component|altsyncram_56f1:auto_generated|ram_block1a0~porta_datain_reg0  ; address[8] ; address[8] ; None                        ; None                      ; 3.652 ns                ;
; N/A   ; 203.00 MHz ( period = 4.926 ns )               ; cash:inst8|lpm_counter0:inst39|lpm_counter:lpm_counter_component|cntr_sej:auto_generated|safe_q[0]             ; lpm_ram_dq0:inst|altsyncram:altsyncram_component|altsyncram_56f1:auto_generated|ram_block1a4~porta_datain_reg3  ; address[8] ; address[8] ; None                        ; None                      ; 3.638 ns                ;
; N/A   ; 203.62 MHz ( period = 4.911 ns )               ; cash:inst8|lpm_counter0:inst39|lpm_counter:lpm_counter_component|cntr_sej:auto_generated|safe_q[0]             ; lpm_ram_dq0:inst|altsyncram:altsyncram_component|altsyncram_56f1:auto_generated|ram_block1a0~porta_datain_reg0  ; address[8] ; address[8] ; None                        ; None                      ; 3.627 ns                ;
; N/A   ; 204.12 MHz ( period = 4.899 ns )               ; cash:inst8|lpm_counter0:inst39|lpm_counter:lpm_counter_component|cntr_sej:auto_generated|safe_q[1]             ; lpm_ram_dq0:inst|altsyncram:altsyncram_component|altsyncram_56f1:auto_generated|ram_block1a0~porta_datain_reg2  ; address[8] ; address[8] ; None                        ; None                      ; 3.615 ns                ;
; N/A   ; 213.86 MHz ( period = 4.676 ns )               ; cash:inst8|lpm_counter0:inst39|lpm_counter:lpm_counter_component|cntr_sej:auto_generated|safe_q[2]             ; lpm_ram_dq0:inst|altsyncram:altsyncram_component|altsyncram_56f1:auto_generated|ram_block1a0~porta_datain_reg2  ; address[8] ; address[8] ; None                        ; None                      ; 3.392 ns                ;
; N/A   ; 265.82 MHz ( period = 3.762 ns )               ; cash:inst8|inst419                                                                                             ; lpm_ram_dq0:inst|altsyncram:altsyncram_component|altsyncram_56f1:auto_generated|ram_block1a4~porta_datain_reg2  ; address[8] ; address[8] ; None                        ; None                      ; 4.619 ns                ;
; N/A   ; 270.12 MHz ( period = 3.702 ns )               ; cash:inst8|lpm_counter0:inst39|lpm_counter:lpm_counter_component|cntr_sej:auto_generated|safe_q[0]             ; lpm_ram_dq0:inst|altsyncram:altsyncram_component|altsyncram_56f1:auto_generated|ram_block1a0~porta_address_reg0 ; address[8] ; address[8] ; None                        ; None                      ; 2.418 ns                ;
; N/A   ; 270.42 MHz ( period = 3.698 ns )               ; cash:inst8|lpm_counter0:inst39|lpm_counter:lpm_counter_component|cntr_sej:auto_generated|safe_q[0]             ; lpm_ram_dq0:inst|altsyncram:altsyncram_component|altsyncram_56f1:auto_generated|ram_block1a4~porta_address_reg0 ; address[8] ; address[8] ; None                        ; None                      ; 2.410 ns                ;
; N/A   ; 271.08 MHz ( period = 3.689 ns )               ; cash:inst8|inst419                                                                                             ; lpm_ram_dq0:inst|altsyncram:altsyncram_component|altsyncram_56f1:auto_generated|ram_block1a4~porta_datain_reg1  ; address[8] ; address[8] ; None                        ; None                      ; 4.546 ns                ;
; N/A   ; 282.01 MHz ( period = 3.546 ns )               ; cash:inst8|lpm_counter0:inst39|lpm_counter:lpm_counter_component|cntr_sej:auto_generated|safe_q[1]             ; cash:inst8|lpm_counter0:inst39|lpm_counter:lpm_counter_component|cntr_sej:auto_generated|safe_q[3]              ; address[8] ; address[8] ; None                        ; None                      ; 3.215 ns                ;
; N/A   ; 282.01 MHz ( period = 3.546 ns )               ; cash:inst8|lpm_counter0:inst39|lpm_counter:lpm_counter_component|cntr_sej:auto_generated|safe_q[1]             ; cash:inst8|lpm_counter0:inst39|lpm_counter:lpm_counter_component|cntr_sej:auto_generated|safe_q[2]              ; address[8] ; address[8] ; None                        ; None                      ; 3.215 ns                ;
; N/A   ; 282.01 MHz ( period = 3.546 ns )               ; cash:inst8|lpm_counter0:inst39|lpm_counter:lpm_counter_component|cntr_sej:auto_generated|safe_q[1]             ; cash:inst8|lpm_counter0:inst39|lpm_counter:lpm_counter_component|cntr_sej:auto_generated|safe_q[1]              ; address[8] ; address[8] ; None                        ; None                      ; 3.215 ns                ;
; N/A   ; 282.01 MHz ( period = 3.546 ns )               ; cash:inst8|lpm_counter0:inst39|lpm_counter:lpm_counter_component|cntr_sej:auto_generated|safe_q[1]             ; cash:inst8|lpm_counter0:inst39|lpm_counter:lpm_counter_component|cntr_sej:auto_generated|safe_q[0]              ; address[8] ; address[8] ; None                        ; None                      ; 3.215 ns                ;
; N/A   ; 290.87 MHz ( period = 3.438 ns )               ; cash:inst8|lpm_counter0:inst39|lpm_counter:lpm_counter_component|cntr_sej:auto_generated|safe_q[0]             ; cash:inst8|lpm_counter0:inst39|lpm_counter:lpm_counter_component|cntr_sej:auto_generated|safe_q[3]              ; address[8] ; address[8] ; None                        ; None                      ; 3.107 ns                ;
; N/A   ; 290.87 MHz ( period = 3.438 ns )               ; cash:inst8|lpm_counter0:inst39|lpm_counter:lpm_counter_component|cntr_sej:auto_generated|safe_q[0]             ; cash:inst8|lpm_counter0:inst39|lpm_counter:lpm_counter_component|cntr_sej:auto_generated|safe_q[2]              ; address[8] ; address[8] ; None                        ; None                      ; 3.107 ns                ;
; N/A   ; 290.87 MHz ( period = 3.438 ns )               ; cash:inst8|lpm_counter0:inst39|lpm_counter:lpm_counter_component|cntr_sej:auto_generated|safe_q[0]             ; cash:inst8|lpm_counter0:inst39|lpm_counter:lpm_counter_component|cntr_sej:auto_generated|safe_q[1]              ; address[8] ; address[8] ; None                        ; None                      ; 3.107 ns                ;
; N/A   ; 290.87 MHz ( period = 3.438 ns )               ; cash:inst8|lpm_counter0:inst39|lpm_counter:lpm_counter_component|cntr_sej:auto_generated|safe_q[0]             ; cash:inst8|lpm_counter0:inst39|lpm_counter:lpm_counter_component|cntr_sej:auto_generated|safe_q[0]              ; address[8] ; address[8] ; None                        ; None                      ; 3.107 ns                ;
; N/A   ; 296.12 MHz ( period = 3.377 ns )               ; cash:inst8|lpm_counter0:inst39|lpm_counter:lpm_counter_component|cntr_sej:auto_generated|safe_q[2]             ; cash:inst8|lpm_counter0:inst39|lpm_counter:lpm_counter_component|cntr_sej:auto_generated|safe_q[3]              ; address[8] ; address[8] ; None                        ; None                      ; 3.046 ns                ;
; N/A   ; 296.12 MHz ( period = 3.377 ns )               ; cash:inst8|lpm_counter0:inst39|lpm_counter:lpm_counter_component|cntr_sej:auto_generated|safe_q[2]             ; cash:inst8|lpm_counter0:inst39|lpm_counter:lpm_counter_component|cntr_sej:auto_generated|safe_q[2]              ; address[8] ; address[8] ; None                        ; None                      ; 3.046 ns                ;
; N/A   ; 296.12 MHz ( period = 3.377 ns )               ; cash:inst8|lpm_counter0:inst39|lpm_counter:lpm_counter_component|cntr_sej:auto_generated|safe_q[2]             ; cash:inst8|lpm_counter0:inst39|lpm_counter:lpm_counter_component|cntr_sej:auto_generated|safe_q[1]              ; address[8] ; address[8] ; None                        ; None                      ; 3.046 ns                ;
; N/A   ; 296.12 MHz ( period = 3.377 ns )               ; cash:inst8|lpm_counter0:inst39|lpm_counter:lpm_counter_component|cntr_sej:auto_generated|safe_q[2]             ; cash:inst8|lpm_counter0:inst39|lpm_counter:lpm_counter_component|cntr_sej:auto_generated|safe_q[0]              ; address[8] ; address[8] ; None                        ; None                      ; 3.046 ns                ;
; N/A   ; 296.65 MHz ( period = 3.371 ns )               ; cash:inst8|inst419                                                                                             ; lpm_ram_dq0:inst|altsyncram:altsyncram_component|altsyncram_56f1:auto_generated|ram_block1a0~porta_datain_reg1  ; address[8] ; address[8] ; None                        ; None                      ; 4.232 ns                ;
; N/A   ; 299.04 MHz ( period = 3.344 ns )               ; cash:inst8|inst419                                                                                             ; lpm_ram_dq0:inst|altsyncram:altsyncram_component|altsyncram_56f1:auto_generated|ram_block1a4~porta_datain_reg3  ; address[8] ; address[8] ; None                        ; None                      ; 4.201 ns                ;
; N/A   ; 300.03 MHz ( period = 3.333 ns )               ; cash:inst8|lpm_counter0:inst39|lpm_counter:lpm_counter_component|cntr_sej:auto_generated|safe_q[3]             ; cash:inst8|lpm_counter0:inst39|lpm_counter:lpm_counter_component|cntr_sej:auto_generated|safe_q[3]              ; address[8] ; address[8] ; None                        ; None                      ; 3.002 ns                ;
; N/A   ; 300.03 MHz ( period = 3.333 ns )               ; cash:inst8|lpm_counter0:inst39|lpm_counter:lpm_counter_component|cntr_sej:auto_generated|safe_q[3]             ; cash:inst8|lpm_counter0:inst39|lpm_counter:lpm_counter_component|cntr_sej:auto_generated|safe_q[2]              ; address[8] ; address[8] ; None                        ; None                      ; 3.002 ns                ;
; N/A   ; 300.03 MHz ( period = 3.333 ns )               ; cash:inst8|lpm_counter0:inst39|lpm_counter:lpm_counter_component|cntr_sej:auto_generated|safe_q[3]             ; cash:inst8|lpm_counter0:inst39|lpm_counter:lpm_counter_component|cntr_sej:auto_generated|safe_q[1]              ; address[8] ; address[8] ; None                        ; None                      ; 3.002 ns                ;
; N/A   ; 300.03 MHz ( period = 3.333 ns )               ; cash:inst8|lpm_counter0:inst39|lpm_counter:lpm_counter_component|cntr_sej:auto_generated|safe_q[3]             ; cash:inst8|lpm_counter0:inst39|lpm_counter:lpm_counter_component|cntr_sej:auto_generated|safe_q[0]              ; address[8] ; address[8] ; None                        ; None                      ; 3.002 ns                ;
; N/A   ; 301.20 MHz ( period = 3.320 ns )               ; cash:inst8|lpm_counter0:inst39|lpm_counter:lpm_counter_component|cntr_sej:auto_generated|safe_q[2]             ; lpm_ram_dq0:inst|altsyncram:altsyncram_component|altsyncram_56f1:auto_generated|ram_block1a4~porta_address_reg2 ; address[8] ; address[8] ; None                        ; None                      ; 2.032 ns                ;
; N/A   ; 302.11 MHz ( period = 3.310 ns )               ; cash:inst8|lpm_counter0:inst39|lpm_counter:lpm_counter_component|cntr_sej:auto_generated|safe_q[2]             ; lpm_ram_dq0:inst|altsyncram:altsyncram_component|altsyncram_56f1:auto_generated|ram_block1a0~porta_address_reg2 ; address[8] ; address[8] ; None                        ; None                      ; 2.026 ns                ;
; N/A   ; 302.21 MHz ( period = 3.309 ns )               ; cash:inst8|inst419                                                                                             ; lpm_ram_dq0:inst|altsyncram:altsyncram_component|altsyncram_56f1:auto_generated|ram_block1a0~porta_datain_reg3  ; address[8] ; address[8] ; None                        ; None                      ; 4.170 ns                ;
; N/A   ; 303.03 MHz ( period = 3.300 ns )               ; cash:inst8|inst419                                                                                             ; lpm_ram_dq0:inst|altsyncram:altsyncram_component|altsyncram_56f1:auto_generated|ram_block1a4~porta_datain_reg0  ; address[8] ; address[8] ; None                        ; None                      ; 4.157 ns                ;
; N/A   ; 303.21 MHz ( period = 3.298 ns )               ; cash:inst8|lpm_counter0:inst39|lpm_counter:lpm_counter_component|cntr_sej:auto_generated|safe_q[1]             ; lpm_ram_dq0:inst|altsyncram:altsyncram_component|altsyncram_56f1:auto_generated|ram_block1a0~porta_address_reg1 ; address[8] ; address[8] ; None                        ; None                      ; 2.014 ns                ;
; N/A   ; 303.77 MHz ( period = 3.292 ns )               ; cash:inst8|lpm_counter0:inst39|lpm_counter:lpm_counter_component|cntr_sej:auto_generated|safe_q[1]             ; lpm_ram_dq0:inst|altsyncram:altsyncram_component|altsyncram_56f1:auto_generated|ram_block1a4~porta_address_reg1 ; address[8] ; address[8] ; None                        ; None                      ; 2.004 ns                ;
; N/A   ; 311.04 MHz ( period = 3.215 ns )               ; cash:inst8|inst419                                                                                             ; lpm_ram_dq0:inst|altsyncram:altsyncram_component|altsyncram_56f1:auto_generated|ram_block1a0~porta_datain_reg0  ; address[8] ; address[8] ; None                        ; None                      ; 4.076 ns                ;
; N/A   ; 313.87 MHz ( period = 3.186 ns )               ; cash:inst8|inst416                                                                                             ; lpm_ram_dq0:inst|altsyncram:altsyncram_component|altsyncram_56f1:auto_generated|ram_block1a0~porta_datain_reg3  ; address[8] ; address[8] ; None                        ; None                      ; 4.843 ns                ;
; N/A   ; 318.98 MHz ( period = 3.135 ns )               ; cash:inst8|inst416                                                                                             ; lpm_ram_dq0:inst|altsyncram:altsyncram_component|altsyncram_56f1:auto_generated|ram_block1a4~porta_datain_reg1  ; address[8] ; address[8] ; None                        ; None                      ; 4.788 ns                ;
; N/A   ; 327.98 MHz ( period = 3.049 ns )               ; cash:inst8|inst416                                                                                             ; lpm_ram_dq0:inst|altsyncram:altsyncram_component|altsyncram_56f1:auto_generated|ram_block1a4~porta_datain_reg2  ; address[8] ; address[8] ; None                        ; None                      ; 4.702 ns                ;
; N/A   ; 336.47 MHz ( period = 2.972 ns )               ; cash:inst8|inst416                                                                                             ; lpm_ram_dq0:inst|altsyncram:altsyncram_component|altsyncram_56f1:auto_generated|ram_block1a0~porta_datain_reg1  ; address[8] ; address[8] ; None                        ; None                      ; 4.629 ns                ;
; N/A   ; 342.35 MHz ( period = 2.921 ns )               ; cash:inst8|inst419                                                                                             ; lpm_ram_dq0:inst|altsyncram:altsyncram_component|altsyncram_56f1:auto_generated|ram_block1a0~porta_datain_reg2  ; address[8] ; address[8] ; None                        ; None                      ; 3.782 ns                ;
; N/A   ; 347.95 MHz ( period = 2.874 ns )               ; cash:inst8|inst416                                                                                             ; lpm_ram_dq0:inst|altsyncram:altsyncram_component|altsyncram_56f1:auto_generated|ram_block1a4~porta_datain_reg0  ; address[8] ; address[8] ; None                        ; None                      ; 4.527 ns                ;
; N/A   ; 365.76 MHz ( period = 2.734 ns )               ; cash:inst8|inst416                                                                                             ; lpm_ram_dq0:inst|altsyncram:altsyncram_component|altsyncram_56f1:auto_generated|ram_block1a0~porta_datain_reg2  ; address[8] ; address[8] ; None                        ; None                      ; 4.391 ns                ;
; N/A   ; 367.24 MHz ( period = 2.723 ns )               ; cash:inst8|inst416                                                                                             ; lpm_ram_dq0:inst|altsyncram:altsyncram_component|altsyncram_56f1:auto_generated|ram_block1a4~porta_datain_reg3  ; address[8] ; address[8] ; None                        ; None                      ; 4.376 ns                ;
; N/A   ; 380.66 MHz ( period = 2.627 ns )               ; cash:inst8|inst416                                                                                             ; lpm_ram_dq0:inst|altsyncram:altsyncram_component|altsyncram_56f1:auto_generated|ram_block1a0~porta_datain_reg0  ; address[8] ; address[8] ; None                        ; None                      ; 4.284 ns                ;
; N/A   ; 461.25 MHz ( period = 2.168 ns )               ; lpm_ram_dq0:inst|altsyncram:altsyncram_component|altsyncram_56f1:auto_generated|ram_block1a4~porta_datain_reg0 ; lpm_ram_dq0:inst|altsyncram:altsyncram_component|altsyncram_56f1:auto_generated|ram_block1a4~porta_memory_reg0  ; address[8] ; address[8] ; None                        ; None                      ; 1.623 ns                ;
; N/A   ; 461.25 MHz ( period = 2.168 ns )               ; lpm_ram_dq0:inst|altsyncram:altsyncram_component|altsyncram_56f1:auto_generated|ram_block1a4~porta_datain_reg1 ; lpm_ram_dq0:inst|altsyncram:altsyncram_component|altsyncram_56f1:auto_generated|ram_block1a5~porta_memory_reg0  ; address[8] ; address[8] ; None                        ; None                      ; 1.623 ns                ;
; N/A   ; 461.25 MHz ( period = 2.168 ns )               ; lpm_ram_dq0:inst|altsyncram:altsyncram_component|altsyncram_56f1:auto_generated|ram_block1a4~porta_datain_reg2 ; lpm_ram_dq0:inst|altsyncram:altsyncram_component|altsyncram_56f1:auto_generated|ram_block1a6~porta_memory_reg0  ; address[8] ; address[8] ; None                        ; None                      ; 1.623 ns                ;
; N/A   ; 461.25 MHz ( period = 2.168 ns )               ; lpm_ram_dq0:inst|altsyncram:altsyncram_component|altsyncram_56f1:auto_generated|ram_block1a4~porta_datain_reg3 ; lpm_ram_dq0:inst|altsyncram:altsyncram_component|altsyncram_56f1:auto_generated|ram_block1a7~porta_memory_reg0  ; address[8] ; address[8] ; None                        ; None                      ; 1.623 ns                ;
; N/A   ; 461.25 MHz ( period = 2.168 ns )               ; lpm_ram_dq0:inst|altsyncram:altsyncram_component|altsyncram_56f1:auto_generated|ram_block1a0~porta_datain_reg0 ; lpm_ram_dq0:inst|altsyncram:altsyncram_component|altsyncram_56f1:auto_generated|ram_block1a0~porta_memory_reg0  ; address[8] ; address[8] ; None                        ; None                      ; 1.623 ns                ;
; N/A   ; 461.25 MHz ( period = 2.168 ns )               ; lpm_ram_dq0:inst|altsyncram:altsyncram_component|altsyncram_56f1:auto_generated|ram_block1a0~porta_datain_reg1 ; lpm_ram_dq0:inst|altsyncram:altsyncram_component|altsyncram_56f1:auto_generated|ram_block1a1~porta_memory_reg0  ; address[8] ; address[8] ; None                        ; None                      ; 1.623 ns                ;
; N/A   ; 461.25 MHz ( period = 2.168 ns )               ; lpm_ram_dq0:inst|altsyncram:altsyncram_component|altsyncram_56f1:auto_generated|ram_block1a0~porta_datain_reg2 ; lpm_ram_dq0:inst|altsyncram:altsyncram_component|altsyncram_56f1:auto_generated|ram_block1a2~porta_memory_reg0  ; address[8] ; address[8] ; None                        ; None                      ; 1.623 ns                ;
; N/A   ; 461.25 MHz ( period = 2.168 ns )               ; lpm_ram_dq0:inst|altsyncram:altsyncram_component|altsyncram_56f1:auto_generated|ram_block1a0~porta_datain_reg3 ; lpm_ram_dq0:inst|altsyncram:altsyncram_component|altsyncram_56f1:auto_generated|ram_block1a3~porta_memory_reg0  ; address[8] ; address[8] ; None                        ; None                      ; 1.623 ns                ;
; N/A   ; Restricted to 500.00 MHz ( period = 2.000 ns ) ; cash:inst8|inst419                                                                                             ; lpm_ram_dq0:inst|altsyncram:altsyncram_component|altsyncram_56f1:auto_generated|ram_block1a4~porta_we_reg       ; address[8] ; address[8] ; None                        ; None                      ; 2.130 ns                ;
; N/A   ; Restricted to 500.00 MHz ( period = 2.000 ns ) ; cash:inst8|inst419                                                                                             ; lpm_ram_dq0:inst|altsyncram:altsyncram_component|altsyncram_56f1:auto_generated|ram_block1a0~porta_we_reg       ; address[8] ; address[8] ; None                        ; None                      ; 2.053 ns                ;
; N/A   ; Restricted to 500.00 MHz ( period = 2.000 ns ) ; cash:inst8|inst50                                                                                              ; cash:inst8|inst50                                                                                               ; address[8] ; address[8] ; None                        ; None                      ; 0.488 ns                ;
; N/A   ; Restricted to 500.00 MHz ( period = 2.000 ns ) ; cash:inst8|inst416                                                                                             ; lpm_ram_dq0:inst|altsyncram:altsyncram_component|altsyncram_56f1:auto_generated|ram_block1a4~porta_we_reg       ; address[8] ; address[8] ; None                        ; None                      ; 2.536 ns                ;
; N/A   ; Restricted to 500.00 MHz ( period = 2.000 ns ) ; cash:inst8|inst416                                                                                             ; lpm_ram_dq0:inst|altsyncram:altsyncram_component|altsyncram_56f1:auto_generated|ram_block1a0~porta_we_reg       ; address[8] ; address[8] ; None                        ; None                      ; 2.459 ns                ;
+-------+------------------------------------------------+----------------------------------------------------------------------------------------------------------------+-----------------------------------------------------------------------------------------------------------------+------------+------------+-----------------------------+---------------------------+-------------------------+


+---------------------------------------------------------------------------------------------------------------------------------------------------------------------------------------------------------------------------------------------------------------------------------------------------------------------------------------------------------------------------------------------------------+
; Clock Setup: 'address[9]'                                                                                                                                                                                                                                                                                                                                                                               ;
+-------+------------------------------------------------+----------------------------------------------------------------------------------------------------------------+-----------------------------------------------------------------------------------------------------------------+------------+------------+-----------------------------+---------------------------+-------------------------+
; Slack ; Actual fmax (period)                           ; From                                                                                                           ; To                                                                                                              ; From Clock ; To Clock   ; Required Setup Relationship ; Required Longest P2P Time ; Actual Longest P2P Time ;
+-------+------------------------------------------------+----------------------------------------------------------------------------------------------------------------+-----------------------------------------------------------------------------------------------------------------+------------+------------+-----------------------------+---------------------------+-------------------------+
; N/A   ; 181.52 MHz ( period = 5.509 ns )               ; cash:inst8|lpm_counter0:inst39|lpm_counter:lpm_counter_component|cntr_sej:auto_generated|safe_q[2]             ; lpm_ram_dq0:inst|altsyncram:altsyncram_component|altsyncram_56f1:auto_generated|ram_block1a4~porta_datain_reg1  ; address[9] ; address[9] ; None                        ; None                      ; 4.368 ns                ;
; N/A   ; 186.78 MHz ( period = 5.354 ns )               ; cash:inst8|lpm_counter0:inst39|lpm_counter:lpm_counter_component|cntr_sej:auto_generated|safe_q[1]             ; lpm_ram_dq0:inst|altsyncram:altsyncram_component|altsyncram_56f1:auto_generated|ram_block1a0~porta_datain_reg3  ; address[9] ; address[9] ; None                        ; None                      ; 4.217 ns                ;
; N/A   ; 189.68 MHz ( period = 5.272 ns )               ; cash:inst8|lpm_counter0:inst39|lpm_counter:lpm_counter_component|cntr_sej:auto_generated|safe_q[0]             ; lpm_ram_dq0:inst|altsyncram:altsyncram_component|altsyncram_56f1:auto_generated|ram_block1a4~porta_datain_reg1  ; address[9] ; address[9] ; None                        ; None                      ; 4.131 ns                ;
; N/A   ; 190.15 MHz ( period = 5.259 ns )               ; cash:inst8|lpm_counter0:inst39|lpm_counter:lpm_counter_component|cntr_sej:auto_generated|safe_q[2]             ; lpm_ram_dq0:inst|altsyncram:altsyncram_component|altsyncram_56f1:auto_generated|ram_block1a4~porta_datain_reg2  ; address[9] ; address[9] ; None                        ; None                      ; 4.118 ns                ;
; N/A   ; 190.33 MHz ( period = 5.254 ns )               ; cash:inst8|lpm_counter0:inst39|lpm_counter:lpm_counter_component|cntr_sej:auto_generated|safe_q[1]             ; lpm_ram_dq0:inst|altsyncram:altsyncram_component|altsyncram_56f1:auto_generated|ram_block1a4~porta_datain_reg1  ; address[9] ; address[9] ; None                        ; None                      ; 4.113 ns                ;
; N/A   ; 192.83 MHz ( period = 5.186 ns )               ; cash:inst8|lpm_counter0:inst39|lpm_counter:lpm_counter_component|cntr_sej:auto_generated|safe_q[0]             ; lpm_ram_dq0:inst|altsyncram:altsyncram_component|altsyncram_56f1:auto_generated|ram_block1a4~porta_datain_reg2  ; address[9] ; address[9] ; None                        ; None                      ; 4.045 ns                ;
; N/A   ; 194.67 MHz ( period = 5.137 ns )               ; cash:inst8|lpm_counter0:inst39|lpm_counter:lpm_counter_component|cntr_sej:auto_generated|safe_q[2]             ; lpm_ram_dq0:inst|altsyncram:altsyncram_component|altsyncram_56f1:auto_generated|ram_block1a0~porta_datain_reg1  ; address[9] ; address[9] ; None                        ; None                      ; 4.000 ns                ;
; N/A   ; 194.89 MHz ( period = 5.131 ns )               ; cash:inst8|lpm_counter0:inst39|lpm_counter:lpm_counter_component|cntr_sej:auto_generated|safe_q[1]             ; lpm_ram_dq0:inst|altsyncram:altsyncram_component|altsyncram_56f1:auto_generated|ram_block1a4~porta_datain_reg0  ; address[9] ; address[9] ; None                        ; None                      ; 3.990 ns                ;
; N/A   ; 194.97 MHz ( period = 5.129 ns )               ; cash:inst8|lpm_counter0:inst39|lpm_counter:lpm_counter_component|cntr_sej:auto_generated|safe_q[0]             ; lpm_ram_dq0:inst|altsyncram:altsyncram_component|altsyncram_56f1:auto_generated|ram_block1a0~porta_datain_reg3  ; address[9] ; address[9] ; None                        ; None                      ; 3.992 ns                ;
; N/A   ; 195.73 MHz ( period = 5.109 ns )               ; cash:inst8|lpm_counter0:inst39|lpm_counter:lpm_counter_component|cntr_sej:auto_generated|safe_q[0]             ; lpm_ram_dq0:inst|altsyncram:altsyncram_component|altsyncram_56f1:auto_generated|ram_block1a0~porta_datain_reg1  ; address[9] ; address[9] ; None                        ; None                      ; 3.972 ns                ;
; N/A   ; 197.12 MHz ( period = 5.073 ns )               ; cash:inst8|lpm_counter0:inst39|lpm_counter:lpm_counter_component|cntr_sej:auto_generated|safe_q[1]             ; lpm_ram_dq0:inst|altsyncram:altsyncram_component|altsyncram_56f1:auto_generated|ram_block1a4~porta_datain_reg2  ; address[9] ; address[9] ; None                        ; None                      ; 3.932 ns                ;
; N/A   ; 197.20 MHz ( period = 5.071 ns )               ; cash:inst8|lpm_counter0:inst39|lpm_counter:lpm_counter_component|cntr_sej:auto_generated|safe_q[2]             ; lpm_ram_dq0:inst|altsyncram:altsyncram_component|altsyncram_56f1:auto_generated|ram_block1a4~porta_datain_reg3  ; address[9] ; address[9] ; None                        ; None                      ; 3.930 ns                ;
; N/A   ; 198.18 MHz ( period = 5.046 ns )               ; cash:inst8|lpm_counter0:inst39|lpm_counter:lpm_counter_component|cntr_sej:auto_generated|safe_q[1]             ; lpm_ram_dq0:inst|altsyncram:altsyncram_component|altsyncram_56f1:auto_generated|ram_block1a0~porta_datain_reg0  ; address[9] ; address[9] ; None                        ; None                      ; 3.909 ns                ;
; N/A   ; 199.56 MHz ( period = 5.011 ns )               ; cash:inst8|lpm_counter0:inst39|lpm_counter:lpm_counter_component|cntr_sej:auto_generated|safe_q[0]             ; lpm_ram_dq0:inst|altsyncram:altsyncram_component|altsyncram_56f1:auto_generated|ram_block1a4~porta_datain_reg0  ; address[9] ; address[9] ; None                        ; None                      ; 3.870 ns                ;
; N/A   ; 200.00 MHz ( period = 5.000 ns )               ; cash:inst8|lpm_counter0:inst39|lpm_counter:lpm_counter_component|cntr_sej:auto_generated|safe_q[2]             ; lpm_ram_dq0:inst|altsyncram:altsyncram_component|altsyncram_56f1:auto_generated|ram_block1a0~porta_datain_reg3  ; address[9] ; address[9] ; None                        ; None                      ; 3.863 ns                ;
; N/A   ; 203.71 MHz ( period = 4.909 ns )               ; cash:inst8|lpm_counter0:inst39|lpm_counter:lpm_counter_component|cntr_sej:auto_generated|safe_q[1]             ; lpm_ram_dq0:inst|altsyncram:altsyncram_component|altsyncram_56f1:auto_generated|ram_block1a0~porta_datain_reg1  ; address[9] ; address[9] ; None                        ; None                      ; 3.772 ns                ;
; N/A   ; 204.46 MHz ( period = 4.891 ns )               ; cash:inst8|lpm_counter0:inst39|lpm_counter:lpm_counter_component|cntr_sej:auto_generated|safe_q[1]             ; lpm_ram_dq0:inst|altsyncram:altsyncram_component|altsyncram_56f1:auto_generated|ram_block1a4~porta_datain_reg3  ; address[9] ; address[9] ; None                        ; None                      ; 3.750 ns                ;
; N/A   ; 205.09 MHz ( period = 4.876 ns )               ; cash:inst8|lpm_counter0:inst39|lpm_counter:lpm_counter_component|cntr_sej:auto_generated|safe_q[2]             ; lpm_ram_dq0:inst|altsyncram:altsyncram_component|altsyncram_56f1:auto_generated|ram_block1a4~porta_datain_reg0  ; address[9] ; address[9] ; None                        ; None                      ; 3.735 ns                ;
; N/A   ; 205.30 MHz ( period = 4.871 ns )               ; cash:inst8|lpm_counter0:inst39|lpm_counter:lpm_counter_component|cntr_sej:auto_generated|safe_q[0]             ; lpm_ram_dq0:inst|altsyncram:altsyncram_component|altsyncram_56f1:auto_generated|ram_block1a0~porta_datain_reg2  ; address[9] ; address[9] ; None                        ; None                      ; 3.734 ns                ;
; N/A   ; 208.81 MHz ( period = 4.789 ns )               ; cash:inst8|lpm_counter0:inst39|lpm_counter:lpm_counter_component|cntr_sej:auto_generated|safe_q[2]             ; lpm_ram_dq0:inst|altsyncram:altsyncram_component|altsyncram_56f1:auto_generated|ram_block1a0~porta_datain_reg0  ; address[9] ; address[9] ; None                        ; None                      ; 3.652 ns                ;
; N/A   ; 209.25 MHz ( period = 4.779 ns )               ; cash:inst8|lpm_counter0:inst39|lpm_counter:lpm_counter_component|cntr_sej:auto_generated|safe_q[0]             ; lpm_ram_dq0:inst|altsyncram:altsyncram_component|altsyncram_56f1:auto_generated|ram_block1a4~porta_datain_reg3  ; address[9] ; address[9] ; None                        ; None                      ; 3.638 ns                ;
; N/A   ; 209.91 MHz ( period = 4.764 ns )               ; cash:inst8|lpm_counter0:inst39|lpm_counter:lpm_counter_component|cntr_sej:auto_generated|safe_q[0]             ; lpm_ram_dq0:inst|altsyncram:altsyncram_component|altsyncram_56f1:auto_generated|ram_block1a0~porta_datain_reg0  ; address[9] ; address[9] ; None                        ; None                      ; 3.627 ns                ;
; N/A   ; 210.44 MHz ( period = 4.752 ns )               ; cash:inst8|lpm_counter0:inst39|lpm_counter:lpm_counter_component|cntr_sej:auto_generated|safe_q[1]             ; lpm_ram_dq0:inst|altsyncram:altsyncram_component|altsyncram_56f1:auto_generated|ram_block1a0~porta_datain_reg2  ; address[9] ; address[9] ; None                        ; None                      ; 3.615 ns                ;
; N/A   ; 220.80 MHz ( period = 4.529 ns )               ; cash:inst8|lpm_counter0:inst39|lpm_counter:lpm_counter_component|cntr_sej:auto_generated|safe_q[2]             ; lpm_ram_dq0:inst|altsyncram:altsyncram_component|altsyncram_56f1:auto_generated|ram_block1a0~porta_datain_reg2  ; address[9] ; address[9] ; None                        ; None                      ; 3.392 ns                ;
; N/A   ; 280.35 MHz ( period = 3.567 ns )               ; cash:inst8|inst419                                                                                             ; lpm_ram_dq0:inst|altsyncram:altsyncram_component|altsyncram_56f1:auto_generated|ram_block1a4~porta_datain_reg2  ; address[9] ; address[9] ; None                        ; None                      ; 4.619 ns                ;
; N/A   ; 281.29 MHz ( period = 3.555 ns )               ; cash:inst8|lpm_counter0:inst39|lpm_counter:lpm_counter_component|cntr_sej:auto_generated|safe_q[0]             ; lpm_ram_dq0:inst|altsyncram:altsyncram_component|altsyncram_56f1:auto_generated|ram_block1a0~porta_address_reg0 ; address[9] ; address[9] ; None                        ; None                      ; 2.418 ns                ;
; N/A   ; 281.61 MHz ( period = 3.551 ns )               ; cash:inst8|lpm_counter0:inst39|lpm_counter:lpm_counter_component|cntr_sej:auto_generated|safe_q[0]             ; lpm_ram_dq0:inst|altsyncram:altsyncram_component|altsyncram_56f1:auto_generated|ram_block1a4~porta_address_reg0 ; address[9] ; address[9] ; None                        ; None                      ; 2.410 ns                ;
; N/A   ; 286.20 MHz ( period = 3.494 ns )               ; cash:inst8|inst419                                                                                             ; lpm_ram_dq0:inst|altsyncram:altsyncram_component|altsyncram_56f1:auto_generated|ram_block1a4~porta_datain_reg1  ; address[9] ; address[9] ; None                        ; None                      ; 4.546 ns                ;
; N/A   ; 290.11 MHz ( period = 3.447 ns )               ; cash:inst8|lpm_counter0:inst39|lpm_counter:lpm_counter_component|cntr_sej:auto_generated|safe_q[1]             ; cash:inst8|lpm_counter0:inst39|lpm_counter:lpm_counter_component|cntr_sej:auto_generated|safe_q[3]              ; address[9] ; address[9] ; None                        ; None                      ; 3.215 ns                ;
; N/A   ; 290.11 MHz ( period = 3.447 ns )               ; cash:inst8|lpm_counter0:inst39|lpm_counter:lpm_counter_component|cntr_sej:auto_generated|safe_q[1]             ; cash:inst8|lpm_counter0:inst39|lpm_counter:lpm_counter_component|cntr_sej:auto_generated|safe_q[2]              ; address[9] ; address[9] ; None                        ; None                      ; 3.215 ns                ;
; N/A   ; 290.11 MHz ( period = 3.447 ns )               ; cash:inst8|lpm_counter0:inst39|lpm_counter:lpm_counter_component|cntr_sej:auto_generated|safe_q[1]             ; cash:inst8|lpm_counter0:inst39|lpm_counter:lpm_counter_component|cntr_sej:auto_generated|safe_q[1]              ; address[9] ; address[9] ; None                        ; None                      ; 3.215 ns                ;
; N/A   ; 290.11 MHz ( period = 3.447 ns )               ; cash:inst8|lpm_counter0:inst39|lpm_counter:lpm_counter_component|cntr_sej:auto_generated|safe_q[1]             ; cash:inst8|lpm_counter0:inst39|lpm_counter:lpm_counter_component|cntr_sej:auto_generated|safe_q[0]              ; address[9] ; address[9] ; None                        ; None                      ; 3.215 ns                ;
; N/A   ; 299.49 MHz ( period = 3.339 ns )               ; cash:inst8|lpm_counter0:inst39|lpm_counter:lpm_counter_component|cntr_sej:auto_generated|safe_q[0]             ; cash:inst8|lpm_counter0:inst39|lpm_counter:lpm_counter_component|cntr_sej:auto_generated|safe_q[3]              ; address[9] ; address[9] ; None                        ; None                      ; 3.107 ns                ;
; N/A   ; 299.49 MHz ( period = 3.339 ns )               ; cash:inst8|lpm_counter0:inst39|lpm_counter:lpm_counter_component|cntr_sej:auto_generated|safe_q[0]             ; cash:inst8|lpm_counter0:inst39|lpm_counter:lpm_counter_component|cntr_sej:auto_generated|safe_q[2]              ; address[9] ; address[9] ; None                        ; None                      ; 3.107 ns                ;
; N/A   ; 299.49 MHz ( period = 3.339 ns )               ; cash:inst8|lpm_counter0:inst39|lpm_counter:lpm_counter_component|cntr_sej:auto_generated|safe_q[0]             ; cash:inst8|lpm_counter0:inst39|lpm_counter:lpm_counter_component|cntr_sej:auto_generated|safe_q[1]              ; address[9] ; address[9] ; None                        ; None                      ; 3.107 ns                ;
; N/A   ; 299.49 MHz ( period = 3.339 ns )               ; cash:inst8|lpm_counter0:inst39|lpm_counter:lpm_counter_component|cntr_sej:auto_generated|safe_q[0]             ; cash:inst8|lpm_counter0:inst39|lpm_counter:lpm_counter_component|cntr_sej:auto_generated|safe_q[0]              ; address[9] ; address[9] ; None                        ; None                      ; 3.107 ns                ;
; N/A   ; 305.06 MHz ( period = 3.278 ns )               ; cash:inst8|lpm_counter0:inst39|lpm_counter:lpm_counter_component|cntr_sej:auto_generated|safe_q[2]             ; cash:inst8|lpm_counter0:inst39|lpm_counter:lpm_counter_component|cntr_sej:auto_generated|safe_q[3]              ; address[9] ; address[9] ; None                        ; None                      ; 3.046 ns                ;
; N/A   ; 305.06 MHz ( period = 3.278 ns )               ; cash:inst8|lpm_counter0:inst39|lpm_counter:lpm_counter_component|cntr_sej:auto_generated|safe_q[2]             ; cash:inst8|lpm_counter0:inst39|lpm_counter:lpm_counter_component|cntr_sej:auto_generated|safe_q[2]              ; address[9] ; address[9] ; None                        ; None                      ; 3.046 ns                ;
; N/A   ; 305.06 MHz ( period = 3.278 ns )               ; cash:inst8|lpm_counter0:inst39|lpm_counter:lpm_counter_component|cntr_sej:auto_generated|safe_q[2]             ; cash:inst8|lpm_counter0:inst39|lpm_counter:lpm_counter_component|cntr_sej:auto_generated|safe_q[1]              ; address[9] ; address[9] ; None                        ; None                      ; 3.046 ns                ;
; N/A   ; 305.06 MHz ( period = 3.278 ns )               ; cash:inst8|lpm_counter0:inst39|lpm_counter:lpm_counter_component|cntr_sej:auto_generated|safe_q[2]             ; cash:inst8|lpm_counter0:inst39|lpm_counter:lpm_counter_component|cntr_sej:auto_generated|safe_q[0]              ; address[9] ; address[9] ; None                        ; None                      ; 3.046 ns                ;
; N/A   ; 309.21 MHz ( period = 3.234 ns )               ; cash:inst8|lpm_counter0:inst39|lpm_counter:lpm_counter_component|cntr_sej:auto_generated|safe_q[3]             ; cash:inst8|lpm_counter0:inst39|lpm_counter:lpm_counter_component|cntr_sej:auto_generated|safe_q[3]              ; address[9] ; address[9] ; None                        ; None                      ; 3.002 ns                ;
; N/A   ; 309.21 MHz ( period = 3.234 ns )               ; cash:inst8|lpm_counter0:inst39|lpm_counter:lpm_counter_component|cntr_sej:auto_generated|safe_q[3]             ; cash:inst8|lpm_counter0:inst39|lpm_counter:lpm_counter_component|cntr_sej:auto_generated|safe_q[2]              ; address[9] ; address[9] ; None                        ; None                      ; 3.002 ns                ;
; N/A   ; 309.21 MHz ( period = 3.234 ns )               ; cash:inst8|lpm_counter0:inst39|lpm_counter:lpm_counter_component|cntr_sej:auto_generated|safe_q[3]             ; cash:inst8|lpm_counter0:inst39|lpm_counter:lpm_counter_component|cntr_sej:auto_generated|safe_q[1]              ; address[9] ; address[9] ; None                        ; None                      ; 3.002 ns                ;
; N/A   ; 309.21 MHz ( period = 3.234 ns )               ; cash:inst8|lpm_counter0:inst39|lpm_counter:lpm_counter_component|cntr_sej:auto_generated|safe_q[3]             ; cash:inst8|lpm_counter0:inst39|lpm_counter:lpm_counter_component|cntr_sej:auto_generated|safe_q[0]              ; address[9] ; address[9] ; None                        ; None                      ; 3.002 ns                ;
; N/A   ; 314.86 MHz ( period = 3.176 ns )               ; cash:inst8|inst419                                                                                             ; lpm_ram_dq0:inst|altsyncram:altsyncram_component|altsyncram_56f1:auto_generated|ram_block1a0~porta_datain_reg1  ; address[9] ; address[9] ; None                        ; None                      ; 4.232 ns                ;
; N/A   ; 315.16 MHz ( period = 3.173 ns )               ; cash:inst8|lpm_counter0:inst39|lpm_counter:lpm_counter_component|cntr_sej:auto_generated|safe_q[2]             ; lpm_ram_dq0:inst|altsyncram:altsyncram_component|altsyncram_56f1:auto_generated|ram_block1a4~porta_address_reg2 ; address[9] ; address[9] ; None                        ; None                      ; 2.032 ns                ;
; N/A   ; 316.16 MHz ( period = 3.163 ns )               ; cash:inst8|lpm_counter0:inst39|lpm_counter:lpm_counter_component|cntr_sej:auto_generated|safe_q[2]             ; lpm_ram_dq0:inst|altsyncram:altsyncram_component|altsyncram_56f1:auto_generated|ram_block1a0~porta_address_reg2 ; address[9] ; address[9] ; None                        ; None                      ; 2.026 ns                ;
; N/A   ; 317.36 MHz ( period = 3.151 ns )               ; cash:inst8|lpm_counter0:inst39|lpm_counter:lpm_counter_component|cntr_sej:auto_generated|safe_q[1]             ; lpm_ram_dq0:inst|altsyncram:altsyncram_component|altsyncram_56f1:auto_generated|ram_block1a0~porta_address_reg1 ; address[9] ; address[9] ; None                        ; None                      ; 2.014 ns                ;
; N/A   ; 317.56 MHz ( period = 3.149 ns )               ; cash:inst8|inst419                                                                                             ; lpm_ram_dq0:inst|altsyncram:altsyncram_component|altsyncram_56f1:auto_generated|ram_block1a4~porta_datain_reg3  ; address[9] ; address[9] ; None                        ; None                      ; 4.201 ns                ;
; N/A   ; 317.97 MHz ( period = 3.145 ns )               ; cash:inst8|lpm_counter0:inst39|lpm_counter:lpm_counter_component|cntr_sej:auto_generated|safe_q[1]             ; lpm_ram_dq0:inst|altsyncram:altsyncram_component|altsyncram_56f1:auto_generated|ram_block1a4~porta_address_reg1 ; address[9] ; address[9] ; None                        ; None                      ; 2.004 ns                ;
; N/A   ; 321.13 MHz ( period = 3.114 ns )               ; cash:inst8|inst419                                                                                             ; lpm_ram_dq0:inst|altsyncram:altsyncram_component|altsyncram_56f1:auto_generated|ram_block1a0~porta_datain_reg3  ; address[9] ; address[9] ; None                        ; None                      ; 4.170 ns                ;
; N/A   ; 322.06 MHz ( period = 3.105 ns )               ; cash:inst8|inst419                                                                                             ; lpm_ram_dq0:inst|altsyncram:altsyncram_component|altsyncram_56f1:auto_generated|ram_block1a4~porta_datain_reg0  ; address[9] ; address[9] ; None                        ; None                      ; 4.157 ns                ;
; N/A   ; 331.13 MHz ( period = 3.020 ns )               ; cash:inst8|inst419                                                                                             ; lpm_ram_dq0:inst|altsyncram:altsyncram_component|altsyncram_56f1:auto_generated|ram_block1a0~porta_datain_reg0  ; address[9] ; address[9] ; None                        ; None                      ; 4.076 ns                ;
; N/A   ; 334.34 MHz ( period = 2.991 ns )               ; cash:inst8|inst416                                                                                             ; lpm_ram_dq0:inst|altsyncram:altsyncram_component|altsyncram_56f1:auto_generated|ram_block1a0~porta_datain_reg3  ; address[9] ; address[9] ; None                        ; None                      ; 4.843 ns                ;
; N/A   ; 340.14 MHz ( period = 2.940 ns )               ; cash:inst8|inst416                                                                                             ; lpm_ram_dq0:inst|altsyncram:altsyncram_component|altsyncram_56f1:auto_generated|ram_block1a4~porta_datain_reg1  ; address[9] ; address[9] ; None                        ; None                      ; 4.788 ns                ;
; N/A   ; 350.39 MHz ( period = 2.854 ns )               ; cash:inst8|inst416                                                                                             ; lpm_ram_dq0:inst|altsyncram:altsyncram_component|altsyncram_56f1:auto_generated|ram_block1a4~porta_datain_reg2  ; address[9] ; address[9] ; None                        ; None                      ; 4.702 ns                ;
; N/A   ; 360.10 MHz ( period = 2.777 ns )               ; cash:inst8|inst416                                                                                             ; lpm_ram_dq0:inst|altsyncram:altsyncram_component|altsyncram_56f1:auto_generated|ram_block1a0~porta_datain_reg1  ; address[9] ; address[9] ; None                        ; None                      ; 4.629 ns                ;
; N/A   ; 366.84 MHz ( period = 2.726 ns )               ; cash:inst8|inst419                                                                                             ; lpm_ram_dq0:inst|altsyncram:altsyncram_component|altsyncram_56f1:auto_generated|ram_block1a0~porta_datain_reg2  ; address[9] ; address[9] ; None                        ; None                      ; 3.782 ns                ;
; N/A   ; 373.27 MHz ( period = 2.679 ns )               ; cash:inst8|inst416                                                                                             ; lpm_ram_dq0:inst|altsyncram:altsyncram_component|altsyncram_56f1:auto_generated|ram_block1a4~porta_datain_reg0  ; address[9] ; address[9] ; None                        ; None                      ; 4.527 ns                ;
; N/A   ; 393.86 MHz ( period = 2.539 ns )               ; cash:inst8|inst416                                                                                             ; lpm_ram_dq0:inst|altsyncram:altsyncram_component|altsyncram_56f1:auto_generated|ram_block1a0~porta_datain_reg2  ; address[9] ; address[9] ; None                        ; None                      ; 4.391 ns                ;
; N/A   ; 395.57 MHz ( period = 2.528 ns )               ; cash:inst8|inst416                                                                                             ; lpm_ram_dq0:inst|altsyncram:altsyncram_component|altsyncram_56f1:auto_generated|ram_block1a4~porta_datain_reg3  ; address[9] ; address[9] ; None                        ; None                      ; 4.376 ns                ;
; N/A   ; 411.18 MHz ( period = 2.432 ns )               ; cash:inst8|inst416                                                                                             ; lpm_ram_dq0:inst|altsyncram:altsyncram_component|altsyncram_56f1:auto_generated|ram_block1a0~porta_datain_reg0  ; address[9] ; address[9] ; None                        ; None                      ; 4.284 ns                ;
; N/A   ; Restricted to 500.00 MHz ( period = 2.000 ns ) ; lpm_ram_dq0:inst|altsyncram:altsyncram_component|altsyncram_56f1:auto_generated|ram_block1a4~porta_datain_reg0 ; lpm_ram_dq0:inst|altsyncram:altsyncram_component|altsyncram_56f1:auto_generated|ram_block1a4~porta_memory_reg0  ; address[9] ; address[9] ; None                        ; None                      ; 1.623 ns                ;
; N/A   ; Restricted to 500.00 MHz ( period = 2.000 ns ) ; lpm_ram_dq0:inst|altsyncram:altsyncram_component|altsyncram_56f1:auto_generated|ram_block1a4~porta_datain_reg1 ; lpm_ram_dq0:inst|altsyncram:altsyncram_component|altsyncram_56f1:auto_generated|ram_block1a5~porta_memory_reg0  ; address[9] ; address[9] ; None                        ; None                      ; 1.623 ns                ;
; N/A   ; Restricted to 500.00 MHz ( period = 2.000 ns ) ; lpm_ram_dq0:inst|altsyncram:altsyncram_component|altsyncram_56f1:auto_generated|ram_block1a4~porta_datain_reg2 ; lpm_ram_dq0:inst|altsyncram:altsyncram_component|altsyncram_56f1:auto_generated|ram_block1a6~porta_memory_reg0  ; address[9] ; address[9] ; None                        ; None                      ; 1.623 ns                ;
; N/A   ; Restricted to 500.00 MHz ( period = 2.000 ns ) ; lpm_ram_dq0:inst|altsyncram:altsyncram_component|altsyncram_56f1:auto_generated|ram_block1a4~porta_datain_reg3 ; lpm_ram_dq0:inst|altsyncram:altsyncram_component|altsyncram_56f1:auto_generated|ram_block1a7~porta_memory_reg0  ; address[9] ; address[9] ; None                        ; None                      ; 1.623 ns                ;
; N/A   ; Restricted to 500.00 MHz ( period = 2.000 ns ) ; lpm_ram_dq0:inst|altsyncram:altsyncram_component|altsyncram_56f1:auto_generated|ram_block1a0~porta_datain_reg0 ; lpm_ram_dq0:inst|altsyncram:altsyncram_component|altsyncram_56f1:auto_generated|ram_block1a0~porta_memory_reg0  ; address[9] ; address[9] ; None                        ; None                      ; 1.623 ns                ;
; N/A   ; Restricted to 500.00 MHz ( period = 2.000 ns ) ; lpm_ram_dq0:inst|altsyncram:altsyncram_component|altsyncram_56f1:auto_generated|ram_block1a0~porta_datain_reg1 ; lpm_ram_dq0:inst|altsyncram:altsyncram_component|altsyncram_56f1:auto_generated|ram_block1a1~porta_memory_reg0  ; address[9] ; address[9] ; None                        ; None                      ; 1.623 ns                ;
; N/A   ; Restricted to 500.00 MHz ( period = 2.000 ns ) ; lpm_ram_dq0:inst|altsyncram:altsyncram_component|altsyncram_56f1:auto_generated|ram_block1a0~porta_datain_reg2 ; lpm_ram_dq0:inst|altsyncram:altsyncram_component|altsyncram_56f1:auto_generated|ram_block1a2~porta_memory_reg0  ; address[9] ; address[9] ; None                        ; None                      ; 1.623 ns                ;
; N/A   ; Restricted to 500.00 MHz ( period = 2.000 ns ) ; lpm_ram_dq0:inst|altsyncram:altsyncram_component|altsyncram_56f1:auto_generated|ram_block1a0~porta_datain_reg3 ; lpm_ram_dq0:inst|altsyncram:altsyncram_component|altsyncram_56f1:auto_generated|ram_block1a3~porta_memory_reg0  ; address[9] ; address[9] ; None                        ; None                      ; 1.623 ns                ;
; N/A   ; Restricted to 500.00 MHz ( period = 2.000 ns ) ; cash:inst8|inst419                                                                                             ; lpm_ram_dq0:inst|altsyncram:altsyncram_component|altsyncram_56f1:auto_generated|ram_block1a4~porta_we_reg       ; address[9] ; address[9] ; None                        ; None                      ; 2.130 ns                ;
; N/A   ; Restricted to 500.00 MHz ( period = 2.000 ns ) ; cash:inst8|inst419                                                                                             ; lpm_ram_dq0:inst|altsyncram:altsyncram_component|altsyncram_56f1:auto_generated|ram_block1a0~porta_we_reg       ; address[9] ; address[9] ; None                        ; None                      ; 2.053 ns                ;
; N/A   ; Restricted to 500.00 MHz ( period = 2.000 ns ) ; cash:inst8|inst50                                                                                              ; cash:inst8|inst50                                                                                               ; address[9] ; address[9] ; None                        ; None                      ; 0.488 ns                ;
; N/A   ; Restricted to 500.00 MHz ( period = 2.000 ns ) ; cash:inst8|inst416                                                                                             ; lpm_ram_dq0:inst|altsyncram:altsyncram_component|altsyncram_56f1:auto_generated|ram_block1a4~porta_we_reg       ; address[9] ; address[9] ; None                        ; None                      ; 2.536 ns                ;
; N/A   ; Restricted to 500.00 MHz ( period = 2.000 ns ) ; cash:inst8|inst416                                                                                             ; lpm_ram_dq0:inst|altsyncram:altsyncram_component|altsyncram_56f1:auto_generated|ram_block1a0~porta_we_reg       ; address[9] ; address[9] ; None                        ; None                      ; 2.459 ns                ;
+-------+------------------------------------------------+----------------------------------------------------------------------------------------------------------------+-----------------------------------------------------------------------------------------------------------------+------------+------------+-----------------------------+---------------------------+-------------------------+


+--------------------------------------------------------------------------------------------------------------------------------------------------------------------------------------------------------------+
; Clock Setup: 'address[4]'                                                                                                                                                                                    ;
+-------+------------------------------------------------+-------------------+-------------------+------------+------------+-----------------------------+---------------------------+-------------------------+
; Slack ; Actual fmax (period)                           ; From              ; To                ; From Clock ; To Clock   ; Required Setup Relationship ; Required Longest P2P Time ; Actual Longest P2P Time ;
+-------+------------------------------------------------+-------------------+-------------------+------------+------------+-----------------------------+---------------------------+-------------------------+
; N/A   ; Restricted to 500.00 MHz ( period = 2.000 ns ) ; cash:inst8|inst50 ; cash:inst8|inst50 ; address[4] ; address[4] ; None                        ; None                      ; 0.488 ns                ;
+-------+------------------------------------------------+-------------------+-------------------+------------+------------+-----------------------------+---------------------------+-------------------------+


+--------------------------------------------------------------------------------------------------------------------------------------------------------------------------------------------------------------+
; Clock Setup: 'address[3]'                                                                                                                                                                                    ;
+-------+------------------------------------------------+-------------------+-------------------+------------+------------+-----------------------------+---------------------------+-------------------------+
; Slack ; Actual fmax (period)                           ; From              ; To                ; From Clock ; To Clock   ; Required Setup Relationship ; Required Longest P2P Time ; Actual Longest P2P Time ;
+-------+------------------------------------------------+-------------------+-------------------+------------+------------+-----------------------------+---------------------------+-------------------------+
; N/A   ; Restricted to 500.00 MHz ( period = 2.000 ns ) ; cash:inst8|inst50 ; cash:inst8|inst50 ; address[3] ; address[3] ; None                        ; None                      ; 0.488 ns                ;
+-------+------------------------------------------------+-------------------+-------------------+------------+------------+-----------------------------+---------------------------+-------------------------+


+--------------------------------------------------------------------------------------------------------------------------------------------------------------------------------------------------------------+
; Clock Setup: 'address[5]'                                                                                                                                                                                    ;
+-------+------------------------------------------------+-------------------+-------------------+------------+------------+-----------------------------+---------------------------+-------------------------+
; Slack ; Actual fmax (period)                           ; From              ; To                ; From Clock ; To Clock   ; Required Setup Relationship ; Required Longest P2P Time ; Actual Longest P2P Time ;
+-------+------------------------------------------------+-------------------+-------------------+------------+------------+-----------------------------+---------------------------+-------------------------+
; N/A   ; Restricted to 500.00 MHz ( period = 2.000 ns ) ; cash:inst8|inst50 ; cash:inst8|inst50 ; address[5] ; address[5] ; None                        ; None                      ; 0.488 ns                ;
+-------+------------------------------------------------+-------------------+-------------------+------------+------------+-----------------------------+---------------------------+-------------------------+


+-------------------------------------------------------------------------------------------------------------------------------------------------------------------------------------------------------------------------------------------------------------------------------------------------------------------------------------------------------------------------------------------------------+
; Clock Setup: 'per_strob'                                                                                                                                                                                                                                                                                                                                                                              ;
+-------+------------------------------------------------+----------------------------------------------------------------------------------------------------------------+----------------------------------------------------------------------------------------------------------------+------------+-----------+-----------------------------+---------------------------+-------------------------+
; Slack ; Actual fmax (period)                           ; From                                                                                                           ; To                                                                                                             ; From Clock ; To Clock  ; Required Setup Relationship ; Required Longest P2P Time ; Actual Longest P2P Time ;
+-------+------------------------------------------------+----------------------------------------------------------------------------------------------------------------+----------------------------------------------------------------------------------------------------------------+------------+-----------+-----------------------------+---------------------------+-------------------------+
; N/A   ; Restricted to 500.00 MHz ( period = 2.000 ns ) ; lpm_ram_dq0:inst|altsyncram:altsyncram_component|altsyncram_56f1:auto_generated|ram_block1a4~porta_datain_reg0 ; lpm_ram_dq0:inst|altsyncram:altsyncram_component|altsyncram_56f1:auto_generated|ram_block1a4~porta_memory_reg0 ; per_strob  ; per_strob ; None                        ; None                      ; 1.623 ns                ;
; N/A   ; Restricted to 500.00 MHz ( period = 2.000 ns ) ; lpm_ram_dq0:inst|altsyncram:altsyncram_component|altsyncram_56f1:auto_generated|ram_block1a4~porta_datain_reg1 ; lpm_ram_dq0:inst|altsyncram:altsyncram_component|altsyncram_56f1:auto_generated|ram_block1a5~porta_memory_reg0 ; per_strob  ; per_strob ; None                        ; None                      ; 1.623 ns                ;
; N/A   ; Restricted to 500.00 MHz ( period = 2.000 ns ) ; lpm_ram_dq0:inst|altsyncram:altsyncram_component|altsyncram_56f1:auto_generated|ram_block1a4~porta_datain_reg2 ; lpm_ram_dq0:inst|altsyncram:altsyncram_component|altsyncram_56f1:auto_generated|ram_block1a6~porta_memory_reg0 ; per_strob  ; per_strob ; None                        ; None                      ; 1.623 ns                ;
; N/A   ; Restricted to 500.00 MHz ( period = 2.000 ns ) ; lpm_ram_dq0:inst|altsyncram:altsyncram_component|altsyncram_56f1:auto_generated|ram_block1a4~porta_datain_reg3 ; lpm_ram_dq0:inst|altsyncram:altsyncram_component|altsyncram_56f1:auto_generated|ram_block1a7~porta_memory_reg0 ; per_strob  ; per_strob ; None                        ; None                      ; 1.623 ns                ;
; N/A   ; Restricted to 500.00 MHz ( period = 2.000 ns ) ; lpm_ram_dq0:inst|altsyncram:altsyncram_component|altsyncram_56f1:auto_generated|ram_block1a0~porta_datain_reg0 ; lpm_ram_dq0:inst|altsyncram:altsyncram_component|altsyncram_56f1:auto_generated|ram_block1a0~porta_memory_reg0 ; per_strob  ; per_strob ; None                        ; None                      ; 1.623 ns                ;
; N/A   ; Restricted to 500.00 MHz ( period = 2.000 ns ) ; lpm_ram_dq0:inst|altsyncram:altsyncram_component|altsyncram_56f1:auto_generated|ram_block1a0~porta_datain_reg1 ; lpm_ram_dq0:inst|altsyncram:altsyncram_component|altsyncram_56f1:auto_generated|ram_block1a1~porta_memory_reg0 ; per_strob  ; per_strob ; None                        ; None                      ; 1.623 ns                ;
; N/A   ; Restricted to 500.00 MHz ( period = 2.000 ns ) ; lpm_ram_dq0:inst|altsyncram:altsyncram_component|altsyncram_56f1:auto_generated|ram_block1a0~porta_datain_reg2 ; lpm_ram_dq0:inst|altsyncram:altsyncram_component|altsyncram_56f1:auto_generated|ram_block1a2~porta_memory_reg0 ; per_strob  ; per_strob ; None                        ; None                      ; 1.623 ns                ;
; N/A   ; Restricted to 500.00 MHz ( period = 2.000 ns ) ; lpm_ram_dq0:inst|altsyncram:altsyncram_component|altsyncram_56f1:auto_generated|ram_block1a0~porta_datain_reg3 ; lpm_ram_dq0:inst|altsyncram:altsyncram_component|altsyncram_56f1:auto_generated|ram_block1a3~porta_memory_reg0 ; per_strob  ; per_strob ; None                        ; None                      ; 1.623 ns                ;
+-------+------------------------------------------------+----------------------------------------------------------------------------------------------------------------+----------------------------------------------------------------------------------------------------------------+------------+-----------+-----------------------------+---------------------------+-------------------------+


+------------------------------------------------------------------------------------------------------------------------------------------------------------------------------------------------------------------------------------------------------------------------------------------------------------------------------------------------------------------------------+
; Clock Hold: 'clk'                                                                                                                                                                                                                                                                                                                                                            ;
+------------------------------------------+----------------------------------------------------------------------------------------------------+-----------------------------------------------------------------------------------------------------------------+------------+----------+----------------------------+----------------------------+--------------------------+
; Minimum Slack                            ; From                                                                                               ; To                                                                                                              ; From Clock ; To Clock ; Required Hold Relationship ; Required Shortest P2P Time ; Actual Shortest P2P Time ;
+------------------------------------------+----------------------------------------------------------------------------------------------------+-----------------------------------------------------------------------------------------------------------------+------------+----------+----------------------------+----------------------------+--------------------------+
; Not operational: Clock Skew > Data Delay ; cash:inst8|lpm_dff0:inst73|lpm_ff:lpm_ff_component|dffs[0]                                         ; lpm_ram_dq0:inst|altsyncram:altsyncram_component|altsyncram_56f1:auto_generated|ram_block1a0~porta_datain_reg0  ; clk        ; clk      ; None                       ; None                       ; 1.220 ns                 ;
; Not operational: Clock Skew > Data Delay ; cash:inst8|lpm_dff0:inst75|lpm_ff:lpm_ff_component|dffs[0]                                         ; lpm_ram_dq0:inst|altsyncram:altsyncram_component|altsyncram_56f1:auto_generated|ram_block1a0~porta_datain_reg0  ; clk        ; clk      ; None                       ; None                       ; 1.227 ns                 ;
; Not operational: Clock Skew > Data Delay ; cash:inst8|lpm_dff0:inst40|lpm_ff:lpm_ff_component|dffs[2]                                         ; lpm_ram_dq0:inst|altsyncram:altsyncram_component|altsyncram_56f1:auto_generated|ram_block1a0~porta_datain_reg2  ; clk        ; clk      ; None                       ; None                       ; 1.235 ns                 ;
; Not operational: Clock Skew > Data Delay ; cash:inst8|lpm_dff0:inst76|lpm_ff:lpm_ff_component|dffs[2]                                         ; lpm_ram_dq0:inst|altsyncram:altsyncram_component|altsyncram_56f1:auto_generated|ram_block1a0~porta_datain_reg2  ; clk        ; clk      ; None                       ; None                       ; 1.239 ns                 ;
; Not operational: Clock Skew > Data Delay ; cash:inst8|lpm_dff0:inst40|lpm_ff:lpm_ff_component|dffs[7]                                         ; lpm_ram_dq0:inst|altsyncram:altsyncram_component|altsyncram_56f1:auto_generated|ram_block1a4~porta_datain_reg3  ; clk        ; clk      ; None                       ; None                       ; 1.396 ns                 ;
; Not operational: Clock Skew > Data Delay ; cash:inst8|lpm_dff0:inst76|lpm_ff:lpm_ff_component|dffs[4]                                         ; lpm_ram_dq0:inst|altsyncram:altsyncram_component|altsyncram_56f1:auto_generated|ram_block1a4~porta_datain_reg0  ; clk        ; clk      ; None                       ; None                       ; 1.400 ns                 ;
; Not operational: Clock Skew > Data Delay ; cash:inst8|lpm_dff0:inst75|lpm_ff:lpm_ff_component|dffs[1]                                         ; lpm_ram_dq0:inst|altsyncram:altsyncram_component|altsyncram_56f1:auto_generated|ram_block1a0~porta_datain_reg1  ; clk        ; clk      ; None                       ; None                       ; 1.414 ns                 ;
; Not operational: Clock Skew > Data Delay ; cash:inst8|lpm_dff0:inst73|lpm_ff:lpm_ff_component|dffs[6]                                         ; lpm_ram_dq0:inst|altsyncram:altsyncram_component|altsyncram_56f1:auto_generated|ram_block1a4~porta_datain_reg2  ; clk        ; clk      ; None                       ; None                       ; 1.429 ns                 ;
; Not operational: Clock Skew > Data Delay ; cash:inst8|lpm_dff0:inst40|lpm_ff:lpm_ff_component|dffs[3]                                         ; lpm_ram_dq0:inst|altsyncram:altsyncram_component|altsyncram_56f1:auto_generated|ram_block1a0~porta_datain_reg3  ; clk        ; clk      ; None                       ; None                       ; 1.493 ns                 ;
; Not operational: Clock Skew > Data Delay ; cash:inst8|lpm_dff0:inst40|lpm_ff:lpm_ff_component|dffs[4]                                         ; lpm_ram_dq0:inst|altsyncram:altsyncram_component|altsyncram_56f1:auto_generated|ram_block1a4~porta_datain_reg0  ; clk        ; clk      ; None                       ; None                       ; 1.501 ns                 ;
; Not operational: Clock Skew > Data Delay ; cash:inst8|lpm_dff0:inst73|lpm_ff:lpm_ff_component|dffs[1]                                         ; lpm_ram_dq0:inst|altsyncram:altsyncram_component|altsyncram_56f1:auto_generated|ram_block1a0~porta_datain_reg1  ; clk        ; clk      ; None                       ; None                       ; 1.530 ns                 ;
; Not operational: Clock Skew > Data Delay ; cash:inst8|lpm_dff0:inst78|lpm_ff:lpm_ff_component|dffs[3]                                         ; lpm_ram_dq0:inst|altsyncram:altsyncram_component|altsyncram_56f1:auto_generated|ram_block1a0~porta_datain_reg3  ; clk        ; clk      ; None                       ; None                       ; 1.573 ns                 ;
; Not operational: Clock Skew > Data Delay ; cash:inst8|lpm_dff0:inst76|lpm_ff:lpm_ff_component|dffs[3]                                         ; lpm_ram_dq0:inst|altsyncram:altsyncram_component|altsyncram_56f1:auto_generated|ram_block1a0~porta_datain_reg3  ; clk        ; clk      ; None                       ; None                       ; 1.648 ns                 ;
; Not operational: Clock Skew > Data Delay ; cash:inst8|lpm_dff0:inst77|lpm_ff:lpm_ff_component|dffs[7]                                         ; lpm_ram_dq0:inst|altsyncram:altsyncram_component|altsyncram_56f1:auto_generated|ram_block1a4~porta_datain_reg3  ; clk        ; clk      ; None                       ; None                       ; 1.688 ns                 ;
; Not operational: Clock Skew > Data Delay ; cash:inst8|lpm_dff0:inst76|lpm_ff:lpm_ff_component|dffs[0]                                         ; lpm_ram_dq0:inst|altsyncram:altsyncram_component|altsyncram_56f1:auto_generated|ram_block1a0~porta_datain_reg0  ; clk        ; clk      ; None                       ; None                       ; 1.702 ns                 ;
; Not operational: Clock Skew > Data Delay ; cash:inst8|lpm_dff0:inst78|lpm_ff:lpm_ff_component|dffs[0]                                         ; lpm_ram_dq0:inst|altsyncram:altsyncram_component|altsyncram_56f1:auto_generated|ram_block1a0~porta_datain_reg0  ; clk        ; clk      ; None                       ; None                       ; 1.710 ns                 ;
; Not operational: Clock Skew > Data Delay ; cash:inst8|lpm_dff0:inst40|lpm_ff:lpm_ff_component|dffs[5]                                         ; lpm_ram_dq0:inst|altsyncram:altsyncram_component|altsyncram_56f1:auto_generated|ram_block1a4~porta_datain_reg1  ; clk        ; clk      ; None                       ; None                       ; 1.702 ns                 ;
; Not operational: Clock Skew > Data Delay ; cash:inst8|lpm_dff0:inst75|lpm_ff:lpm_ff_component|dffs[2]                                         ; lpm_ram_dq0:inst|altsyncram:altsyncram_component|altsyncram_56f1:auto_generated|ram_block1a0~porta_datain_reg2  ; clk        ; clk      ; None                       ; None                       ; 1.741 ns                 ;
; Not operational: Clock Skew > Data Delay ; cash:inst8|lpm_dff0:inst78|lpm_ff:lpm_ff_component|dffs[2]                                         ; lpm_ram_dq0:inst|altsyncram:altsyncram_component|altsyncram_56f1:auto_generated|ram_block1a0~porta_datain_reg2  ; clk        ; clk      ; None                       ; None                       ; 1.773 ns                 ;
; Not operational: Clock Skew > Data Delay ; cash:inst8|lpm_dff0:inst72|lpm_ff:lpm_ff_component|dffs[6]                                         ; lpm_ram_dq0:inst|altsyncram:altsyncram_component|altsyncram_56f1:auto_generated|ram_block1a4~porta_datain_reg2  ; clk        ; clk      ; None                       ; None                       ; 1.890 ns                 ;
; Not operational: Clock Skew > Data Delay ; cash:inst8|lpm_dff0:inst40|lpm_ff:lpm_ff_component|dffs[0]                                         ; lpm_ram_dq0:inst|altsyncram:altsyncram_component|altsyncram_56f1:auto_generated|ram_block1a0~porta_datain_reg0  ; clk        ; clk      ; None                       ; None                       ; 1.928 ns                 ;
; Not operational: Clock Skew > Data Delay ; cash:inst8|lpm_dff0:inst73|lpm_ff:lpm_ff_component|dffs[2]                                         ; lpm_ram_dq0:inst|altsyncram:altsyncram_component|altsyncram_56f1:auto_generated|ram_block1a0~porta_datain_reg2  ; clk        ; clk      ; None                       ; None                       ; 1.947 ns                 ;
; Not operational: Clock Skew > Data Delay ; cash:inst8|lpm_dff0:inst75|lpm_ff:lpm_ff_component|dffs[5]                                         ; lpm_ram_dq0:inst|altsyncram:altsyncram_component|altsyncram_56f1:auto_generated|ram_block1a4~porta_datain_reg1  ; clk        ; clk      ; None                       ; None                       ; 1.948 ns                 ;
; Not operational: Clock Skew > Data Delay ; cash:inst8|lpm_dff0:inst20|lpm_ff:lpm_ff_component|dffs[7]                                         ; lpm_ram_dq0:inst|altsyncram:altsyncram_component|altsyncram_56f1:auto_generated|ram_block1a4~porta_datain_reg3  ; clk        ; clk      ; None                       ; None                       ; 1.980 ns                 ;
; Not operational: Clock Skew > Data Delay ; cash:inst8|lpm_dff0:inst23|lpm_ff:lpm_ff_component|dffs[0]                                         ; lpm_ram_dq0:inst|altsyncram:altsyncram_component|altsyncram_56f1:auto_generated|ram_block1a0~porta_datain_reg0  ; clk        ; clk      ; None                       ; None                       ; 1.997 ns                 ;
; Not operational: Clock Skew > Data Delay ; cash:inst8|lpm_dff0:inst24|lpm_ff:lpm_ff_component|dffs[2]                                         ; lpm_ram_dq0:inst|altsyncram:altsyncram_component|altsyncram_56f1:auto_generated|ram_block1a0~porta_datain_reg2  ; clk        ; clk      ; None                       ; None                       ; 2.017 ns                 ;
; Not operational: Clock Skew > Data Delay ; cash:inst8|lpm_dff0:inst26|lpm_ff:lpm_ff_component|dffs[0]                                         ; lpm_ram_dq0:inst|altsyncram:altsyncram_component|altsyncram_56f1:auto_generated|ram_block1a0~porta_datain_reg0  ; clk        ; clk      ; None                       ; None                       ; 2.047 ns                 ;
; Not operational: Clock Skew > Data Delay ; cash:inst8|lpm_dff0:inst75|lpm_ff:lpm_ff_component|dffs[4]                                         ; lpm_ram_dq0:inst|altsyncram:altsyncram_component|altsyncram_56f1:auto_generated|ram_block1a4~porta_datain_reg0  ; clk        ; clk      ; None                       ; None                       ; 2.077 ns                 ;
; Not operational: Clock Skew > Data Delay ; cash:inst8|lpm_dff0:inst78|lpm_ff:lpm_ff_component|dffs[1]                                         ; lpm_ram_dq0:inst|altsyncram:altsyncram_component|altsyncram_56f1:auto_generated|ram_block1a0~porta_datain_reg1  ; clk        ; clk      ; None                       ; None                       ; 2.173 ns                 ;
; Not operational: Clock Skew > Data Delay ; cash:inst8|lpm_dff0:inst77|lpm_ff:lpm_ff_component|dffs[2]                                         ; lpm_ram_dq0:inst|altsyncram:altsyncram_component|altsyncram_56f1:auto_generated|ram_block1a0~porta_datain_reg2  ; clk        ; clk      ; None                       ; None                       ; 2.195 ns                 ;
; Not operational: Clock Skew > Data Delay ; cash:inst8|lpm_dff0:inst78|lpm_ff:lpm_ff_component|dffs[7]                                         ; lpm_ram_dq0:inst|altsyncram:altsyncram_component|altsyncram_56f1:auto_generated|ram_block1a4~porta_datain_reg3  ; clk        ; clk      ; None                       ; None                       ; 2.229 ns                 ;
; Not operational: Clock Skew > Data Delay ; cash:inst8|lpm_dff0:inst73|lpm_ff:lpm_ff_component|dffs[3]                                         ; lpm_ram_dq0:inst|altsyncram:altsyncram_component|altsyncram_56f1:auto_generated|ram_block1a0~porta_datain_reg3  ; clk        ; clk      ; None                       ; None                       ; 2.238 ns                 ;
; Not operational: Clock Skew > Data Delay ; cash:inst8|lpm_dff0:inst40|lpm_ff:lpm_ff_component|dffs[6]                                         ; lpm_ram_dq0:inst|altsyncram:altsyncram_component|altsyncram_56f1:auto_generated|ram_block1a4~porta_datain_reg2  ; clk        ; clk      ; None                       ; None                       ; 2.232 ns                 ;
; Not operational: Clock Skew > Data Delay ; cash:inst8|lpm_dff0:inst72|lpm_ff:lpm_ff_component|dffs[7]                                         ; lpm_ram_dq0:inst|altsyncram:altsyncram_component|altsyncram_56f1:auto_generated|ram_block1a4~porta_datain_reg3  ; clk        ; clk      ; None                       ; None                       ; 2.249 ns                 ;
; Not operational: Clock Skew > Data Delay ; cash:inst8|lpm_dff0:inst73|lpm_ff:lpm_ff_component|dffs[4]                                         ; lpm_ram_dq0:inst|altsyncram:altsyncram_component|altsyncram_56f1:auto_generated|ram_block1a4~porta_datain_reg0  ; clk        ; clk      ; None                       ; None                       ; 2.268 ns                 ;
; Not operational: Clock Skew > Data Delay ; cash:inst8|lpm_dff0:inst24|lpm_ff:lpm_ff_component|dffs[7]                                         ; lpm_ram_dq0:inst|altsyncram:altsyncram_component|altsyncram_56f1:auto_generated|ram_block1a4~porta_datain_reg3  ; clk        ; clk      ; None                       ; None                       ; 2.265 ns                 ;
; Not operational: Clock Skew > Data Delay ; cash:inst8|lpm_dff0:inst24|lpm_ff:lpm_ff_component|dffs[3]                                         ; lpm_ram_dq0:inst|altsyncram:altsyncram_component|altsyncram_56f1:auto_generated|ram_block1a0~porta_datain_reg3  ; clk        ; clk      ; None                       ; None                       ; 2.276 ns                 ;
; Not operational: Clock Skew > Data Delay ; cash:inst8|lpm_dff0:inst77|lpm_ff:lpm_ff_component|dffs[0]                                         ; lpm_ram_dq0:inst|altsyncram:altsyncram_component|altsyncram_56f1:auto_generated|ram_block1a0~porta_datain_reg0  ; clk        ; clk      ; None                       ; None                       ; 2.292 ns                 ;
; Not operational: Clock Skew > Data Delay ; cash:inst8|lpm_dff0:inst22|lpm_ff:lpm_ff_component|dffs[7]                                         ; lpm_ram_dq0:inst|altsyncram:altsyncram_component|altsyncram_56f1:auto_generated|ram_block1a4~porta_datain_reg3  ; clk        ; clk      ; None                       ; None                       ; 2.287 ns                 ;
; Not operational: Clock Skew > Data Delay ; cash:inst8|lpm_dff0:inst78|lpm_ff:lpm_ff_component|dffs[4]                                         ; lpm_ram_dq0:inst|altsyncram:altsyncram_component|altsyncram_56f1:auto_generated|ram_block1a4~porta_datain_reg0  ; clk        ; clk      ; None                       ; None                       ; 2.302 ns                 ;
; Not operational: Clock Skew > Data Delay ; cash:inst8|lpm_dff0:inst26|lpm_ff:lpm_ff_component|dffs[2]                                         ; lpm_ram_dq0:inst|altsyncram:altsyncram_component|altsyncram_56f1:auto_generated|ram_block1a0~porta_datain_reg2  ; clk        ; clk      ; None                       ; None                       ; 2.301 ns                 ;
; Not operational: Clock Skew > Data Delay ; cash:inst8|lpm_dff0:inst23|lpm_ff:lpm_ff_component|dffs[2]                                         ; lpm_ram_dq0:inst|altsyncram:altsyncram_component|altsyncram_56f1:auto_generated|ram_block1a0~porta_datain_reg2  ; clk        ; clk      ; None                       ; None                       ; 2.293 ns                 ;
; Not operational: Clock Skew > Data Delay ; cash:inst8|lpm_dff0:inst25|lpm_ff:lpm_ff_component|dffs[0]                                         ; lpm_ram_dq0:inst|altsyncram:altsyncram_component|altsyncram_56f1:auto_generated|ram_block1a0~porta_datain_reg0  ; clk        ; clk      ; None                       ; None                       ; 2.299 ns                 ;
; Not operational: Clock Skew > Data Delay ; cash:inst8|lpm_dff0:inst24|lpm_ff:lpm_ff_component|dffs[4]                                         ; lpm_ram_dq0:inst|altsyncram:altsyncram_component|altsyncram_56f1:auto_generated|ram_block1a4~porta_datain_reg0  ; clk        ; clk      ; None                       ; None                       ; 2.303 ns                 ;
; Not operational: Clock Skew > Data Delay ; cash:inst8|lpm_dff0:inst74|lpm_ff:lpm_ff_component|dffs[3]                                         ; lpm_ram_dq0:inst|altsyncram:altsyncram_component|altsyncram_56f1:auto_generated|ram_block1a0~porta_datain_reg3  ; clk        ; clk      ; None                       ; None                       ; 2.336 ns                 ;
; Not operational: Clock Skew > Data Delay ; cash:inst8|lpm_dff0:inst24|lpm_ff:lpm_ff_component|dffs[1]                                         ; lpm_ram_dq0:inst|altsyncram:altsyncram_component|altsyncram_56f1:auto_generated|ram_block1a0~porta_datain_reg1  ; clk        ; clk      ; None                       ; None                       ; 2.349 ns                 ;
; Not operational: Clock Skew > Data Delay ; cash:inst8|lpm_dff0:inst73|lpm_ff:lpm_ff_component|dffs[7]                                         ; lpm_ram_dq0:inst|altsyncram:altsyncram_component|altsyncram_56f1:auto_generated|ram_block1a4~porta_datain_reg3  ; clk        ; clk      ; None                       ; None                       ; 2.376 ns                 ;
; Not operational: Clock Skew > Data Delay ; cash:inst8|lpm_dff0:inst72|lpm_ff:lpm_ff_component|dffs[2]                                         ; lpm_ram_dq0:inst|altsyncram:altsyncram_component|altsyncram_56f1:auto_generated|ram_block1a0~porta_datain_reg2  ; clk        ; clk      ; None                       ; None                       ; 2.379 ns                 ;
; Not operational: Clock Skew > Data Delay ; cash:inst8|lpm_dff0:inst75|lpm_ff:lpm_ff_component|dffs[3]                                         ; lpm_ram_dq0:inst|altsyncram:altsyncram_component|altsyncram_56f1:auto_generated|ram_block1a0~porta_datain_reg3  ; clk        ; clk      ; None                       ; None                       ; 2.424 ns                 ;
; Not operational: Clock Skew > Data Delay ; cash:inst8|lpm_dff0:inst40|lpm_ff:lpm_ff_component|dffs[1]                                         ; lpm_ram_dq0:inst|altsyncram:altsyncram_component|altsyncram_56f1:auto_generated|ram_block1a0~porta_datain_reg1  ; clk        ; clk      ; None                       ; None                       ; 2.501 ns                 ;
; Not operational: Clock Skew > Data Delay ; cash:inst8|lpm_dff0:inst23|lpm_ff:lpm_ff_component|dffs[4]                                         ; lpm_ram_dq0:inst|altsyncram:altsyncram_component|altsyncram_56f1:auto_generated|ram_block1a4~porta_datain_reg0  ; clk        ; clk      ; None                       ; None                       ; 2.494 ns                 ;
; Not operational: Clock Skew > Data Delay ; cash:inst8|lpm_dff0:inst77|lpm_ff:lpm_ff_component|dffs[1]                                         ; lpm_ram_dq0:inst|altsyncram:altsyncram_component|altsyncram_56f1:auto_generated|ram_block1a0~porta_datain_reg1  ; clk        ; clk      ; None                       ; None                       ; 2.511 ns                 ;
; Not operational: Clock Skew > Data Delay ; cash:inst8|lpm_dff0:inst77|lpm_ff:lpm_ff_component|dffs[4]                                         ; lpm_ram_dq0:inst|altsyncram:altsyncram_component|altsyncram_56f1:auto_generated|ram_block1a4~porta_datain_reg0  ; clk        ; clk      ; None                       ; None                       ; 2.517 ns                 ;
; Not operational: Clock Skew > Data Delay ; cash:inst8|lpm_dff1:inst14|lpm_ff:lpm_ff_component|dffs[1]                                         ; lpm_ram_dq0:inst|altsyncram:altsyncram_component|altsyncram_56f1:auto_generated|ram_block1a4~porta_address_reg5 ; clk        ; clk      ; None                       ; None                       ; 1.639 ns                 ;
; Not operational: Clock Skew > Data Delay ; cash:inst8|lpm_dff0:inst24|lpm_ff:lpm_ff_component|dffs[6]                                         ; lpm_ram_dq0:inst|altsyncram:altsyncram_component|altsyncram_56f1:auto_generated|ram_block1a4~porta_datain_reg2  ; clk        ; clk      ; None                       ; None                       ; 2.516 ns                 ;
; Not operational: Clock Skew > Data Delay ; cash:inst8|lpm_dff0:inst21|lpm_ff:lpm_ff_component|dffs[0]                                         ; lpm_ram_dq0:inst|altsyncram:altsyncram_component|altsyncram_56f1:auto_generated|ram_block1a0~porta_datain_reg0  ; clk        ; clk      ; None                       ; None                       ; 2.515 ns                 ;
; Not operational: Clock Skew > Data Delay ; cash:inst8|lpm_dff0:inst74|lpm_ff:lpm_ff_component|dffs[7]                                         ; lpm_ram_dq0:inst|altsyncram:altsyncram_component|altsyncram_56f1:auto_generated|ram_block1a4~porta_datain_reg3  ; clk        ; clk      ; None                       ; None                       ; 2.543 ns                 ;
; Not operational: Clock Skew > Data Delay ; cash:inst8|lpm_dff0:inst26|lpm_ff:lpm_ff_component|dffs[3]                                         ; lpm_ram_dq0:inst|altsyncram:altsyncram_component|altsyncram_56f1:auto_generated|ram_block1a0~porta_datain_reg3  ; clk        ; clk      ; None                       ; None                       ; 2.553 ns                 ;
; Not operational: Clock Skew > Data Delay ; cash:inst8|lpm_dff0:inst25|lpm_ff:lpm_ff_component|dffs[5]                                         ; lpm_ram_dq0:inst|altsyncram:altsyncram_component|altsyncram_56f1:auto_generated|ram_block1a4~porta_datain_reg1  ; clk        ; clk      ; None                       ; None                       ; 2.547 ns                 ;
; Not operational: Clock Skew > Data Delay ; cash:inst8|lpm_dff0:inst26|lpm_ff:lpm_ff_component|dffs[7]                                         ; lpm_ram_dq0:inst|altsyncram:altsyncram_component|altsyncram_56f1:auto_generated|ram_block1a4~porta_datain_reg3  ; clk        ; clk      ; None                       ; None                       ; 2.558 ns                 ;
; Not operational: Clock Skew > Data Delay ; cash:inst8|lpm_dff0:inst76|lpm_ff:lpm_ff_component|dffs[6]                                         ; lpm_ram_dq0:inst|altsyncram:altsyncram_component|altsyncram_56f1:auto_generated|ram_block1a4~porta_datain_reg2  ; clk        ; clk      ; None                       ; None                       ; 2.576 ns                 ;
; Not operational: Clock Skew > Data Delay ; cash:inst8|lpm_dff0:inst25|lpm_ff:lpm_ff_component|dffs[4]                                         ; lpm_ram_dq0:inst|altsyncram:altsyncram_component|altsyncram_56f1:auto_generated|ram_block1a4~porta_datain_reg0  ; clk        ; clk      ; None                       ; None                       ; 2.563 ns                 ;
; Not operational: Clock Skew > Data Delay ; cash:inst8|lpm_dff0:inst23|lpm_ff:lpm_ff_component|dffs[1]                                         ; lpm_ram_dq0:inst|altsyncram:altsyncram_component|altsyncram_56f1:auto_generated|ram_block1a0~porta_datain_reg1  ; clk        ; clk      ; None                       ; None                       ; 2.567 ns                 ;
; Not operational: Clock Skew > Data Delay ; cash:inst8|lpm_dff0:inst26|lpm_ff:lpm_ff_component|dffs[4]                                         ; lpm_ram_dq0:inst|altsyncram:altsyncram_component|altsyncram_56f1:auto_generated|ram_block1a4~porta_datain_reg0  ; clk        ; clk      ; None                       ; None                       ; 2.580 ns                 ;
; Not operational: Clock Skew > Data Delay ; cash:inst8|lpm_dff1:inst63|lpm_ff:lpm_ff_component|dffs[1]                                         ; lpm_ram_dq0:inst|altsyncram:altsyncram_component|altsyncram_56f1:auto_generated|ram_block1a0~porta_address_reg6 ; clk        ; clk      ; None                       ; None                       ; 1.722 ns                 ;
; Not operational: Clock Skew > Data Delay ; cash:inst8|lpm_dff1:inst14|lpm_ff:lpm_ff_component|dffs[4]                                         ; lpm_ram_dq0:inst|altsyncram:altsyncram_component|altsyncram_56f1:auto_generated|ram_block1a4~porta_address_reg9 ; clk        ; clk      ; None                       ; None                       ; 1.720 ns                 ;
; Not operational: Clock Skew > Data Delay ; cash:inst8|lpm_dff1:inst14|lpm_ff:lpm_ff_component|dffs[4]                                         ; lpm_ram_dq0:inst|altsyncram:altsyncram_component|altsyncram_56f1:auto_generated|ram_block1a0~porta_address_reg7 ; clk        ; clk      ; None                       ; None                       ; 1.740 ns                 ;
; Not operational: Clock Skew > Data Delay ; cash:inst8|lpm_dff0:inst77|lpm_ff:lpm_ff_component|dffs[3]                                         ; lpm_ram_dq0:inst|altsyncram:altsyncram_component|altsyncram_56f1:auto_generated|ram_block1a0~porta_datain_reg3  ; clk        ; clk      ; None                       ; None                       ; 2.619 ns                 ;
; Not operational: Clock Skew > Data Delay ; cash:inst8|lpm_dff0:inst21|lpm_ff:lpm_ff_component|dffs[2]                                         ; lpm_ram_dq0:inst|altsyncram:altsyncram_component|altsyncram_56f1:auto_generated|ram_block1a0~porta_datain_reg2  ; clk        ; clk      ; None                       ; None                       ; 2.620 ns                 ;
; Not operational: Clock Skew > Data Delay ; cash:inst8|lpm_dff0:inst23|lpm_ff:lpm_ff_component|dffs[7]                                         ; lpm_ram_dq0:inst|altsyncram:altsyncram_component|altsyncram_56f1:auto_generated|ram_block1a4~porta_datain_reg3  ; clk        ; clk      ; None                       ; None                       ; 2.617 ns                 ;
; Not operational: Clock Skew > Data Delay ; cash:inst8|lpm_dff0:inst25|lpm_ff:lpm_ff_component|dffs[1]                                         ; lpm_ram_dq0:inst|altsyncram:altsyncram_component|altsyncram_56f1:auto_generated|ram_block1a0~porta_datain_reg1  ; clk        ; clk      ; None                       ; None                       ; 2.627 ns                 ;
; Not operational: Clock Skew > Data Delay ; cash:inst8|lpm_dff1:inst14|lpm_ff:lpm_ff_component|dffs[4]                                         ; lpm_ram_dq0:inst|altsyncram:altsyncram_component|altsyncram_56f1:auto_generated|ram_block1a0~porta_address_reg9 ; clk        ; clk      ; None                       ; None                       ; 1.764 ns                 ;
; Not operational: Clock Skew > Data Delay ; cash:inst8|lpm_dff0:inst26|lpm_ff:lpm_ff_component|dffs[1]                                         ; lpm_ram_dq0:inst|altsyncram:altsyncram_component|altsyncram_56f1:auto_generated|ram_block1a0~porta_datain_reg1  ; clk        ; clk      ; None                       ; None                       ; 2.644 ns                 ;
; Not operational: Clock Skew > Data Delay ; cash:inst8|lpm_dff0:inst73|lpm_ff:lpm_ff_component|dffs[5]                                         ; lpm_ram_dq0:inst|altsyncram:altsyncram_component|altsyncram_56f1:auto_generated|ram_block1a4~porta_datain_reg1  ; clk        ; clk      ; None                       ; None                       ; 2.653 ns                 ;
; Not operational: Clock Skew > Data Delay ; cash:inst8|lpm_dff1:inst14|lpm_ff:lpm_ff_component|dffs[4]                                         ; lpm_ram_dq0:inst|altsyncram:altsyncram_component|altsyncram_56f1:auto_generated|ram_block1a4~porta_address_reg7 ; clk        ; clk      ; None                       ; None                       ; 1.773 ns                 ;
; Not operational: Clock Skew > Data Delay ; cash:inst8|lpm_dff0:inst78|lpm_ff:lpm_ff_component|dffs[5]                                         ; lpm_ram_dq0:inst|altsyncram:altsyncram_component|altsyncram_56f1:auto_generated|ram_block1a4~porta_datain_reg1  ; clk        ; clk      ; None                       ; None                       ; 2.656 ns                 ;
; Not operational: Clock Skew > Data Delay ; cash:inst8|lpm_dff1:inst14|lpm_ff:lpm_ff_component|dffs[4]                                         ; lpm_ram_dq0:inst|altsyncram:altsyncram_component|altsyncram_56f1:auto_generated|ram_block1a4~porta_address_reg8 ; clk        ; clk      ; None                       ; None                       ; 1.780 ns                 ;
; Not operational: Clock Skew > Data Delay ; cash:inst8|lpm_dff0:inst25|lpm_ff:lpm_ff_component|dffs[2]                                         ; lpm_ram_dq0:inst|altsyncram:altsyncram_component|altsyncram_56f1:auto_generated|ram_block1a0~porta_datain_reg2  ; clk        ; clk      ; None                       ; None                       ; 2.651 ns                 ;
; Not operational: Clock Skew > Data Delay ; cash:inst8|lpm_dff0:inst74|lpm_ff:lpm_ff_component|dffs[0]                                         ; lpm_ram_dq0:inst|altsyncram:altsyncram_component|altsyncram_56f1:auto_generated|ram_block1a0~porta_datain_reg0  ; clk        ; clk      ; None                       ; None                       ; 2.671 ns                 ;
; Not operational: Clock Skew > Data Delay ; cash:inst8|lpm_dff0:inst76|lpm_ff:lpm_ff_component|dffs[1]                                         ; lpm_ram_dq0:inst|altsyncram:altsyncram_component|altsyncram_56f1:auto_generated|ram_block1a0~porta_datain_reg1  ; clk        ; clk      ; None                       ; None                       ; 2.713 ns                 ;
; Not operational: Clock Skew > Data Delay ; cash:inst8|lpm_dff1:inst14|lpm_ff:lpm_ff_component|dffs[1]                                         ; lpm_ram_dq0:inst|altsyncram:altsyncram_component|altsyncram_56f1:auto_generated|ram_block1a4~porta_address_reg9 ; clk        ; clk      ; None                       ; None                       ; 1.843 ns                 ;
; Not operational: Clock Skew > Data Delay ; cash:inst8|lpm_dff0:inst74|lpm_ff:lpm_ff_component|dffs[5]                                         ; lpm_ram_dq0:inst|altsyncram:altsyncram_component|altsyncram_56f1:auto_generated|ram_block1a4~porta_datain_reg1  ; clk        ; clk      ; None                       ; None                       ; 2.727 ns                 ;
; Not operational: Clock Skew > Data Delay ; cash:inst8|lpm_dff1:inst14|lpm_ff:lpm_ff_component|dffs[1]                                         ; lpm_ram_dq0:inst|altsyncram:altsyncram_component|altsyncram_56f1:auto_generated|ram_block1a0~porta_address_reg7 ; clk        ; clk      ; None                       ; None                       ; 1.856 ns                 ;
; Not operational: Clock Skew > Data Delay ; cash:inst8|lpm_dff0:inst24|lpm_ff:lpm_ff_component|dffs[0]                                         ; lpm_ram_dq0:inst|altsyncram:altsyncram_component|altsyncram_56f1:auto_generated|ram_block1a0~porta_datain_reg0  ; clk        ; clk      ; None                       ; None                       ; 2.731 ns                 ;
; Not operational: Clock Skew > Data Delay ; cash:inst8|lpm_dff1:inst14|lpm_ff:lpm_ff_component|dffs[4]                                         ; lpm_ram_dq0:inst|altsyncram:altsyncram_component|altsyncram_56f1:auto_generated|ram_block1a0~porta_address_reg6 ; clk        ; clk      ; None                       ; None                       ; 1.860 ns                 ;
; Not operational: Clock Skew > Data Delay ; cash:inst8|lpm_dff0:inst74|lpm_ff:lpm_ff_component|dffs[1]                                         ; lpm_ram_dq0:inst|altsyncram:altsyncram_component|altsyncram_56f1:auto_generated|ram_block1a0~porta_datain_reg1  ; clk        ; clk      ; None                       ; None                       ; 2.750 ns                 ;
; Not operational: Clock Skew > Data Delay ; cash:inst8|lpm_dff1:inst14|lpm_ff:lpm_ff_component|dffs[1]                                         ; lpm_ram_dq0:inst|altsyncram:altsyncram_component|altsyncram_56f1:auto_generated|ram_block1a0~porta_address_reg5 ; clk        ; clk      ; None                       ; None                       ; 1.875 ns                 ;
; Not operational: Clock Skew > Data Delay ; cash:inst8|lpm_dff0:inst74|lpm_ff:lpm_ff_component|dffs[4]                                         ; lpm_ram_dq0:inst|altsyncram:altsyncram_component|altsyncram_56f1:auto_generated|ram_block1a4~porta_datain_reg0  ; clk        ; clk      ; None                       ; None                       ; 2.751 ns                 ;
; Not operational: Clock Skew > Data Delay ; cash:inst8|lpm_dff1:inst14|lpm_ff:lpm_ff_component|dffs[1]                                         ; lpm_ram_dq0:inst|altsyncram:altsyncram_component|altsyncram_56f1:auto_generated|ram_block1a0~porta_address_reg9 ; clk        ; clk      ; None                       ; None                       ; 1.887 ns                 ;
; Not operational: Clock Skew > Data Delay ; cash:inst8|lpm_dff1:inst14|lpm_ff:lpm_ff_component|dffs[1]                                         ; lpm_ram_dq0:inst|altsyncram:altsyncram_component|altsyncram_56f1:auto_generated|ram_block1a4~porta_address_reg7 ; clk        ; clk      ; None                       ; None                       ; 1.889 ns                 ;
; Not operational: Clock Skew > Data Delay ; cash:inst8|lpm_dff0:inst24|lpm_ff:lpm_ff_component|dffs[5]                                         ; lpm_ram_dq0:inst|altsyncram:altsyncram_component|altsyncram_56f1:auto_generated|ram_block1a4~porta_datain_reg1  ; clk        ; clk      ; None                       ; None                       ; 2.763 ns                 ;
; Not operational: Clock Skew > Data Delay ; cash:inst8|lpm_dff1:inst14|lpm_ff:lpm_ff_component|dffs[1]                                         ; lpm_ram_dq0:inst|altsyncram:altsyncram_component|altsyncram_56f1:auto_generated|ram_block1a4~porta_address_reg8 ; clk        ; clk      ; None                       ; None                       ; 1.896 ns                 ;
; Not operational: Clock Skew > Data Delay ; cash:inst8|lpm_dff0:inst22|lpm_ff:lpm_ff_component|dffs[5]                                         ; lpm_ram_dq0:inst|altsyncram:altsyncram_component|altsyncram_56f1:auto_generated|ram_block1a4~porta_datain_reg1  ; clk        ; clk      ; None                       ; None                       ; 2.774 ns                 ;
; Not operational: Clock Skew > Data Delay ; cash:inst8|lpm_dff1:inst14|lpm_ff:lpm_ff_component|dffs[4]                                         ; lpm_ram_dq0:inst|altsyncram:altsyncram_component|altsyncram_56f1:auto_generated|ram_block1a4~porta_address_reg1 ; clk        ; clk      ; None                       ; None                       ; 1.943 ns                 ;
; Not operational: Clock Skew > Data Delay ; cash:inst8|lpm_dff1:inst14|lpm_ff:lpm_ff_component|dffs[4]                                         ; lpm_ram_dq0:inst|altsyncram:altsyncram_component|altsyncram_56f1:auto_generated|ram_block1a0~porta_address_reg1 ; clk        ; clk      ; None                       ; None                       ; 1.953 ns                 ;
; Not operational: Clock Skew > Data Delay ; cash:inst8|lpm_dff1:inst14|lpm_ff:lpm_ff_component|dffs[1]                                         ; lpm_ram_dq0:inst|altsyncram:altsyncram_component|altsyncram_56f1:auto_generated|ram_block1a0~porta_address_reg6 ; clk        ; clk      ; None                       ; None                       ; 1.953 ns                 ;
; Not operational: Clock Skew > Data Delay ; cash:inst8|lpm_dff0:inst26|lpm_ff:lpm_ff_component|dffs[6]                                         ; lpm_ram_dq0:inst|altsyncram:altsyncram_component|altsyncram_56f1:auto_generated|ram_block1a4~porta_datain_reg2  ; clk        ; clk      ; None                       ; None                       ; 2.831 ns                 ;
; Not operational: Clock Skew > Data Delay ; cash:inst8|lpm_dff0:inst76|lpm_ff:lpm_ff_component|dffs[5]                                         ; lpm_ram_dq0:inst|altsyncram:altsyncram_component|altsyncram_56f1:auto_generated|ram_block1a4~porta_datain_reg1  ; clk        ; clk      ; None                       ; None                       ; 2.851 ns                 ;
; Not operational: Clock Skew > Data Delay ; cash:inst8|lpm_dff1:inst14|lpm_ff:lpm_ff_component|dffs[4]                                         ; lpm_ram_dq0:inst|altsyncram:altsyncram_component|altsyncram_56f1:auto_generated|ram_block1a0~porta_address_reg2 ; clk        ; clk      ; None                       ; None                       ; 1.978 ns                 ;
; Not operational: Clock Skew > Data Delay ; cash:inst8|lpm_dff1:inst14|lpm_ff:lpm_ff_component|dffs[4]                                         ; lpm_ram_dq0:inst|altsyncram:altsyncram_component|altsyncram_56f1:auto_generated|ram_block1a4~porta_address_reg2 ; clk        ; clk      ; None                       ; None                       ; 1.984 ns                 ;
; Not operational: Clock Skew > Data Delay ; cash:inst8|lpm_dff1:inst14|lpm_ff:lpm_ff_component|dffs[4]                                         ; lpm_ram_dq0:inst|altsyncram:altsyncram_component|altsyncram_56f1:auto_generated|ram_block1a4~porta_address_reg0 ; clk        ; clk      ; None                       ; None                       ; 1.987 ns                 ;
; Not operational: Clock Skew > Data Delay ; cash:inst8|lpm_dff0:inst21|lpm_ff:lpm_ff_component|dffs[1]                                         ; lpm_ram_dq0:inst|altsyncram:altsyncram_component|altsyncram_56f1:auto_generated|ram_block1a0~porta_datain_reg1  ; clk        ; clk      ; None                       ; None                       ; 2.859 ns                 ;
; Not operational: Clock Skew > Data Delay ; cash:inst8|lpm_dff1:inst14|lpm_ff:lpm_ff_component|dffs[4]                                         ; lpm_ram_dq0:inst|altsyncram:altsyncram_component|altsyncram_56f1:auto_generated|ram_block1a0~porta_address_reg0 ; clk        ; clk      ; None                       ; None                       ; 1.995 ns                 ;
; Not operational: Clock Skew > Data Delay ; cash:inst8|lpm_dff0:inst25|lpm_ff:lpm_ff_component|dffs[3]                                         ; lpm_ram_dq0:inst|altsyncram:altsyncram_component|altsyncram_56f1:auto_generated|ram_block1a0~porta_datain_reg3  ; clk        ; clk      ; None                       ; None                       ; 2.866 ns                 ;
; Not operational: Clock Skew > Data Delay ; cash:inst8|lpm_dff1:inst14|lpm_ff:lpm_ff_component|dffs[3]                                         ; lpm_ram_dq0:inst|altsyncram:altsyncram_component|altsyncram_56f1:auto_generated|ram_block1a4~porta_address_reg9 ; clk        ; clk      ; None                       ; None                       ; 1.999 ns                 ;
; Not operational: Clock Skew > Data Delay ; cash:inst8|lpm_dff0:inst72|lpm_ff:lpm_ff_component|dffs[1]                                         ; lpm_ram_dq0:inst|altsyncram:altsyncram_component|altsyncram_56f1:auto_generated|ram_block1a0~porta_datain_reg1  ; clk        ; clk      ; None                       ; None                       ; 2.891 ns                 ;
; Not operational: Clock Skew > Data Delay ; cash:inst8|lpm_dff1:inst14|lpm_ff:lpm_ff_component|dffs[4]                                         ; lpm_ram_dq0:inst|altsyncram:altsyncram_component|altsyncram_56f1:auto_generated|ram_block1a0~porta_address_reg8 ; clk        ; clk      ; None                       ; None                       ; 2.015 ns                 ;
; Not operational: Clock Skew > Data Delay ; cash:inst8|lpm_dff0:inst22|lpm_ff:lpm_ff_component|dffs[4]                                         ; lpm_ram_dq0:inst|altsyncram:altsyncram_component|altsyncram_56f1:auto_generated|ram_block1a4~porta_datain_reg0  ; clk        ; clk      ; None                       ; None                       ; 2.881 ns                 ;
; Not operational: Clock Skew > Data Delay ; cash:inst8|lpm_dff1:inst14|lpm_ff:lpm_ff_component|dffs[3]                                         ; lpm_ram_dq0:inst|altsyncram:altsyncram_component|altsyncram_56f1:auto_generated|ram_block1a0~porta_address_reg7 ; clk        ; clk      ; None                       ; None                       ; 2.019 ns                 ;
; Not operational: Clock Skew > Data Delay ; cash:inst8|lpm_dff0:inst72|lpm_ff:lpm_ff_component|dffs[3]                                         ; lpm_ram_dq0:inst|altsyncram:altsyncram_component|altsyncram_56f1:auto_generated|ram_block1a0~porta_datain_reg3  ; clk        ; clk      ; None                       ; None                       ; 2.905 ns                 ;
; Not operational: Clock Skew > Data Delay ; cash:inst8|lpm_dff0:inst25|lpm_ff:lpm_ff_component|dffs[7]                                         ; lpm_ram_dq0:inst|altsyncram:altsyncram_component|altsyncram_56f1:auto_generated|ram_block1a4~porta_datain_reg3  ; clk        ; clk      ; None                       ; None                       ; 2.894 ns                 ;
; Not operational: Clock Skew > Data Delay ; cash:inst8|lpm_dff0:inst77|lpm_ff:lpm_ff_component|dffs[5]                                         ; lpm_ram_dq0:inst|altsyncram:altsyncram_component|altsyncram_56f1:auto_generated|ram_block1a4~porta_datain_reg1  ; clk        ; clk      ; None                       ; None                       ; 2.917 ns                 ;
; Not operational: Clock Skew > Data Delay ; cash:inst8|lpm_dff1:inst14|lpm_ff:lpm_ff_component|dffs[3]                                         ; lpm_ram_dq0:inst|altsyncram:altsyncram_component|altsyncram_56f1:auto_generated|ram_block1a0~porta_address_reg9 ; clk        ; clk      ; None                       ; None                       ; 2.043 ns                 ;
; Not operational: Clock Skew > Data Delay ; cash:inst8|lpm_dff0:inst76|lpm_ff:lpm_ff_component|dffs[7]                                         ; lpm_ram_dq0:inst|altsyncram:altsyncram_component|altsyncram_56f1:auto_generated|ram_block1a4~porta_datain_reg3  ; clk        ; clk      ; None                       ; None                       ; 2.927 ns                 ;
; Not operational: Clock Skew > Data Delay ; cash:inst8|lpm_dff1:inst63|lpm_ff:lpm_ff_component|dffs[1]                                         ; lpm_ram_dq0:inst|altsyncram:altsyncram_component|altsyncram_56f1:auto_generated|ram_block1a4~porta_address_reg6 ; clk        ; clk      ; None                       ; None                       ; 2.060 ns                 ;
; Not operational: Clock Skew > Data Delay ; cash:inst8|lpm_dff1:inst14|lpm_ff:lpm_ff_component|dffs[3]                                         ; lpm_ram_dq0:inst|altsyncram:altsyncram_component|altsyncram_56f1:auto_generated|ram_block1a4~porta_address_reg7 ; clk        ; clk      ; None                       ; None                       ; 2.052 ns                 ;
; Not operational: Clock Skew > Data Delay ; cash:inst8|lpm_dff1:inst14|lpm_ff:lpm_ff_component|dffs[3]                                         ; lpm_ram_dq0:inst|altsyncram:altsyncram_component|altsyncram_56f1:auto_generated|ram_block1a4~porta_address_reg8 ; clk        ; clk      ; None                       ; None                       ; 2.059 ns                 ;
; Not operational: Clock Skew > Data Delay ; cash:inst8|lpm_dff0:inst78|lpm_ff:lpm_ff_component|dffs[6]                                         ; lpm_ram_dq0:inst|altsyncram:altsyncram_component|altsyncram_56f1:auto_generated|ram_block1a4~porta_datain_reg2  ; clk        ; clk      ; None                       ; None                       ; 2.941 ns                 ;
; Not operational: Clock Skew > Data Delay ; cash:inst8|lpm_dff1:inst14|lpm_ff:lpm_ff_component|dffs[1]                                         ; lpm_ram_dq0:inst|altsyncram:altsyncram_component|altsyncram_56f1:auto_generated|ram_block1a4~porta_address_reg1 ; clk        ; clk      ; None                       ; None                       ; 2.070 ns                 ;
; Not operational: Clock Skew > Data Delay ; cash:inst8|lpm_dff1:inst63|lpm_ff:lpm_ff_component|dffs[2]                                         ; lpm_ram_dq0:inst|altsyncram:altsyncram_component|altsyncram_56f1:auto_generated|ram_block1a4~porta_address_reg3 ; clk        ; clk      ; None                       ; None                       ; 2.080 ns                 ;
; Not operational: Clock Skew > Data Delay ; cash:inst8|lpm_dff1:inst14|lpm_ff:lpm_ff_component|dffs[1]                                         ; lpm_ram_dq0:inst|altsyncram:altsyncram_component|altsyncram_56f1:auto_generated|ram_block1a0~porta_address_reg1 ; clk        ; clk      ; None                       ; None                       ; 2.080 ns                 ;
; Not operational: Clock Skew > Data Delay ; cash:inst8|lpm_dff1:inst14|lpm_ff:lpm_ff_component|dffs[1]                                         ; lpm_ram_dq0:inst|altsyncram:altsyncram_component|altsyncram_56f1:auto_generated|ram_block1a0~porta_address_reg2 ; clk        ; clk      ; None                       ; None                       ; 2.105 ns                 ;
; Not operational: Clock Skew > Data Delay ; cash:inst8|lpm_dff1:inst14|lpm_ff:lpm_ff_component|dffs[1]                                         ; lpm_ram_dq0:inst|altsyncram:altsyncram_component|altsyncram_56f1:auto_generated|ram_block1a4~porta_address_reg0 ; clk        ; clk      ; None                       ; None                       ; 2.110 ns                 ;
; Not operational: Clock Skew > Data Delay ; cash:inst8|lpm_dff1:inst14|lpm_ff:lpm_ff_component|dffs[1]                                         ; lpm_ram_dq0:inst|altsyncram:altsyncram_component|altsyncram_56f1:auto_generated|ram_block1a4~porta_address_reg2 ; clk        ; clk      ; None                       ; None                       ; 2.111 ns                 ;
; Not operational: Clock Skew > Data Delay ; cash:inst8|lpm_dff1:inst14|lpm_ff:lpm_ff_component|dffs[1]                                         ; lpm_ram_dq0:inst|altsyncram:altsyncram_component|altsyncram_56f1:auto_generated|ram_block1a0~porta_address_reg0 ; clk        ; clk      ; None                       ; None                       ; 2.118 ns                 ;
; Not operational: Clock Skew > Data Delay ; cash:inst8|lpm_dff1:inst63|lpm_ff:lpm_ff_component|dffs[2]                                         ; lpm_ram_dq0:inst|altsyncram:altsyncram_component|altsyncram_56f1:auto_generated|ram_block1a0~porta_address_reg3 ; clk        ; clk      ; None                       ; None                       ; 2.131 ns                 ;
; Not operational: Clock Skew > Data Delay ; cash:inst8|lpm_dff1:inst63|lpm_ff:lpm_ff_component|dffs[2]                                         ; lpm_ram_dq0:inst|altsyncram:altsyncram_component|altsyncram_56f1:auto_generated|ram_block1a0~porta_address_reg4 ; clk        ; clk      ; None                       ; None                       ; 2.132 ns                 ;
; Not operational: Clock Skew > Data Delay ; cash:inst8|lpm_dff1:inst14|lpm_ff:lpm_ff_component|dffs[4]                                         ; lpm_ram_dq0:inst|altsyncram:altsyncram_component|altsyncram_56f1:auto_generated|ram_block1a4~porta_address_reg5 ; clk        ; clk      ; None                       ; None                       ; 2.121 ns                 ;
; Not operational: Clock Skew > Data Delay ; cash:inst8|lpm_dff1:inst14|lpm_ff:lpm_ff_component|dffs[1]                                         ; lpm_ram_dq0:inst|altsyncram:altsyncram_component|altsyncram_56f1:auto_generated|ram_block1a0~porta_address_reg8 ; clk        ; clk      ; None                       ; None                       ; 2.131 ns                 ;
; Not operational: Clock Skew > Data Delay ; cash:inst8|lpm_dff1:inst14|lpm_ff:lpm_ff_component|dffs[2]                                         ; lpm_ram_dq0:inst|altsyncram:altsyncram_component|altsyncram_56f1:auto_generated|ram_block1a4~porta_address_reg9 ; clk        ; clk      ; None                       ; None                       ; 2.134 ns                 ;
; Not operational: Clock Skew > Data Delay ; cash:inst8|lpm_dff1:inst14|lpm_ff:lpm_ff_component|dffs[3]                                         ; lpm_ram_dq0:inst|altsyncram:altsyncram_component|altsyncram_56f1:auto_generated|ram_block1a0~porta_address_reg6 ; clk        ; clk      ; None                       ; None                       ; 2.139 ns                 ;
; Not operational: Clock Skew > Data Delay ; cash:inst8|lpm_dff1:inst14|lpm_ff:lpm_ff_component|dffs[2]                                         ; lpm_ram_dq0:inst|altsyncram:altsyncram_component|altsyncram_56f1:auto_generated|ram_block1a0~porta_address_reg7 ; clk        ; clk      ; None                       ; None                       ; 2.154 ns                 ;
; Not operational: Clock Skew > Data Delay ; cash:inst8|lpm_dff1:inst14|lpm_ff:lpm_ff_component|dffs[2]                                         ; lpm_ram_dq0:inst|altsyncram:altsyncram_component|altsyncram_56f1:auto_generated|ram_block1a0~porta_address_reg9 ; clk        ; clk      ; None                       ; None                       ; 2.178 ns                 ;
; Not operational: Clock Skew > Data Delay ; cash:inst8|lpm_dff1:inst14|lpm_ff:lpm_ff_component|dffs[2]                                         ; lpm_ram_dq0:inst|altsyncram:altsyncram_component|altsyncram_56f1:auto_generated|ram_block1a4~porta_address_reg7 ; clk        ; clk      ; None                       ; None                       ; 2.187 ns                 ;
; Not operational: Clock Skew > Data Delay ; cash:inst8|lpm_dff0:inst21|lpm_ff:lpm_ff_component|dffs[6]                                         ; lpm_ram_dq0:inst|altsyncram:altsyncram_component|altsyncram_56f1:auto_generated|ram_block1a4~porta_datain_reg2  ; clk        ; clk      ; None                       ; None                       ; 3.059 ns                 ;
; Not operational: Clock Skew > Data Delay ; cash:inst8|lpm_dff1:inst63|lpm_ff:lpm_ff_component|dffs[2]                                         ; lpm_ram_dq0:inst|altsyncram:altsyncram_component|altsyncram_56f1:auto_generated|ram_block1a4~porta_address_reg9 ; clk        ; clk      ; None                       ; None                       ; 2.201 ns                 ;
; Not operational: Clock Skew > Data Delay ; cash:inst8|lpm_dff1:inst63|lpm_ff:lpm_ff_component|dffs[2]                                         ; lpm_ram_dq0:inst|altsyncram:altsyncram_component|altsyncram_56f1:auto_generated|ram_block1a4~porta_address_reg5 ; clk        ; clk      ; None                       ; None                       ; 2.203 ns                 ;
; Not operational: Clock Skew > Data Delay ; cash:inst8|lpm_dff1:inst14|lpm_ff:lpm_ff_component|dffs[2]                                         ; lpm_ram_dq0:inst|altsyncram:altsyncram_component|altsyncram_56f1:auto_generated|ram_block1a4~porta_address_reg8 ; clk        ; clk      ; None                       ; None                       ; 2.194 ns                 ;
; Not operational: Clock Skew > Data Delay ; cash:inst8|lpm_dff1:inst14|lpm_ff:lpm_ff_component|dffs[4]                                         ; lpm_ram_dq0:inst|altsyncram:altsyncram_component|altsyncram_56f1:auto_generated|ram_block1a4~porta_address_reg6 ; clk        ; clk      ; None                       ; None                       ; 2.198 ns                 ;
; Not operational: Clock Skew > Data Delay ; cash:inst8|lpm_dff1:inst63|lpm_ff:lpm_ff_component|dffs[2]                                         ; lpm_ram_dq0:inst|altsyncram:altsyncram_component|altsyncram_56f1:auto_generated|ram_block1a0~porta_address_reg7 ; clk        ; clk      ; None                       ; None                       ; 2.213 ns                 ;
; Not operational: Clock Skew > Data Delay ; cash:inst8|lpm_dff0:inst75|lpm_ff:lpm_ff_component|dffs[7]                                         ; lpm_ram_dq0:inst|altsyncram:altsyncram_component|altsyncram_56f1:auto_generated|ram_block1a4~porta_datain_reg3  ; clk        ; clk      ; None                       ; None                       ; 3.079 ns                 ;
; Not operational: Clock Skew > Data Delay ; cash:inst8|lpm_dff0:inst25|lpm_ff:lpm_ff_component|dffs[6]                                         ; lpm_ram_dq0:inst|altsyncram:altsyncram_component|altsyncram_56f1:auto_generated|ram_block1a4~porta_datain_reg2  ; clk        ; clk      ; None                       ; None                       ; 3.084 ns                 ;
; Not operational: Clock Skew > Data Delay ; cash:inst8|lpm_dff1:inst14|lpm_ff:lpm_ff_component|dffs[3]                                         ; lpm_ram_dq0:inst|altsyncram:altsyncram_component|altsyncram_56f1:auto_generated|ram_block1a4~porta_address_reg1 ; clk        ; clk      ; None                       ; None                       ; 2.222 ns                 ;
; Not operational: Clock Skew > Data Delay ; cash:inst8|lpm_dff0:inst22|lpm_ff:lpm_ff_component|dffs[3]                                         ; lpm_ram_dq0:inst|altsyncram:altsyncram_component|altsyncram_56f1:auto_generated|ram_block1a0~porta_datain_reg3  ; clk        ; clk      ; None                       ; None                       ; 3.099 ns                 ;
; Not operational: Clock Skew > Data Delay ; cash:inst8|lpm_dff0:inst72|lpm_ff:lpm_ff_component|dffs[0]                                         ; lpm_ram_dq0:inst|altsyncram:altsyncram_component|altsyncram_56f1:auto_generated|ram_block1a0~porta_datain_reg0  ; clk        ; clk      ; None                       ; None                       ; 3.110 ns                 ;
; Not operational: Clock Skew > Data Delay ; cash:inst8|lpm_dff1:inst14|lpm_ff:lpm_ff_component|dffs[3]                                         ; lpm_ram_dq0:inst|altsyncram:altsyncram_component|altsyncram_56f1:auto_generated|ram_block1a0~porta_address_reg1 ; clk        ; clk      ; None                       ; None                       ; 2.232 ns                 ;
; Not operational: Clock Skew > Data Delay ; cash:inst8|lpm_dff1:inst63|lpm_ff:lpm_ff_component|dffs[2]                                         ; lpm_ram_dq0:inst|altsyncram:altsyncram_component|altsyncram_56f1:auto_generated|ram_block1a0~porta_address_reg9 ; clk        ; clk      ; None                       ; None                       ; 2.245 ns                 ;
; Not operational: Clock Skew > Data Delay ; cash:inst8|lpm_dff1:inst63|lpm_ff:lpm_ff_component|dffs[2]                                         ; lpm_ram_dq0:inst|altsyncram:altsyncram_component|altsyncram_56f1:auto_generated|ram_block1a0~porta_address_reg6 ; clk        ; clk      ; None                       ; None                       ; 2.248 ns                 ;
; Not operational: Clock Skew > Data Delay ; cash:inst8|lpm_dff1:inst63|lpm_ff:lpm_ff_component|dffs[2]                                         ; lpm_ram_dq0:inst|altsyncram:altsyncram_component|altsyncram_56f1:auto_generated|ram_block1a4~porta_address_reg7 ; clk        ; clk      ; None                       ; None                       ; 2.246 ns                 ;
; Not operational: Clock Skew > Data Delay ; cash:inst8|lpm_dff0:inst77|lpm_ff:lpm_ff_component|dffs[6]                                         ; lpm_ram_dq0:inst|altsyncram:altsyncram_component|altsyncram_56f1:auto_generated|ram_block1a4~porta_datain_reg2  ; clk        ; clk      ; None                       ; None                       ; 3.114 ns                 ;
; Not operational: Clock Skew > Data Delay ; cash:inst8|lpm_dff0:inst74|lpm_ff:lpm_ff_component|dffs[2]                                         ; lpm_ram_dq0:inst|altsyncram:altsyncram_component|altsyncram_56f1:auto_generated|ram_block1a0~porta_datain_reg2  ; clk        ; clk      ; None                       ; None                       ; 3.119 ns                 ;
; Not operational: Clock Skew > Data Delay ; cash:inst8|lpm_dff1:inst63|lpm_ff:lpm_ff_component|dffs[2]                                         ; lpm_ram_dq0:inst|altsyncram:altsyncram_component|altsyncram_56f1:auto_generated|ram_block1a4~porta_address_reg8 ; clk        ; clk      ; None                       ; None                       ; 2.253 ns                 ;
; Not operational: Clock Skew > Data Delay ; cash:inst8|lpm_dff1:inst63|lpm_ff:lpm_ff_component|dffs[2]                                         ; lpm_ram_dq0:inst|altsyncram:altsyncram_component|altsyncram_56f1:auto_generated|ram_block1a0~porta_datain_reg0  ; clk        ; clk      ; None                       ; None                       ; 2.259 ns                 ;
; Not operational: Clock Skew > Data Delay ; cash:inst8|lpm_dff0:inst72|lpm_ff:lpm_ff_component|dffs[4]                                         ; lpm_ram_dq0:inst|altsyncram:altsyncram_component|altsyncram_56f1:auto_generated|ram_block1a4~porta_datain_reg0  ; clk        ; clk      ; None                       ; None                       ; 3.126 ns                 ;
; Not operational: Clock Skew > Data Delay ; cash:inst8|lpm_dff1:inst14|lpm_ff:lpm_ff_component|dffs[4]                                         ; lpm_ram_dq0:inst|altsyncram:altsyncram_component|altsyncram_56f1:auto_generated|ram_block1a4~porta_address_reg3 ; clk        ; clk      ; None                       ; None                       ; 2.253 ns                 ;
; Not operational: Clock Skew > Data Delay ; cash:inst8|lpm_dff1:inst14|lpm_ff:lpm_ff_component|dffs[3]                                         ; lpm_ram_dq0:inst|altsyncram:altsyncram_component|altsyncram_56f1:auto_generated|ram_block1a0~porta_address_reg2 ; clk        ; clk      ; None                       ; None                       ; 2.257 ns                 ;
; Not operational: Clock Skew > Data Delay ; cash:inst8|lpm_dff1:inst14|lpm_ff:lpm_ff_component|dffs[3]                                         ; lpm_ram_dq0:inst|altsyncram:altsyncram_component|altsyncram_56f1:auto_generated|ram_block1a4~porta_address_reg2 ; clk        ; clk      ; None                       ; None                       ; 2.263 ns                 ;
; Not operational: Clock Skew > Data Delay ; cash:inst8|lpm_dff1:inst14|lpm_ff:lpm_ff_component|dffs[3]                                         ; lpm_ram_dq0:inst|altsyncram:altsyncram_component|altsyncram_56f1:auto_generated|ram_block1a4~porta_address_reg0 ; clk        ; clk      ; None                       ; None                       ; 2.266 ns                 ;
; Not operational: Clock Skew > Data Delay ; cash:inst8|lpm_dff1:inst14|lpm_ff:lpm_ff_component|dffs[3]                                         ; lpm_ram_dq0:inst|altsyncram:altsyncram_component|altsyncram_56f1:auto_generated|ram_block1a0~porta_address_reg0 ; clk        ; clk      ; None                       ; None                       ; 2.274 ns                 ;
; Not operational: Clock Skew > Data Delay ; cash:inst8|lpm_dff1:inst14|lpm_ff:lpm_ff_component|dffs[2]                                         ; lpm_ram_dq0:inst|altsyncram:altsyncram_component|altsyncram_56f1:auto_generated|ram_block1a0~porta_address_reg6 ; clk        ; clk      ; None                       ; None                       ; 2.274 ns                 ;
; Not operational: Clock Skew > Data Delay ; cash:inst8|lpm_dff0:inst74|lpm_ff:lpm_ff_component|dffs[6]                                         ; lpm_ram_dq0:inst|altsyncram:altsyncram_component|altsyncram_56f1:auto_generated|ram_block1a4~porta_datain_reg2  ; clk        ; clk      ; None                       ; None                       ; 3.160 ns                 ;
; Not operational: Clock Skew > Data Delay ; cash:inst8|lpm_dff1:inst14|lpm_ff:lpm_ff_component|dffs[3]                                         ; lpm_ram_dq0:inst|altsyncram:altsyncram_component|altsyncram_56f1:auto_generated|ram_block1a0~porta_address_reg8 ; clk        ; clk      ; None                       ; None                       ; 2.294 ns                 ;
; Not operational: Clock Skew > Data Delay ; cash:inst8|lpm_dff1:inst14|lpm_ff:lpm_ff_component|dffs[1]                                         ; lpm_ram_dq0:inst|altsyncram:altsyncram_component|altsyncram_56f1:auto_generated|ram_block1a4~porta_address_reg6 ; clk        ; clk      ; None                       ; None                       ; 2.291 ns                 ;
; Not operational: Clock Skew > Data Delay ; cash:inst8|lpm_dff1:inst14|lpm_ff:lpm_ff_component|dffs[4]                                         ; lpm_ram_dq0:inst|altsyncram:altsyncram_component|altsyncram_56f1:auto_generated|ram_block1a0~porta_address_reg3 ; clk        ; clk      ; None                       ; None                       ; 2.304 ns                 ;
; Not operational: Clock Skew > Data Delay ; cash:inst8|lpm_dff1:inst14|lpm_ff:lpm_ff_component|dffs[4]                                         ; lpm_ram_dq0:inst|altsyncram:altsyncram_component|altsyncram_56f1:auto_generated|ram_block1a0~porta_address_reg4 ; clk        ; clk      ; None                       ; None                       ; 2.305 ns                 ;
; Not operational: Clock Skew > Data Delay ; cash:inst8|lpm_dff0:inst22|lpm_ff:lpm_ff_component|dffs[0]                                         ; lpm_ram_dq0:inst|altsyncram:altsyncram_component|altsyncram_56f1:auto_generated|ram_block1a0~porta_datain_reg0  ; clk        ; clk      ; None                       ; None                       ; 3.177 ns                 ;
; Not operational: Clock Skew > Data Delay ; cash:inst8|lpm_dff0:inst21|lpm_ff:lpm_ff_component|dffs[5]                                         ; lpm_ram_dq0:inst|altsyncram:altsyncram_component|altsyncram_56f1:auto_generated|ram_block1a4~porta_datain_reg1  ; clk        ; clk      ; None                       ; None                       ; 3.190 ns                 ;
; Not operational: Clock Skew > Data Delay ; cash:inst8|lpm_dff1:inst63|lpm_ff:lpm_ff_component|dffs[2]                                         ; lpm_ram_dq0:inst|altsyncram:altsyncram_component|altsyncram_56f1:auto_generated|ram_block1a4~porta_address_reg4 ; clk        ; clk      ; None                       ; None                       ; 2.337 ns                 ;
; Not operational: Clock Skew > Data Delay ; cash:inst8|lpm_dff1:inst14|lpm_ff:lpm_ff_component|dffs[1]                                         ; lpm_ram_dq0:inst|altsyncram:altsyncram_component|altsyncram_56f1:auto_generated|ram_block1a4~porta_address_reg3 ; clk        ; clk      ; None                       ; None                       ; 2.338 ns                 ;
; Not operational: Clock Skew > Data Delay ; cash:inst8|lpm_dff1:inst14|lpm_ff:lpm_ff_component|dffs[4]                                         ; lpm_ram_dq0:inst|altsyncram:altsyncram_component|altsyncram_56f1:auto_generated|ram_block1a0~porta_address_reg5 ; clk        ; clk      ; None                       ; None                       ; 2.357 ns                 ;
; Not operational: Clock Skew > Data Delay ; cash:inst8|inst455                                                                                 ; cash:inst8|inst419                                                                                              ; clk        ; clk      ; None                       ; None                       ; 0.951 ns                 ;
; Not operational: Clock Skew > Data Delay ; cash:inst8|lpm_dff1:inst14|lpm_ff:lpm_ff_component|dffs[2]                                         ; lpm_ram_dq0:inst|altsyncram:altsyncram_component|altsyncram_56f1:auto_generated|ram_block1a4~porta_address_reg1 ; clk        ; clk      ; None                       ; None                       ; 2.357 ns                 ;
; Not operational: Clock Skew > Data Delay ; cash:inst8|lpm_dff1:inst14|lpm_ff:lpm_ff_component|dffs[2]                                         ; lpm_ram_dq0:inst|altsyncram:altsyncram_component|altsyncram_56f1:auto_generated|ram_block1a0~porta_address_reg1 ; clk        ; clk      ; None                       ; None                       ; 2.367 ns                 ;
; Not operational: Clock Skew > Data Delay ; cash:inst8|lpm_dff1:inst14|lpm_ff:lpm_ff_component|dffs[1]                                         ; lpm_ram_dq0:inst|altsyncram:altsyncram_component|altsyncram_56f1:auto_generated|ram_block1a0~porta_address_reg3 ; clk        ; clk      ; None                       ; None                       ; 2.389 ns                 ;
; Not operational: Clock Skew > Data Delay ; cash:inst8|lpm_dff1:inst14|lpm_ff:lpm_ff_component|dffs[1]                                         ; lpm_ram_dq0:inst|altsyncram:altsyncram_component|altsyncram_56f1:auto_generated|ram_block1a0~porta_address_reg4 ; clk        ; clk      ; None                       ; None                       ; 2.390 ns                 ;
; Not operational: Clock Skew > Data Delay ; cash:inst8|lpm_dff1:inst14|lpm_ff:lpm_ff_component|dffs[2]                                         ; lpm_ram_dq0:inst|altsyncram:altsyncram_component|altsyncram_56f1:auto_generated|ram_block1a0~porta_address_reg2 ; clk        ; clk      ; None                       ; None                       ; 2.392 ns                 ;
; Not operational: Clock Skew > Data Delay ; cash:inst8|lpm_dff1:inst14|lpm_ff:lpm_ff_component|dffs[2]                                         ; lpm_ram_dq0:inst|altsyncram:altsyncram_component|altsyncram_56f1:auto_generated|ram_block1a4~porta_address_reg2 ; clk        ; clk      ; None                       ; None                       ; 2.398 ns                 ;
; Not operational: Clock Skew > Data Delay ; cash:inst8|lpm_dff1:inst14|lpm_ff:lpm_ff_component|dffs[3]                                         ; lpm_ram_dq0:inst|altsyncram:altsyncram_component|altsyncram_56f1:auto_generated|ram_block1a4~porta_address_reg5 ; clk        ; clk      ; None                       ; None                       ; 2.400 ns                 ;
; Not operational: Clock Skew > Data Delay ; cash:inst8|lpm_dff1:inst14|lpm_ff:lpm_ff_component|dffs[2]                                         ; lpm_ram_dq0:inst|altsyncram:altsyncram_component|altsyncram_56f1:auto_generated|ram_block1a4~porta_address_reg0 ; clk        ; clk      ; None                       ; None                       ; 2.401 ns                 ;
; Not operational: Clock Skew > Data Delay ; cash:inst8|lpm_dff1:inst14|lpm_ff:lpm_ff_component|dffs[2]                                         ; lpm_ram_dq0:inst|altsyncram:altsyncram_component|altsyncram_56f1:auto_generated|ram_block1a0~porta_address_reg0 ; clk        ; clk      ; None                       ; None                       ; 2.409 ns                 ;
; Not operational: Clock Skew > Data Delay ; cash:inst8|lpm_dff1:inst63|lpm_ff:lpm_ff_component|dffs[2]                                         ; lpm_ram_dq0:inst|altsyncram:altsyncram_component|altsyncram_56f1:auto_generated|ram_block1a0~porta_datain_reg2  ; clk        ; clk      ; None                       ; None                       ; 2.430 ns                 ;
; Not operational: Clock Skew > Data Delay ; cash:inst8|lpm_dff1:inst63|lpm_ff:lpm_ff_component|dffs[2]                                         ; lpm_ram_dq0:inst|altsyncram:altsyncram_component|altsyncram_56f1:auto_generated|ram_block1a4~porta_address_reg1 ; clk        ; clk      ; None                       ; None                       ; 2.429 ns                 ;
; Not operational: Clock Skew > Data Delay ; cash:inst8|lpm_dff1:inst14|lpm_ff:lpm_ff_component|dffs[2]                                         ; lpm_ram_dq0:inst|altsyncram:altsyncram_component|altsyncram_56f1:auto_generated|ram_block1a0~porta_address_reg8 ; clk        ; clk      ; None                       ; None                       ; 2.429 ns                 ;
; Not operational: Clock Skew > Data Delay ; cash:inst8|lpm_dff1:inst63|lpm_ff:lpm_ff_component|dffs[2]                                         ; lpm_ram_dq0:inst|altsyncram:altsyncram_component|altsyncram_56f1:auto_generated|ram_block1a0~porta_address_reg1 ; clk        ; clk      ; None                       ; None                       ; 2.439 ns                 ;
; Not operational: Clock Skew > Data Delay ; cash:inst8|lpm_dff1:inst63|lpm_ff:lpm_ff_component|dffs[2]                                         ; lpm_ram_dq0:inst|altsyncram:altsyncram_component|altsyncram_56f1:auto_generated|ram_block1a0~porta_address_reg5 ; clk        ; clk      ; None                       ; None                       ; 2.439 ns                 ;
; Not operational: Clock Skew > Data Delay ; cash:inst8|lpm_dff0:inst21|lpm_ff:lpm_ff_component|dffs[4]                                         ; lpm_ram_dq0:inst|altsyncram:altsyncram_component|altsyncram_56f1:auto_generated|ram_block1a4~porta_datain_reg0  ; clk        ; clk      ; None                       ; None                       ; 3.296 ns                 ;
; Not operational: Clock Skew > Data Delay ; cash:inst8|lpm_dff1:inst63|lpm_ff:lpm_ff_component|dffs[3]                                         ; lpm_ram_dq0:inst|altsyncram:altsyncram_component|altsyncram_56f1:auto_generated|ram_block1a4~porta_address_reg3 ; clk        ; clk      ; None                       ; None                       ; 2.451 ns                 ;
; Not operational: Clock Skew > Data Delay ; cash:inst8|lpm_dff1:inst63|lpm_ff:lpm_ff_component|dffs[2]                                         ; lpm_ram_dq0:inst|altsyncram:altsyncram_component|altsyncram_56f1:auto_generated|ram_block1a0~porta_address_reg2 ; clk        ; clk      ; None                       ; None                       ; 2.464 ns                 ;
; Not operational: Clock Skew > Data Delay ; cash:inst8|lpm_dff0:inst23|lpm_ff:lpm_ff_component|dffs[6]                                         ; lpm_ram_dq0:inst|altsyncram:altsyncram_component|altsyncram_56f1:auto_generated|ram_block1a4~porta_datain_reg2  ; clk        ; clk      ; None                       ; None                       ; 3.342 ns                 ;
; Not operational: Clock Skew > Data Delay ; cash:inst8|lpm_counter0:inst39|lpm_counter:lpm_counter_component|cntr_sej:auto_generated|safe_q[3] ; cash:inst8|lpm_counter0:inst39|lpm_counter:lpm_counter_component|cntr_sej:auto_generated|safe_q[3]              ; clk        ; clk      ; None                       ; None                       ; 0.609 ns                 ;
; Not operational: Clock Skew > Data Delay ; cash:inst8|lpm_counter0:inst39|lpm_counter:lpm_counter_component|cntr_sej:auto_generated|safe_q[2] ; cash:inst8|lpm_counter0:inst39|lpm_counter:lpm_counter_component|cntr_sej:auto_generated|safe_q[2]              ; clk        ; clk      ; None                       ; None                       ; 0.609 ns                 ;
; Not operational: Clock Skew > Data Delay ; cash:inst8|lpm_counter0:inst39|lpm_counter:lpm_counter_component|cntr_sej:auto_generated|safe_q[1] ; cash:inst8|lpm_counter0:inst39|lpm_counter:lpm_counter_component|cntr_sej:auto_generated|safe_q[1]              ; clk        ; clk      ; None                       ; None                       ; 0.609 ns                 ;
; Not operational: Clock Skew > Data Delay ; cash:inst8|lpm_counter0:inst39|lpm_counter:lpm_counter_component|cntr_sej:auto_generated|safe_q[0] ; cash:inst8|lpm_counter0:inst39|lpm_counter:lpm_counter_component|cntr_sej:auto_generated|safe_q[0]              ; clk        ; clk      ; None                       ; None                       ; 0.609 ns                 ;
; Not operational: Clock Skew > Data Delay ; cash:inst8|lpm_dff1:inst63|lpm_ff:lpm_ff_component|dffs[2]                                         ; lpm_ram_dq0:inst|altsyncram:altsyncram_component|altsyncram_56f1:auto_generated|ram_block1a4~porta_address_reg0 ; clk        ; clk      ; None                       ; None                       ; 2.468 ns                 ;
; Not operational: Clock Skew > Data Delay ; cash:inst8|lpm_dff1:inst63|lpm_ff:lpm_ff_component|dffs[2]                                         ; lpm_ram_dq0:inst|altsyncram:altsyncram_component|altsyncram_56f1:auto_generated|ram_block1a4~porta_address_reg2 ; clk        ; clk      ; None                       ; None                       ; 2.470 ns                 ;
; Not operational: Clock Skew > Data Delay ; cash:inst8|lpm_dff1:inst63|lpm_ff:lpm_ff_component|dffs[2]                                         ; lpm_ram_dq0:inst|altsyncram:altsyncram_component|altsyncram_56f1:auto_generated|ram_block1a0~porta_address_reg0 ; clk        ; clk      ; None                       ; None                       ; 2.476 ns                 ;
; Not operational: Clock Skew > Data Delay ; cash:inst8|lpm_dff1:inst63|lpm_ff:lpm_ff_component|dffs[4]                                         ; lpm_ram_dq0:inst|altsyncram:altsyncram_component|altsyncram_56f1:auto_generated|ram_block1a4~porta_address_reg3 ; clk        ; clk      ; None                       ; None                       ; 2.480 ns                 ;
; Not operational: Clock Skew > Data Delay ; cash:inst8|lpm_dff1:inst63|lpm_ff:lpm_ff_component|dffs[2]                                         ; lpm_ram_dq0:inst|altsyncram:altsyncram_component|altsyncram_56f1:auto_generated|ram_block1a0~porta_address_reg8 ; clk        ; clk      ; None                       ; None                       ; 2.488 ns                 ;
; Not operational: Clock Skew > Data Delay ; cash:inst8|lpm_dff1:inst14|lpm_ff:lpm_ff_component|dffs[3]                                         ; lpm_ram_dq0:inst|altsyncram:altsyncram_component|altsyncram_56f1:auto_generated|ram_block1a4~porta_address_reg6 ; clk        ; clk      ; None                       ; None                       ; 2.477 ns                 ;
; Not operational: Clock Skew > Data Delay ; cash:inst8|lpm_dff1:inst63|lpm_ff:lpm_ff_component|dffs[3]                                         ; lpm_ram_dq0:inst|altsyncram:altsyncram_component|altsyncram_56f1:auto_generated|ram_block1a0~porta_address_reg3 ; clk        ; clk      ; None                       ; None                       ; 2.502 ns                 ;
; Timing analysis restricted to 200 rows.  ; To change the limit use Settings (Assignments menu)                                                ;                                                                                                                 ;            ;          ;                            ;                            ;                          ;
+------------------------------------------+----------------------------------------------------------------------------------------------------+-----------------------------------------------------------------------------------------------------------------+------------+----------+----------------------------+----------------------------+--------------------------+


+-------------------------------------------------------------------------------------------------------------------------------------------------------------------------------------------------+
; tsu                                                                                                                                                                                             ;
+-----------------------------------------+-----------------------------------------------------+------------+------------+------------------------------------------------------------+----------+
; Slack                                   ; Required tsu                                        ; Actual tsu ; From       ; To                                                         ; To Clock ;
+-----------------------------------------+-----------------------------------------------------+------------+------------+------------------------------------------------------------+----------+
; N/A                                     ; None                                                ; 7.569 ns   ; address[5] ; cash:inst8|lpm_dff0:inst25|lpm_ff:lpm_ff_component|dffs[5] ; clk      ;
; N/A                                     ; None                                                ; 7.508 ns   ; address[4] ; cash:inst8|lpm_dff0:inst76|lpm_ff:lpm_ff_component|dffs[6] ; clk      ;
; N/A                                     ; None                                                ; 7.490 ns   ; address[3] ; cash:inst8|lpm_dff0:inst25|lpm_ff:lpm_ff_component|dffs[5] ; clk      ;
; N/A                                     ; None                                                ; 7.481 ns   ; address[4] ; cash:inst8|lpm_dff0:inst25|lpm_ff:lpm_ff_component|dffs[5] ; clk      ;
; N/A                                     ; None                                                ; 7.450 ns   ; address[3] ; cash:inst8|lpm_dff0:inst76|lpm_ff:lpm_ff_component|dffs[6] ; clk      ;
; N/A                                     ; None                                                ; 7.427 ns   ; address[5] ; cash:inst8|lpm_dff0:inst73|lpm_ff:lpm_ff_component|dffs[7] ; clk      ;
; N/A                                     ; None                                                ; 7.427 ns   ; address[5] ; cash:inst8|lpm_dff0:inst76|lpm_ff:lpm_ff_component|dffs[6] ; clk      ;
; N/A                                     ; None                                                ; 7.421 ns   ; address[3] ; cash:inst8|lpm_dff0:inst21|lpm_ff:lpm_ff_component|dffs[3] ; clk      ;
; N/A                                     ; None                                                ; 7.402 ns   ; address[5] ; cash:inst8|lpm_dff0:inst26|lpm_ff:lpm_ff_component|dffs[5] ; clk      ;
; N/A                                     ; None                                                ; 7.401 ns   ; address[5] ; cash:inst8|lpm_dff0:inst40|lpm_ff:lpm_ff_component|dffs[5] ; clk      ;
; N/A                                     ; None                                                ; 7.400 ns   ; address[3] ; cash:inst8|lpm_dff0:inst24|lpm_ff:lpm_ff_component|dffs[3] ; clk      ;
; N/A                                     ; None                                                ; 7.397 ns   ; address[5] ; cash:inst8|lpm_dff0:inst75|lpm_ff:lpm_ff_component|dffs[5] ; clk      ;
; N/A                                     ; None                                                ; 7.395 ns   ; address[5] ; cash:inst8|lpm_dff0:inst74|lpm_ff:lpm_ff_component|dffs[5] ; clk      ;
; N/A                                     ; None                                                ; 7.391 ns   ; address[5] ; cash:inst8|lpm_dff0:inst21|lpm_ff:lpm_ff_component|dffs[5] ; clk      ;
; N/A                                     ; None                                                ; 7.389 ns   ; address[5] ; cash:inst8|lpm_dff0:inst22|lpm_ff:lpm_ff_component|dffs[5] ; clk      ;
; N/A                                     ; None                                                ; 7.379 ns   ; address[4] ; cash:inst8|lpm_dff0:inst21|lpm_ff:lpm_ff_component|dffs[6] ; clk      ;
; N/A                                     ; None                                                ; 7.378 ns   ; address[4] ; cash:inst8|lpm_dff0:inst22|lpm_ff:lpm_ff_component|dffs[6] ; clk      ;
; N/A                                     ; None                                                ; 7.370 ns   ; address[5] ; cash:inst8|lpm_dff0:inst24|lpm_ff:lpm_ff_component|dffs[5] ; clk      ;
; N/A                                     ; None                                                ; 7.367 ns   ; address[5] ; cash:inst8|lpm_dff0:inst77|lpm_ff:lpm_ff_component|dffs[5] ; clk      ;
; N/A                                     ; None                                                ; 7.362 ns   ; address[4] ; cash:inst8|lpm_dff0:inst25|lpm_ff:lpm_ff_component|dffs[6] ; clk      ;
; N/A                                     ; None                                                ; 7.326 ns   ; address[4] ; cash:inst8|lpm_dff0:inst75|lpm_ff:lpm_ff_component|dffs[6] ; clk      ;
; N/A                                     ; None                                                ; 7.323 ns   ; address[3] ; cash:inst8|lpm_dff0:inst26|lpm_ff:lpm_ff_component|dffs[5] ; clk      ;
; N/A                                     ; None                                                ; 7.322 ns   ; address[3] ; cash:inst8|lpm_dff0:inst40|lpm_ff:lpm_ff_component|dffs[5] ; clk      ;
; N/A                                     ; None                                                ; 7.321 ns   ; address[3] ; cash:inst8|lpm_dff0:inst21|lpm_ff:lpm_ff_component|dffs[6] ; clk      ;
; N/A                                     ; None                                                ; 7.321 ns   ; address[4] ; cash:inst8|lpm_dff0:inst77|lpm_ff:lpm_ff_component|dffs[6] ; clk      ;
; N/A                                     ; None                                                ; 7.320 ns   ; address[3] ; cash:inst8|lpm_dff0:inst22|lpm_ff:lpm_ff_component|dffs[6] ; clk      ;
; N/A                                     ; None                                                ; 7.320 ns   ; address[4] ; cash:inst8|lpm_dff0:inst74|lpm_ff:lpm_ff_component|dffs[6] ; clk      ;
; N/A                                     ; None                                                ; 7.319 ns   ; address[5] ; cash:inst8|lpm_dff0:inst76|lpm_ff:lpm_ff_component|dffs[5] ; clk      ;
; N/A                                     ; None                                                ; 7.318 ns   ; address[3] ; cash:inst8|lpm_dff0:inst75|lpm_ff:lpm_ff_component|dffs[5] ; clk      ;
; N/A                                     ; None                                                ; 7.316 ns   ; address[3] ; cash:inst8|lpm_dff0:inst74|lpm_ff:lpm_ff_component|dffs[5] ; clk      ;
; N/A                                     ; None                                                ; 7.314 ns   ; address[4] ; cash:inst8|lpm_dff0:inst26|lpm_ff:lpm_ff_component|dffs[5] ; clk      ;
; N/A                                     ; None                                                ; 7.313 ns   ; address[4] ; cash:inst8|lpm_dff0:inst40|lpm_ff:lpm_ff_component|dffs[5] ; clk      ;
; N/A                                     ; None                                                ; 7.313 ns   ; address[4] ; cash:inst8|lpm_dff0:inst26|lpm_ff:lpm_ff_component|dffs[6] ; clk      ;
; N/A                                     ; None                                                ; 7.312 ns   ; address[3] ; cash:inst8|lpm_dff0:inst21|lpm_ff:lpm_ff_component|dffs[5] ; clk      ;
; N/A                                     ; None                                                ; 7.312 ns   ; address[4] ; cash:inst8|lpm_dff0:inst23|lpm_ff:lpm_ff_component|dffs[0] ; clk      ;
; N/A                                     ; None                                                ; 7.310 ns   ; address[3] ; cash:inst8|lpm_dff0:inst22|lpm_ff:lpm_ff_component|dffs[5] ; clk      ;
; N/A                                     ; None                                                ; 7.309 ns   ; address[4] ; cash:inst8|lpm_dff0:inst75|lpm_ff:lpm_ff_component|dffs[5] ; clk      ;
; N/A                                     ; None                                                ; 7.307 ns   ; address[4] ; cash:inst8|lpm_dff0:inst74|lpm_ff:lpm_ff_component|dffs[5] ; clk      ;
; N/A                                     ; None                                                ; 7.304 ns   ; address[3] ; cash:inst8|lpm_dff0:inst25|lpm_ff:lpm_ff_component|dffs[6] ; clk      ;
; N/A                                     ; None                                                ; 7.303 ns   ; address[4] ; cash:inst8|lpm_dff0:inst21|lpm_ff:lpm_ff_component|dffs[5] ; clk      ;
; N/A                                     ; None                                                ; 7.302 ns   ; address[4] ; cash:inst8|lpm_dff0:inst21|lpm_ff:lpm_ff_component|dffs[0] ; clk      ;
; N/A                                     ; None                                                ; 7.301 ns   ; address[4] ; cash:inst8|lpm_dff0:inst22|lpm_ff:lpm_ff_component|dffs[5] ; clk      ;
; N/A                                     ; None                                                ; 7.299 ns   ; address[4] ; cash:inst8|lpm_dff0:inst24|lpm_ff:lpm_ff_component|dffs[6] ; clk      ;
; N/A                                     ; None                                                ; 7.298 ns   ; address[5] ; cash:inst8|lpm_dff0:inst21|lpm_ff:lpm_ff_component|dffs[6] ; clk      ;
; N/A                                     ; None                                                ; 7.298 ns   ; address[5] ; cash:inst8|lpm_dff0:inst21|lpm_ff:lpm_ff_component|dffs[3] ; clk      ;
; N/A                                     ; None                                                ; 7.298 ns   ; address[4] ; cash:inst8|lpm_dff0:inst25|lpm_ff:lpm_ff_component|dffs[0] ; clk      ;
; N/A                                     ; None                                                ; 7.297 ns   ; address[5] ; cash:inst8|lpm_dff0:inst22|lpm_ff:lpm_ff_component|dffs[6] ; clk      ;
; N/A                                     ; None                                                ; 7.291 ns   ; address[3] ; cash:inst8|lpm_dff0:inst24|lpm_ff:lpm_ff_component|dffs[5] ; clk      ;
; N/A                                     ; None                                                ; 7.288 ns   ; address[3] ; cash:inst8|lpm_dff0:inst77|lpm_ff:lpm_ff_component|dffs[5] ; clk      ;
; N/A                                     ; None                                                ; 7.282 ns   ; address[4] ; cash:inst8|lpm_dff0:inst24|lpm_ff:lpm_ff_component|dffs[5] ; clk      ;
; N/A                                     ; None                                                ; 7.281 ns   ; address[5] ; cash:inst8|lpm_dff0:inst25|lpm_ff:lpm_ff_component|dffs[6] ; clk      ;
; N/A                                     ; None                                                ; 7.279 ns   ; address[4] ; cash:inst8|lpm_dff0:inst77|lpm_ff:lpm_ff_component|dffs[5] ; clk      ;
; N/A                                     ; None                                                ; 7.277 ns   ; address[5] ; cash:inst8|lpm_dff0:inst24|lpm_ff:lpm_ff_component|dffs[3] ; clk      ;
; N/A                                     ; None                                                ; 7.274 ns   ; address[4] ; cash:inst8|lpm_dff0:inst21|lpm_ff:lpm_ff_component|dffs[3] ; clk      ;
; N/A                                     ; None                                                ; 7.271 ns   ; address[5] ; cash:inst8|lpm_dff0:inst23|lpm_ff:lpm_ff_component|dffs[0] ; clk      ;
; N/A                                     ; None                                                ; 7.268 ns   ; address[3] ; cash:inst8|lpm_dff0:inst75|lpm_ff:lpm_ff_component|dffs[6] ; clk      ;
; N/A                                     ; None                                                ; 7.263 ns   ; address[3] ; cash:inst8|lpm_dff0:inst77|lpm_ff:lpm_ff_component|dffs[6] ; clk      ;
; N/A                                     ; None                                                ; 7.262 ns   ; address[3] ; cash:inst8|lpm_dff0:inst74|lpm_ff:lpm_ff_component|dffs[6] ; clk      ;
; N/A                                     ; None                                                ; 7.261 ns   ; address[5] ; cash:inst8|lpm_dff0:inst21|lpm_ff:lpm_ff_component|dffs[0] ; clk      ;
; N/A                                     ; None                                                ; 7.257 ns   ; address[5] ; cash:inst8|lpm_dff0:inst25|lpm_ff:lpm_ff_component|dffs[0] ; clk      ;
; N/A                                     ; None                                                ; 7.255 ns   ; address[3] ; cash:inst8|lpm_dff0:inst26|lpm_ff:lpm_ff_component|dffs[6] ; clk      ;
; N/A                                     ; None                                                ; 7.253 ns   ; address[4] ; cash:inst8|lpm_dff0:inst24|lpm_ff:lpm_ff_component|dffs[3] ; clk      ;
; N/A                                     ; None                                                ; 7.245 ns   ; address[5] ; cash:inst8|lpm_dff0:inst75|lpm_ff:lpm_ff_component|dffs[6] ; clk      ;
; N/A                                     ; None                                                ; 7.245 ns   ; address[3] ; cash:inst8|lpm_dff0:inst73|lpm_ff:lpm_ff_component|dffs[3] ; clk      ;
; N/A                                     ; None                                                ; 7.241 ns   ; address[3] ; cash:inst8|lpm_dff0:inst24|lpm_ff:lpm_ff_component|dffs[6] ; clk      ;
; N/A                                     ; None                                                ; 7.240 ns   ; address[5] ; cash:inst8|lpm_dff0:inst77|lpm_ff:lpm_ff_component|dffs[6] ; clk      ;
; N/A                                     ; None                                                ; 7.240 ns   ; address[3] ; cash:inst8|lpm_dff0:inst76|lpm_ff:lpm_ff_component|dffs[5] ; clk      ;
; N/A                                     ; None                                                ; 7.240 ns   ; address[3] ; cash:inst8|lpm_dff0:inst25|lpm_ff:lpm_ff_component|dffs[3] ; clk      ;
; N/A                                     ; None                                                ; 7.239 ns   ; address[5] ; cash:inst8|lpm_dff0:inst74|lpm_ff:lpm_ff_component|dffs[6] ; clk      ;
; N/A                                     ; None                                                ; 7.239 ns   ; address[3] ; cash:inst8|lpm_dff0:inst75|lpm_ff:lpm_ff_component|dffs[3] ; clk      ;
; N/A                                     ; None                                                ; 7.236 ns   ; address[3] ; cash:inst8|lpm_dff0:inst22|lpm_ff:lpm_ff_component|dffs[3] ; clk      ;
; N/A                                     ; None                                                ; 7.235 ns   ; address[5] ; cash:inst8|lpm_dff0:inst26|lpm_ff:lpm_ff_component|dffs[7] ; clk      ;
; N/A                                     ; None                                                ; 7.232 ns   ; address[5] ; cash:inst8|lpm_dff0:inst26|lpm_ff:lpm_ff_component|dffs[6] ; clk      ;
; N/A                                     ; None                                                ; 7.231 ns   ; address[3] ; cash:inst8|lpm_dff0:inst20|lpm_ff:lpm_ff_component|dffs[3] ; clk      ;
; N/A                                     ; None                                                ; 7.231 ns   ; address[4] ; cash:inst8|lpm_dff0:inst76|lpm_ff:lpm_ff_component|dffs[5] ; clk      ;
; N/A                                     ; None                                                ; 7.230 ns   ; address[5] ; cash:inst8|lpm_dff0:inst74|lpm_ff:lpm_ff_component|dffs[7] ; clk      ;
; N/A                                     ; None                                                ; 7.225 ns   ; address[5] ; cash:inst8|lpm_dff0:inst24|lpm_ff:lpm_ff_component|dffs[7] ; clk      ;
; N/A                                     ; None                                                ; 7.221 ns   ; address[5] ; cash:inst8|lpm_dff0:inst20|lpm_ff:lpm_ff_component|dffs[7] ; clk      ;
; N/A                                     ; None                                                ; 7.218 ns   ; address[5] ; cash:inst8|lpm_dff0:inst24|lpm_ff:lpm_ff_component|dffs[6] ; clk      ;
; N/A                                     ; None                                                ; 7.215 ns   ; address[5] ; cash:inst8|lpm_dff0:inst23|lpm_ff:lpm_ff_component|dffs[7] ; clk      ;
; N/A                                     ; None                                                ; 7.214 ns   ; address[5] ; cash:inst8|lpm_dff0:inst25|lpm_ff:lpm_ff_component|dffs[7] ; clk      ;
; N/A                                     ; None                                                ; 7.205 ns   ; address[5] ; cash:inst8|lpm_dff0:inst75|lpm_ff:lpm_ff_component|dffs[7] ; clk      ;
; N/A                                     ; None                                                ; 7.186 ns   ; address[4] ; cash:inst8|lpm_dff0:inst73|lpm_ff:lpm_ff_component|dffs[7] ; clk      ;
; N/A                                     ; None                                                ; 7.184 ns   ; address[3] ; cash:inst8|lpm_dff0:inst73|lpm_ff:lpm_ff_component|dffs[4] ; clk      ;
; N/A                                     ; None                                                ; 7.158 ns   ; address[0] ; cash:inst8|lpm_dff0:inst76|lpm_ff:lpm_ff_component|dffs[6] ; clk      ;
; N/A                                     ; None                                                ; 7.156 ns   ; address[4] ; cash:inst8|lpm_dff0:inst40|lpm_ff:lpm_ff_component|dffs[6] ; clk      ;
; N/A                                     ; None                                                ; 7.145 ns   ; address[4] ; cash:inst8|lpm_dff0:inst72|lpm_ff:lpm_ff_component|dffs[0] ; clk      ;
; N/A                                     ; None                                                ; 7.144 ns   ; address[4] ; cash:inst8|lpm_dff0:inst77|lpm_ff:lpm_ff_component|dffs[0] ; clk      ;
; N/A                                     ; None                                                ; 7.143 ns   ; address[4] ; cash:inst8|lpm_dff0:inst74|lpm_ff:lpm_ff_component|dffs[0] ; clk      ;
; N/A                                     ; None                                                ; 7.130 ns   ; address[3] ; cash:inst8|lpm_dff0:inst78|lpm_ff:lpm_ff_component|dffs[4] ; clk      ;
; N/A                                     ; None                                                ; 7.122 ns   ; address[5] ; cash:inst8|lpm_dff0:inst73|lpm_ff:lpm_ff_component|dffs[3] ; clk      ;
; N/A                                     ; None                                                ; 7.122 ns   ; write-read ; cash:inst8|lpm_dff0:inst40|lpm_ff:lpm_ff_component|dffs[4] ; clk      ;
; N/A                                     ; None                                                ; 7.122 ns   ; write-read ; cash:inst8|lpm_dff0:inst40|lpm_ff:lpm_ff_component|dffs[5] ; clk      ;
; N/A                                     ; None                                                ; 7.120 ns   ; address[5] ; cash:inst8|lpm_dff0:inst78|lpm_ff:lpm_ff_component|dffs[5] ; clk      ;
; N/A                                     ; None                                                ; 7.120 ns   ; address[4] ; cash:inst8|lpm_dff0:inst78|lpm_ff:lpm_ff_component|dffs[6] ; clk      ;
; N/A                                     ; None                                                ; 7.119 ns   ; address[3] ; cash:inst8|lpm_dff0:inst26|lpm_ff:lpm_ff_component|dffs[3] ; clk      ;
; N/A                                     ; None                                                ; 7.117 ns   ; address[5] ; cash:inst8|lpm_dff0:inst25|lpm_ff:lpm_ff_component|dffs[3] ; clk      ;
; N/A                                     ; None                                                ; 7.116 ns   ; address[5] ; cash:inst8|lpm_dff0:inst75|lpm_ff:lpm_ff_component|dffs[3] ; clk      ;
; N/A                                     ; None                                                ; 7.113 ns   ; address[5] ; cash:inst8|lpm_dff0:inst22|lpm_ff:lpm_ff_component|dffs[3] ; clk      ;
; N/A                                     ; None                                                ; 7.108 ns   ; address[5] ; cash:inst8|lpm_dff0:inst20|lpm_ff:lpm_ff_component|dffs[3] ; clk      ;
; N/A                                     ; None                                                ; 7.105 ns   ; address[5] ; cash:inst8|lpm_dff0:inst73|lpm_ff:lpm_ff_component|dffs[4] ; clk      ;
; N/A                                     ; None                                                ; 7.104 ns   ; address[5] ; cash:inst8|lpm_dff0:inst72|lpm_ff:lpm_ff_component|dffs[0] ; clk      ;
; N/A                                     ; None                                                ; 7.103 ns   ; address[5] ; cash:inst8|lpm_dff0:inst77|lpm_ff:lpm_ff_component|dffs[0] ; clk      ;
; N/A                                     ; None                                                ; 7.102 ns   ; address[5] ; cash:inst8|lpm_dff0:inst74|lpm_ff:lpm_ff_component|dffs[0] ; clk      ;
; N/A                                     ; None                                                ; 7.098 ns   ; address[3] ; cash:inst8|lpm_dff0:inst40|lpm_ff:lpm_ff_component|dffs[6] ; clk      ;
; N/A                                     ; None                                                ; 7.098 ns   ; address[4] ; cash:inst8|lpm_dff0:inst73|lpm_ff:lpm_ff_component|dffs[3] ; clk      ;
; N/A                                     ; None                                                ; 7.094 ns   ; address[4] ; cash:inst8|lpm_dff0:inst73|lpm_ff:lpm_ff_component|dffs[4] ; clk      ;
; N/A                                     ; None                                                ; 7.093 ns   ; address[3] ; cash:inst8|lpm_dff0:inst23|lpm_ff:lpm_ff_component|dffs[0] ; clk      ;
; N/A                                     ; None                                                ; 7.093 ns   ; address[4] ; cash:inst8|lpm_dff0:inst25|lpm_ff:lpm_ff_component|dffs[3] ; clk      ;
; N/A                                     ; None                                                ; 7.092 ns   ; address[4] ; cash:inst8|lpm_dff0:inst75|lpm_ff:lpm_ff_component|dffs[3] ; clk      ;
; N/A                                     ; None                                                ; 7.089 ns   ; address[3] ; cash:inst8|lpm_dff0:inst77|lpm_ff:lpm_ff_component|dffs[4] ; clk      ;
; N/A                                     ; None                                                ; 7.089 ns   ; address[4] ; cash:inst8|lpm_dff0:inst22|lpm_ff:lpm_ff_component|dffs[3] ; clk      ;
; N/A                                     ; None                                                ; 7.086 ns   ; address[3] ; cash:inst8|lpm_dff0:inst72|lpm_ff:lpm_ff_component|dffs[4] ; clk      ;
; N/A                                     ; None                                                ; 7.084 ns   ; address[4] ; cash:inst8|lpm_dff0:inst20|lpm_ff:lpm_ff_component|dffs[3] ; clk      ;
; N/A                                     ; None                                                ; 7.083 ns   ; address[3] ; cash:inst8|lpm_dff0:inst21|lpm_ff:lpm_ff_component|dffs[0] ; clk      ;
; N/A                                     ; None                                                ; 7.081 ns   ; address[3] ; cash:inst8|lpm_dff0:inst74|lpm_ff:lpm_ff_component|dffs[4] ; clk      ;
; N/A                                     ; None                                                ; 7.079 ns   ; address[3] ; cash:inst8|lpm_dff0:inst25|lpm_ff:lpm_ff_component|dffs[0] ; clk      ;
; N/A                                     ; None                                                ; 7.078 ns   ; address[4] ; cash:inst8|lpm_dff0:inst24|lpm_ff:lpm_ff_component|dffs[0] ; clk      ;
; N/A                                     ; None                                                ; 7.075 ns   ; address[5] ; cash:inst8|lpm_dff0:inst40|lpm_ff:lpm_ff_component|dffs[6] ; clk      ;
; N/A                                     ; None                                                ; 7.073 ns   ; write-read ; cash:inst8|lpm_dff0:inst75|lpm_ff:lpm_ff_component|dffs[5] ; clk      ;
; N/A                                     ; None                                                ; 7.062 ns   ; address[3] ; cash:inst8|lpm_dff0:inst78|lpm_ff:lpm_ff_component|dffs[6] ; clk      ;
; N/A                                     ; None                                                ; 7.055 ns   ; address[3] ; cash:inst8|lpm_dff0:inst77|lpm_ff:lpm_ff_component|dffs[2] ; clk      ;
; N/A                                     ; None                                                ; 7.053 ns   ; address[3] ; cash:inst8|lpm_dff0:inst24|lpm_ff:lpm_ff_component|dffs[4] ; clk      ;
; N/A                                     ; None                                                ; 7.051 ns   ; address[5] ; cash:inst8|lpm_dff0:inst78|lpm_ff:lpm_ff_component|dffs[4] ; clk      ;
; N/A                                     ; None                                                ; 7.051 ns   ; address[3] ; cash:inst8|lpm_dff0:inst25|lpm_ff:lpm_ff_component|dffs[2] ; clk      ;
; N/A                                     ; None                                                ; 7.050 ns   ; address[3] ; cash:inst8|lpm_dff0:inst72|lpm_ff:lpm_ff_component|dffs[2] ; clk      ;
; N/A                                     ; None                                                ; 7.043 ns   ; address[3] ; cash:inst8|lpm_dff0:inst21|lpm_ff:lpm_ff_component|dffs[2] ; clk      ;
; N/A                                     ; None                                                ; 7.041 ns   ; address[3] ; cash:inst8|lpm_dff0:inst78|lpm_ff:lpm_ff_component|dffs[5] ; clk      ;
; N/A                                     ; None                                                ; 7.040 ns   ; address[4] ; cash:inst8|lpm_dff0:inst78|lpm_ff:lpm_ff_component|dffs[4] ; clk      ;
; N/A                                     ; None                                                ; 7.039 ns   ; address[5] ; cash:inst8|lpm_dff0:inst78|lpm_ff:lpm_ff_component|dffs[6] ; clk      ;
; N/A                                     ; None                                                ; 7.037 ns   ; address[5] ; cash:inst8|lpm_dff0:inst24|lpm_ff:lpm_ff_component|dffs[0] ; clk      ;
; N/A                                     ; None                                                ; 7.035 ns   ; address[4] ; cash:inst8|lpm_dff0:inst20|lpm_ff:lpm_ff_component|dffs[0] ; clk      ;
; N/A                                     ; None                                                ; 7.032 ns   ; address[4] ; cash:inst8|lpm_dff0:inst78|lpm_ff:lpm_ff_component|dffs[5] ; clk      ;
; N/A                                     ; None                                                ; 7.031 ns   ; address[5] ; cash:inst8|lpm_dff0:inst21|lpm_ff:lpm_ff_component|dffs[7] ; clk      ;
; N/A                                     ; None                                                ; 7.030 ns   ; address[3] ; cash:inst8|lpm_dff0:inst23|lpm_ff:lpm_ff_component|dffs[3] ; clk      ;
; N/A                                     ; None                                                ; 7.029 ns   ; address[5] ; cash:inst8|lpm_dff0:inst22|lpm_ff:lpm_ff_component|dffs[7] ; clk      ;
; N/A                                     ; None                                                ; 7.029 ns   ; address[0] ; cash:inst8|lpm_dff0:inst21|lpm_ff:lpm_ff_component|dffs[6] ; clk      ;
; N/A                                     ; None                                                ; 7.028 ns   ; address[0] ; cash:inst8|lpm_dff0:inst22|lpm_ff:lpm_ff_component|dffs[6] ; clk      ;
; N/A                                     ; None                                                ; 7.025 ns   ; address[5] ; cash:inst8|lpm_dff0:inst76|lpm_ff:lpm_ff_component|dffs[7] ; clk      ;
; N/A                                     ; None                                                ; 7.021 ns   ; address[5] ; cash:inst8|lpm_dff0:inst78|lpm_ff:lpm_ff_component|dffs[7] ; clk      ;
; N/A                                     ; None                                                ; 7.016 ns   ; address[3] ; cash:inst8|lpm_dff0:inst73|lpm_ff:lpm_ff_component|dffs[7] ; clk      ;
; N/A                                     ; None                                                ; 7.012 ns   ; address[0] ; cash:inst8|lpm_dff0:inst25|lpm_ff:lpm_ff_component|dffs[6] ; clk      ;
; N/A                                     ; None                                                ; 7.010 ns   ; address[5] ; cash:inst8|lpm_dff0:inst77|lpm_ff:lpm_ff_component|dffs[4] ; clk      ;
; N/A                                     ; None                                                ; 7.007 ns   ; address[5] ; cash:inst8|lpm_dff0:inst72|lpm_ff:lpm_ff_component|dffs[4] ; clk      ;
; N/A                                     ; None                                                ; 7.002 ns   ; address[5] ; cash:inst8|lpm_dff0:inst74|lpm_ff:lpm_ff_component|dffs[4] ; clk      ;
; N/A                                     ; None                                                ; 7.002 ns   ; address[5] ; cash:inst8|lpm_dff0:inst72|lpm_ff:lpm_ff_component|dffs[7] ; clk      ;
; N/A                                     ; None                                                ; 6.999 ns   ; address[4] ; cash:inst8|lpm_dff0:inst77|lpm_ff:lpm_ff_component|dffs[4] ; clk      ;
; N/A                                     ; None                                                ; 6.996 ns   ; address[5] ; cash:inst8|lpm_dff0:inst26|lpm_ff:lpm_ff_component|dffs[3] ; clk      ;
; N/A                                     ; None                                                ; 6.996 ns   ; address[4] ; cash:inst8|lpm_dff0:inst72|lpm_ff:lpm_ff_component|dffs[4] ; clk      ;
; N/A                                     ; None                                                ; 6.994 ns   ; address[5] ; cash:inst8|lpm_dff0:inst20|lpm_ff:lpm_ff_component|dffs[0] ; clk      ;
; N/A                                     ; None                                                ; 6.994 ns   ; address[4] ; cash:inst8|lpm_dff0:inst26|lpm_ff:lpm_ff_component|dffs[7] ; clk      ;
; N/A                                     ; None                                                ; 6.991 ns   ; address[4] ; cash:inst8|lpm_dff0:inst74|lpm_ff:lpm_ff_component|dffs[4] ; clk      ;
; N/A                                     ; None                                                ; 6.989 ns   ; address[4] ; cash:inst8|lpm_dff0:inst74|lpm_ff:lpm_ff_component|dffs[7] ; clk      ;
; N/A                                     ; None                                                ; 6.988 ns   ; address[3] ; cash:inst8|lpm_dff0:inst23|lpm_ff:lpm_ff_component|dffs[2] ; clk      ;
; N/A                                     ; None                                                ; 6.984 ns   ; address[3] ; cash:inst8|lpm_dff0:inst76|lpm_ff:lpm_ff_component|dffs[1] ; clk      ;
; N/A                                     ; None                                                ; 6.984 ns   ; address[3] ; cash:inst8|lpm_dff0:inst24|lpm_ff:lpm_ff_component|dffs[1] ; clk      ;
; N/A                                     ; None                                                ; 6.984 ns   ; address[4] ; cash:inst8|lpm_dff0:inst24|lpm_ff:lpm_ff_component|dffs[7] ; clk      ;
; N/A                                     ; None                                                ; 6.983 ns   ; address[3] ; cash:inst8|lpm_dff0:inst40|lpm_ff:lpm_ff_component|dffs[1] ; clk      ;
; N/A                                     ; None                                                ; 6.981 ns   ; address[3] ; cash:inst8|lpm_dff0:inst78|lpm_ff:lpm_ff_component|dffs[1] ; clk      ;
; N/A                                     ; None                                                ; 6.980 ns   ; address[3] ; cash:inst8|lpm_dff0:inst22|lpm_ff:lpm_ff_component|dffs[1] ; clk      ;
; N/A                                     ; None                                                ; 6.980 ns   ; address[4] ; cash:inst8|lpm_dff0:inst20|lpm_ff:lpm_ff_component|dffs[7] ; clk      ;
; N/A                                     ; None                                                ; 6.977 ns   ; address[3] ; cash:inst8|lpm_dff0:inst20|lpm_ff:lpm_ff_component|dffs[1] ; clk      ;
; N/A                                     ; None                                                ; 6.976 ns   ; address[0] ; cash:inst8|lpm_dff0:inst75|lpm_ff:lpm_ff_component|dffs[6] ; clk      ;
; N/A                                     ; None                                                ; 6.975 ns   ; address[3] ; cash:inst8|lpm_dff0:inst77|lpm_ff:lpm_ff_component|dffs[3] ; clk      ;
; N/A                                     ; None                                                ; 6.974 ns   ; address[5] ; cash:inst8|lpm_dff0:inst24|lpm_ff:lpm_ff_component|dffs[4] ; clk      ;
; N/A                                     ; None                                                ; 6.974 ns   ; address[3] ; cash:inst8|lpm_dff0:inst74|lpm_ff:lpm_ff_component|dffs[3] ; clk      ;
; N/A                                     ; None                                                ; 6.974 ns   ; address[4] ; cash:inst8|lpm_dff0:inst23|lpm_ff:lpm_ff_component|dffs[7] ; clk      ;
; N/A                                     ; None                                                ; 6.974 ns   ; address[0] ; cash:inst8|lpm_dff0:inst25|lpm_ff:lpm_ff_component|dffs[5] ; clk      ;
; N/A                                     ; None                                                ; 6.973 ns   ; address[4] ; cash:inst8|lpm_dff0:inst25|lpm_ff:lpm_ff_component|dffs[7] ; clk      ;
; N/A                                     ; None                                                ; 6.972 ns   ; address[4] ; cash:inst8|lpm_dff0:inst26|lpm_ff:lpm_ff_component|dffs[3] ; clk      ;
; N/A                                     ; None                                                ; 6.971 ns   ; address[0] ; cash:inst8|lpm_dff0:inst77|lpm_ff:lpm_ff_component|dffs[6] ; clk      ;
; N/A                                     ; None                                                ; 6.970 ns   ; address[0] ; cash:inst8|lpm_dff0:inst74|lpm_ff:lpm_ff_component|dffs[6] ; clk      ;
; N/A                                     ; None                                                ; 6.968 ns   ; address[4] ; cash:inst8|lpm_dff0:inst76|lpm_ff:lpm_ff_component|dffs[1] ; clk      ;
; N/A                                     ; None                                                ; 6.968 ns   ; address[4] ; cash:inst8|lpm_dff0:inst24|lpm_ff:lpm_ff_component|dffs[1] ; clk      ;
; N/A                                     ; None                                                ; 6.967 ns   ; address[3] ; cash:inst8|lpm_dff0:inst72|lpm_ff:lpm_ff_component|dffs[3] ; clk      ;
; N/A                                     ; None                                                ; 6.967 ns   ; address[4] ; cash:inst8|lpm_dff0:inst40|lpm_ff:lpm_ff_component|dffs[1] ; clk      ;
; N/A                                     ; None                                                ; 6.965 ns   ; address[4] ; cash:inst8|lpm_dff0:inst78|lpm_ff:lpm_ff_component|dffs[1] ; clk      ;
; N/A                                     ; None                                                ; 6.964 ns   ; address[4] ; cash:inst8|lpm_dff0:inst75|lpm_ff:lpm_ff_component|dffs[7] ; clk      ;
; N/A                                     ; None                                                ; 6.964 ns   ; address[4] ; cash:inst8|lpm_dff0:inst22|lpm_ff:lpm_ff_component|dffs[1] ; clk      ;
; N/A                                     ; None                                                ; 6.963 ns   ; address[4] ; cash:inst8|lpm_dff0:inst24|lpm_ff:lpm_ff_component|dffs[4] ; clk      ;
; N/A                                     ; None                                                ; 6.963 ns   ; address[0] ; cash:inst8|lpm_dff0:inst26|lpm_ff:lpm_ff_component|dffs[6] ; clk      ;
; N/A                                     ; None                                                ; 6.961 ns   ; address[5] ; cash:inst8|lpm_dff0:inst20|lpm_ff:lpm_ff_component|dffs[5] ; clk      ;
; N/A                                     ; None                                                ; 6.961 ns   ; address[4] ; cash:inst8|lpm_dff0:inst20|lpm_ff:lpm_ff_component|dffs[1] ; clk      ;
; N/A                                     ; None                                                ; 6.958 ns   ; address[4] ; cash:inst8|lpm_dff0:inst22|lpm_ff:lpm_ff_component|dffs[0] ; clk      ;
; N/A                                     ; None                                                ; 6.951 ns   ; address[3] ; cash:inst8|lpm_dff0:inst26|lpm_ff:lpm_ff_component|dffs[1] ; clk      ;
; N/A                                     ; None                                                ; 6.949 ns   ; address[0] ; cash:inst8|lpm_dff0:inst24|lpm_ff:lpm_ff_component|dffs[6] ; clk      ;
; N/A                                     ; None                                                ; 6.935 ns   ; address[4] ; cash:inst8|lpm_dff0:inst26|lpm_ff:lpm_ff_component|dffs[1] ; clk      ;
; N/A                                     ; None                                                ; 6.933 ns   ; address[4] ; cash:inst8|lpm_dff0:inst23|lpm_ff:lpm_ff_component|dffs[6] ; clk      ;
; N/A                                     ; None                                                ; 6.926 ns   ; address[3] ; cash:inst8|lpm_dff0:inst72|lpm_ff:lpm_ff_component|dffs[0] ; clk      ;
; N/A                                     ; None                                                ; 6.925 ns   ; address[3] ; cash:inst8|lpm_dff0:inst77|lpm_ff:lpm_ff_component|dffs[0] ; clk      ;
; N/A                                     ; None                                                ; 6.924 ns   ; address[3] ; cash:inst8|lpm_dff0:inst74|lpm_ff:lpm_ff_component|dffs[0] ; clk      ;
; N/A                                     ; None                                                ; 6.920 ns   ; address[4] ; cash:inst8|lpm_dff0:inst78|lpm_ff:lpm_ff_component|dffs[0] ; clk      ;
; N/A                                     ; None                                                ; 6.917 ns   ; address[5] ; cash:inst8|lpm_dff0:inst22|lpm_ff:lpm_ff_component|dffs[0] ; clk      ;
; N/A                                     ; None                                                ; 6.917 ns   ; address[4] ; cash:inst8|lpm_dff0:inst20|lpm_ff:lpm_ff_component|dffs[6] ; clk      ;
; N/A                                     ; None                                                ; 6.913 ns   ; address[5] ; cash:inst8|lpm_dff0:inst77|lpm_ff:lpm_ff_component|dffs[2] ; clk      ;
; N/A                                     ; None                                                ; 6.909 ns   ; address[5] ; cash:inst8|lpm_dff0:inst25|lpm_ff:lpm_ff_component|dffs[2] ; clk      ;
; N/A                                     ; None                                                ; 6.908 ns   ; address[5] ; cash:inst8|lpm_dff0:inst72|lpm_ff:lpm_ff_component|dffs[2] ; clk      ;
; N/A                                     ; None                                                ; 6.908 ns   ; address[4] ; cash:inst8|lpm_dff0:inst77|lpm_ff:lpm_ff_component|dffs[2] ; clk      ;
; N/A                                     ; None                                                ; 6.907 ns   ; address[5] ; cash:inst8|lpm_dff0:inst23|lpm_ff:lpm_ff_component|dffs[3] ; clk      ;
; N/A                                     ; None                                                ; 6.904 ns   ; address[4] ; cash:inst8|lpm_dff0:inst25|lpm_ff:lpm_ff_component|dffs[2] ; clk      ;
; Timing analysis restricted to 200 rows. ; To change the limit use Settings (Assignments menu) ;            ;            ;                                                            ;          ;
+-----------------------------------------+-----------------------------------------------------+------------+------------+------------------------------------------------------------+----------+


+-------------------------------------------------------------------------------------------------------------------------------------------------------------------------------------------------------------------------------------------------------+
; tco                                                                                                                                                                                                                                                   ;
+-----------------------------------------+-----------------------------------------------------+------------+-----------------------------------------------------------------------------------------------------------------+-----------+------------+
; Slack                                   ; Required tco                                        ; Actual tco ; From                                                                                                            ; To        ; From Clock ;
+-----------------------------------------+-----------------------------------------------------+------------+-----------------------------------------------------------------------------------------------------------------+-----------+------------+
; N/A                                     ; None                                                ; 16.762 ns  ; cash:inst8|lpm_counter0:inst39|lpm_counter:lpm_counter_component|cntr_sej:auto_generated|safe_q[1]              ; data_o[3] ; clk        ;
; N/A                                     ; None                                                ; 16.663 ns  ; cash:inst8|lpm_counter0:inst39|lpm_counter:lpm_counter_component|cntr_sej:auto_generated|safe_q[0]              ; data_o[2] ; clk        ;
; N/A                                     ; None                                                ; 16.614 ns  ; cash:inst8|lpm_counter0:inst39|lpm_counter:lpm_counter_component|cntr_sej:auto_generated|safe_q[1]              ; data_o[2] ; clk        ;
; N/A                                     ; None                                                ; 16.537 ns  ; cash:inst8|lpm_counter0:inst39|lpm_counter:lpm_counter_component|cntr_sej:auto_generated|safe_q[0]              ; data_o[3] ; clk        ;
; N/A                                     ; None                                                ; 16.408 ns  ; cash:inst8|lpm_counter0:inst39|lpm_counter:lpm_counter_component|cntr_sej:auto_generated|safe_q[2]              ; data_o[3] ; clk        ;
; N/A                                     ; None                                                ; 16.358 ns  ; cash:inst8|lpm_counter0:inst39|lpm_counter:lpm_counter_component|cntr_sej:auto_generated|safe_q[2]              ; data_o[2] ; clk        ;
; N/A                                     ; None                                                ; 16.157 ns  ; cash:inst8|lpm_counter0:inst39|lpm_counter:lpm_counter_component|cntr_sej:auto_generated|safe_q[2]              ; data_o[1] ; clk        ;
; N/A                                     ; None                                                ; 16.015 ns  ; cash:inst8|lpm_counter0:inst39|lpm_counter:lpm_counter_component|cntr_sej:auto_generated|safe_q[1]              ; data_o[4] ; clk        ;
; N/A                                     ; None                                                ; 15.996 ns  ; cash:inst8|lpm_counter0:inst39|lpm_counter:lpm_counter_component|cntr_sej:auto_generated|safe_q[2]              ; data[5]   ; clk        ;
; N/A                                     ; None                                                ; 15.980 ns  ; cash:inst8|lpm_counter0:inst39|lpm_counter:lpm_counter_component|cntr_sej:auto_generated|safe_q[0]              ; data_o[4] ; clk        ;
; N/A                                     ; None                                                ; 15.954 ns  ; cash:inst8|lpm_counter0:inst39|lpm_counter:lpm_counter_component|cntr_sej:auto_generated|safe_q[0]              ; data[5]   ; clk        ;
; N/A                                     ; None                                                ; 15.937 ns  ; cash:inst8|lpm_counter0:inst39|lpm_counter:lpm_counter_component|cntr_sej:auto_generated|safe_q[0]              ; data_o[1] ; clk        ;
; N/A                                     ; None                                                ; 15.929 ns  ; cash:inst8|lpm_counter0:inst39|lpm_counter:lpm_counter_component|cntr_sej:auto_generated|safe_q[1]              ; data_o[1] ; clk        ;
; N/A                                     ; None                                                ; 15.801 ns  ; cash:inst8|lpm_counter0:inst39|lpm_counter:lpm_counter_component|cntr_sej:auto_generated|safe_q[2]              ; data[7]   ; clk        ;
; N/A                                     ; None                                                ; 15.760 ns  ; cash:inst8|lpm_counter0:inst39|lpm_counter:lpm_counter_component|cntr_sej:auto_generated|safe_q[2]              ; data_o[4] ; clk        ;
; N/A                                     ; None                                                ; 15.744 ns  ; cash:inst8|lpm_counter0:inst39|lpm_counter:lpm_counter_component|cntr_sej:auto_generated|safe_q[1]              ; data[5]   ; clk        ;
; N/A                                     ; None                                                ; 15.674 ns  ; cash:inst8|lpm_counter0:inst39|lpm_counter:lpm_counter_component|cntr_sej:auto_generated|safe_q[1]              ; data[0]   ; clk        ;
; N/A                                     ; None                                                ; 15.643 ns  ; cash:inst8|lpm_counter0:inst39|lpm_counter:lpm_counter_component|cntr_sej:auto_generated|safe_q[0]              ; data_o[6] ; clk        ;
; N/A                                     ; None                                                ; 15.621 ns  ; cash:inst8|lpm_counter0:inst39|lpm_counter:lpm_counter_component|cntr_sej:auto_generated|safe_q[1]              ; data[7]   ; clk        ;
; N/A                                     ; None                                                ; 15.616 ns  ; cash:inst8|lpm_counter0:inst39|lpm_counter:lpm_counter_component|cntr_sej:auto_generated|safe_q[2]              ; data_o[5] ; clk        ;
; N/A                                     ; None                                                ; 15.579 ns  ; cash:inst8|lpm_counter0:inst39|lpm_counter:lpm_counter_component|cntr_sej:auto_generated|safe_q[0]              ; data[4]   ; clk        ;
; N/A                                     ; None                                                ; 15.551 ns  ; cash:inst8|lpm_counter0:inst39|lpm_counter:lpm_counter_component|cntr_sej:auto_generated|safe_q[1]              ; data[4]   ; clk        ;
; N/A                                     ; None                                                ; 15.534 ns  ; cash:inst8|lpm_counter0:inst39|lpm_counter:lpm_counter_component|cntr_sej:auto_generated|safe_q[0]              ; data[6]   ; clk        ;
; N/A                                     ; None                                                ; 15.530 ns  ; cash:inst8|lpm_counter0:inst39|lpm_counter:lpm_counter_component|cntr_sej:auto_generated|safe_q[1]              ; data_o[6] ; clk        ;
; N/A                                     ; None                                                ; 15.509 ns  ; cash:inst8|lpm_counter0:inst39|lpm_counter:lpm_counter_component|cntr_sej:auto_generated|safe_q[0]              ; data[7]   ; clk        ;
; N/A                                     ; None                                                ; 15.476 ns  ; cash:inst8|lpm_counter0:inst39|lpm_counter:lpm_counter_component|cntr_sej:auto_generated|safe_q[1]              ; data[3]   ; clk        ;
; N/A                                     ; None                                                ; 15.469 ns  ; cash:inst8|lpm_counter0:inst39|lpm_counter:lpm_counter_component|cntr_sej:auto_generated|safe_q[0]              ; data_o[5] ; clk        ;
; N/A                                     ; None                                                ; 15.467 ns  ; cash:inst8|lpm_counter0:inst39|lpm_counter:lpm_counter_component|cntr_sej:auto_generated|safe_q[0]              ; data[2]   ; clk        ;
; N/A                                     ; None                                                ; 15.423 ns  ; cash:inst8|lpm_counter0:inst39|lpm_counter:lpm_counter_component|cntr_sej:auto_generated|safe_q[1]              ; data_o[3] ; address[9] ;
; N/A                                     ; None                                                ; 15.421 ns  ; cash:inst8|lpm_counter0:inst39|lpm_counter:lpm_counter_component|cntr_sej:auto_generated|safe_q[1]              ; data[6]   ; clk        ;
; N/A                                     ; None                                                ; 15.420 ns  ; cash:inst8|lpm_counter0:inst39|lpm_counter:lpm_counter_component|cntr_sej:auto_generated|safe_q[2]              ; data_o[6] ; clk        ;
; N/A                                     ; None                                                ; 15.417 ns  ; cash:inst8|lpm_counter0:inst39|lpm_counter:lpm_counter_component|cntr_sej:auto_generated|safe_q[2]              ; data[0]   ; clk        ;
; N/A                                     ; None                                                ; 15.403 ns  ; cash:inst8|lpm_counter0:inst39|lpm_counter:lpm_counter_component|cntr_sej:auto_generated|safe_q[2]              ; data[6]   ; clk        ;
; N/A                                     ; None                                                ; 15.393 ns  ; cash:inst8|lpm_counter0:inst39|lpm_counter:lpm_counter_component|cntr_sej:auto_generated|safe_q[0]              ; data[0]   ; clk        ;
; N/A                                     ; None                                                ; 15.361 ns  ; cash:inst8|lpm_counter0:inst39|lpm_counter:lpm_counter_component|cntr_sej:auto_generated|safe_q[1]              ; data_o[5] ; clk        ;
; N/A                                     ; None                                                ; 15.347 ns  ; cash:inst8|lpm_counter0:inst39|lpm_counter:lpm_counter_component|cntr_sej:auto_generated|safe_q[1]              ; data[2]   ; clk        ;
; N/A                                     ; None                                                ; 15.324 ns  ; cash:inst8|lpm_counter0:inst39|lpm_counter:lpm_counter_component|cntr_sej:auto_generated|safe_q[0]              ; data_o[2] ; address[9] ;
; N/A                                     ; None                                                ; 15.300 ns  ; cash:inst8|lpm_counter0:inst39|lpm_counter:lpm_counter_component|cntr_sej:auto_generated|safe_q[2]              ; data[4]   ; clk        ;
; N/A                                     ; None                                                ; 15.300 ns  ; cash:inst8|lpm_counter0:inst39|lpm_counter:lpm_counter_component|cntr_sej:auto_generated|safe_q[1]              ; data_o[0] ; clk        ;
; N/A                                     ; None                                                ; 15.275 ns  ; cash:inst8|lpm_counter0:inst39|lpm_counter:lpm_counter_component|cntr_sej:auto_generated|safe_q[1]              ; data_o[2] ; address[9] ;
; N/A                                     ; None                                                ; 15.262 ns  ; cash:inst8|lpm_counter0:inst39|lpm_counter:lpm_counter_component|cntr_sej:auto_generated|safe_q[2]              ; data_o[7] ; clk        ;
; N/A                                     ; None                                                ; 15.251 ns  ; cash:inst8|lpm_counter0:inst39|lpm_counter:lpm_counter_component|cntr_sej:auto_generated|safe_q[0]              ; data[3]   ; clk        ;
; N/A                                     ; None                                                ; 15.239 ns  ; cash:inst8|lpm_counter0:inst39|lpm_counter:lpm_counter_component|cntr_sej:auto_generated|safe_q[2]              ; data[1]   ; clk        ;
; N/A                                     ; None                                                ; 15.204 ns  ; cash:inst8|lpm_counter0:inst39|lpm_counter:lpm_counter_component|cntr_sej:auto_generated|safe_q[0]              ; data[1]   ; clk        ;
; N/A                                     ; None                                                ; 15.198 ns  ; cash:inst8|lpm_counter0:inst39|lpm_counter:lpm_counter_component|cntr_sej:auto_generated|safe_q[0]              ; data_o[3] ; address[9] ;
; N/A                                     ; None                                                ; 15.149 ns  ; lpm_ram_dq0:inst|altsyncram:altsyncram_component|altsyncram_56f1:auto_generated|ram_block1a4~porta_we_reg       ; data[7]   ; clk        ;
; N/A                                     ; None                                                ; 15.149 ns  ; lpm_ram_dq0:inst|altsyncram:altsyncram_component|altsyncram_56f1:auto_generated|ram_block1a4~porta_address_reg0 ; data[7]   ; clk        ;
; N/A                                     ; None                                                ; 15.149 ns  ; lpm_ram_dq0:inst|altsyncram:altsyncram_component|altsyncram_56f1:auto_generated|ram_block1a4~porta_address_reg1 ; data[7]   ; clk        ;
; N/A                                     ; None                                                ; 15.149 ns  ; lpm_ram_dq0:inst|altsyncram:altsyncram_component|altsyncram_56f1:auto_generated|ram_block1a4~porta_address_reg2 ; data[7]   ; clk        ;
; N/A                                     ; None                                                ; 15.149 ns  ; lpm_ram_dq0:inst|altsyncram:altsyncram_component|altsyncram_56f1:auto_generated|ram_block1a4~porta_address_reg3 ; data[7]   ; clk        ;
; N/A                                     ; None                                                ; 15.149 ns  ; lpm_ram_dq0:inst|altsyncram:altsyncram_component|altsyncram_56f1:auto_generated|ram_block1a4~porta_address_reg4 ; data[7]   ; clk        ;
; N/A                                     ; None                                                ; 15.149 ns  ; lpm_ram_dq0:inst|altsyncram:altsyncram_component|altsyncram_56f1:auto_generated|ram_block1a4~porta_address_reg5 ; data[7]   ; clk        ;
; N/A                                     ; None                                                ; 15.149 ns  ; lpm_ram_dq0:inst|altsyncram:altsyncram_component|altsyncram_56f1:auto_generated|ram_block1a4~porta_address_reg6 ; data[7]   ; clk        ;
; N/A                                     ; None                                                ; 15.149 ns  ; lpm_ram_dq0:inst|altsyncram:altsyncram_component|altsyncram_56f1:auto_generated|ram_block1a4~porta_address_reg7 ; data[7]   ; clk        ;
; N/A                                     ; None                                                ; 15.149 ns  ; lpm_ram_dq0:inst|altsyncram:altsyncram_component|altsyncram_56f1:auto_generated|ram_block1a4~porta_address_reg8 ; data[7]   ; clk        ;
; N/A                                     ; None                                                ; 15.149 ns  ; lpm_ram_dq0:inst|altsyncram:altsyncram_component|altsyncram_56f1:auto_generated|ram_block1a4~porta_address_reg9 ; data[7]   ; clk        ;
; N/A                                     ; None                                                ; 15.146 ns  ; lpm_ram_dq0:inst|altsyncram:altsyncram_component|altsyncram_56f1:auto_generated|ram_block1a4~porta_we_reg       ; data[4]   ; clk        ;
; N/A                                     ; None                                                ; 15.146 ns  ; lpm_ram_dq0:inst|altsyncram:altsyncram_component|altsyncram_56f1:auto_generated|ram_block1a4~porta_address_reg0 ; data[4]   ; clk        ;
; N/A                                     ; None                                                ; 15.146 ns  ; lpm_ram_dq0:inst|altsyncram:altsyncram_component|altsyncram_56f1:auto_generated|ram_block1a4~porta_address_reg1 ; data[4]   ; clk        ;
; N/A                                     ; None                                                ; 15.146 ns  ; lpm_ram_dq0:inst|altsyncram:altsyncram_component|altsyncram_56f1:auto_generated|ram_block1a4~porta_address_reg2 ; data[4]   ; clk        ;
; N/A                                     ; None                                                ; 15.146 ns  ; lpm_ram_dq0:inst|altsyncram:altsyncram_component|altsyncram_56f1:auto_generated|ram_block1a4~porta_address_reg3 ; data[4]   ; clk        ;
; N/A                                     ; None                                                ; 15.146 ns  ; lpm_ram_dq0:inst|altsyncram:altsyncram_component|altsyncram_56f1:auto_generated|ram_block1a4~porta_address_reg4 ; data[4]   ; clk        ;
; N/A                                     ; None                                                ; 15.146 ns  ; lpm_ram_dq0:inst|altsyncram:altsyncram_component|altsyncram_56f1:auto_generated|ram_block1a4~porta_address_reg5 ; data[4]   ; clk        ;
; N/A                                     ; None                                                ; 15.146 ns  ; lpm_ram_dq0:inst|altsyncram:altsyncram_component|altsyncram_56f1:auto_generated|ram_block1a4~porta_address_reg6 ; data[4]   ; clk        ;
; N/A                                     ; None                                                ; 15.146 ns  ; lpm_ram_dq0:inst|altsyncram:altsyncram_component|altsyncram_56f1:auto_generated|ram_block1a4~porta_address_reg7 ; data[4]   ; clk        ;
; N/A                                     ; None                                                ; 15.146 ns  ; lpm_ram_dq0:inst|altsyncram:altsyncram_component|altsyncram_56f1:auto_generated|ram_block1a4~porta_address_reg8 ; data[4]   ; clk        ;
; N/A                                     ; None                                                ; 15.146 ns  ; lpm_ram_dq0:inst|altsyncram:altsyncram_component|altsyncram_56f1:auto_generated|ram_block1a4~porta_address_reg9 ; data[4]   ; clk        ;
; N/A                                     ; None                                                ; 15.125 ns  ; cash:inst8|lpm_counter0:inst39|lpm_counter:lpm_counter_component|cntr_sej:auto_generated|safe_q[2]              ; data[2]   ; clk        ;
; N/A                                     ; None                                                ; 15.123 ns  ; lpm_ram_dq0:inst|altsyncram:altsyncram_component|altsyncram_56f1:auto_generated|ram_block1a4~porta_we_reg       ; data[5]   ; clk        ;
; N/A                                     ; None                                                ; 15.123 ns  ; lpm_ram_dq0:inst|altsyncram:altsyncram_component|altsyncram_56f1:auto_generated|ram_block1a4~porta_address_reg0 ; data[5]   ; clk        ;
; N/A                                     ; None                                                ; 15.123 ns  ; lpm_ram_dq0:inst|altsyncram:altsyncram_component|altsyncram_56f1:auto_generated|ram_block1a4~porta_address_reg1 ; data[5]   ; clk        ;
; N/A                                     ; None                                                ; 15.123 ns  ; lpm_ram_dq0:inst|altsyncram:altsyncram_component|altsyncram_56f1:auto_generated|ram_block1a4~porta_address_reg2 ; data[5]   ; clk        ;
; N/A                                     ; None                                                ; 15.123 ns  ; lpm_ram_dq0:inst|altsyncram:altsyncram_component|altsyncram_56f1:auto_generated|ram_block1a4~porta_address_reg3 ; data[5]   ; clk        ;
; N/A                                     ; None                                                ; 15.123 ns  ; lpm_ram_dq0:inst|altsyncram:altsyncram_component|altsyncram_56f1:auto_generated|ram_block1a4~porta_address_reg4 ; data[5]   ; clk        ;
; N/A                                     ; None                                                ; 15.123 ns  ; lpm_ram_dq0:inst|altsyncram:altsyncram_component|altsyncram_56f1:auto_generated|ram_block1a4~porta_address_reg5 ; data[5]   ; clk        ;
; N/A                                     ; None                                                ; 15.123 ns  ; lpm_ram_dq0:inst|altsyncram:altsyncram_component|altsyncram_56f1:auto_generated|ram_block1a4~porta_address_reg6 ; data[5]   ; clk        ;
; N/A                                     ; None                                                ; 15.123 ns  ; lpm_ram_dq0:inst|altsyncram:altsyncram_component|altsyncram_56f1:auto_generated|ram_block1a4~porta_address_reg7 ; data[5]   ; clk        ;
; N/A                                     ; None                                                ; 15.123 ns  ; lpm_ram_dq0:inst|altsyncram:altsyncram_component|altsyncram_56f1:auto_generated|ram_block1a4~porta_address_reg8 ; data[5]   ; clk        ;
; N/A                                     ; None                                                ; 15.123 ns  ; lpm_ram_dq0:inst|altsyncram:altsyncram_component|altsyncram_56f1:auto_generated|ram_block1a4~porta_address_reg9 ; data[5]   ; clk        ;
; N/A                                     ; None                                                ; 15.122 ns  ; cash:inst8|lpm_counter0:inst39|lpm_counter:lpm_counter_component|cntr_sej:auto_generated|safe_q[2]              ; data[3]   ; clk        ;
; N/A                                     ; None                                                ; 15.082 ns  ; cash:inst8|lpm_counter0:inst39|lpm_counter:lpm_counter_component|cntr_sej:auto_generated|safe_q[1]              ; data_o[7] ; clk        ;
; N/A                                     ; None                                                ; 15.069 ns  ; cash:inst8|lpm_counter0:inst39|lpm_counter:lpm_counter_component|cntr_sej:auto_generated|safe_q[2]              ; data_o[3] ; address[9] ;
; N/A                                     ; None                                                ; 15.043 ns  ; cash:inst8|lpm_counter0:inst39|lpm_counter:lpm_counter_component|cntr_sej:auto_generated|safe_q[2]              ; data_o[0] ; clk        ;
; N/A                                     ; None                                                ; 15.027 ns  ; cash:inst8|lpm_counter0:inst39|lpm_counter:lpm_counter_component|cntr_sej:auto_generated|safe_q[1]              ; data_o[3] ; address[7] ;
; N/A                                     ; None                                                ; 15.019 ns  ; cash:inst8|lpm_counter0:inst39|lpm_counter:lpm_counter_component|cntr_sej:auto_generated|safe_q[2]              ; data_o[2] ; address[9] ;
; N/A                                     ; None                                                ; 15.011 ns  ; cash:inst8|lpm_counter0:inst39|lpm_counter:lpm_counter_component|cntr_sej:auto_generated|safe_q[1]              ; data[1]   ; clk        ;
; N/A                                     ; None                                                ; 14.970 ns  ; cash:inst8|lpm_counter0:inst39|lpm_counter:lpm_counter_component|cntr_sej:auto_generated|safe_q[0]              ; data_o[7] ; clk        ;
; N/A                                     ; None                                                ; 14.928 ns  ; cash:inst8|lpm_counter0:inst39|lpm_counter:lpm_counter_component|cntr_sej:auto_generated|safe_q[0]              ; data_o[2] ; address[7] ;
; N/A                                     ; None                                                ; 14.910 ns  ; cash:inst8|lpm_counter0:inst39|lpm_counter:lpm_counter_component|cntr_sej:auto_generated|safe_q[0]              ; data_o[0] ; clk        ;
; N/A                                     ; None                                                ; 14.888 ns  ; lpm_ram_dq0:inst|altsyncram:altsyncram_component|altsyncram_56f1:auto_generated|ram_block1a4~porta_we_reg       ; data[6]   ; clk        ;
; N/A                                     ; None                                                ; 14.888 ns  ; lpm_ram_dq0:inst|altsyncram:altsyncram_component|altsyncram_56f1:auto_generated|ram_block1a4~porta_address_reg0 ; data[6]   ; clk        ;
; N/A                                     ; None                                                ; 14.888 ns  ; lpm_ram_dq0:inst|altsyncram:altsyncram_component|altsyncram_56f1:auto_generated|ram_block1a4~porta_address_reg1 ; data[6]   ; clk        ;
; N/A                                     ; None                                                ; 14.888 ns  ; lpm_ram_dq0:inst|altsyncram:altsyncram_component|altsyncram_56f1:auto_generated|ram_block1a4~porta_address_reg2 ; data[6]   ; clk        ;
; N/A                                     ; None                                                ; 14.888 ns  ; lpm_ram_dq0:inst|altsyncram:altsyncram_component|altsyncram_56f1:auto_generated|ram_block1a4~porta_address_reg3 ; data[6]   ; clk        ;
; N/A                                     ; None                                                ; 14.888 ns  ; lpm_ram_dq0:inst|altsyncram:altsyncram_component|altsyncram_56f1:auto_generated|ram_block1a4~porta_address_reg4 ; data[6]   ; clk        ;
; N/A                                     ; None                                                ; 14.888 ns  ; lpm_ram_dq0:inst|altsyncram:altsyncram_component|altsyncram_56f1:auto_generated|ram_block1a4~porta_address_reg5 ; data[6]   ; clk        ;
; N/A                                     ; None                                                ; 14.888 ns  ; lpm_ram_dq0:inst|altsyncram:altsyncram_component|altsyncram_56f1:auto_generated|ram_block1a4~porta_address_reg6 ; data[6]   ; clk        ;
; N/A                                     ; None                                                ; 14.888 ns  ; lpm_ram_dq0:inst|altsyncram:altsyncram_component|altsyncram_56f1:auto_generated|ram_block1a4~porta_address_reg7 ; data[6]   ; clk        ;
; N/A                                     ; None                                                ; 14.888 ns  ; lpm_ram_dq0:inst|altsyncram:altsyncram_component|altsyncram_56f1:auto_generated|ram_block1a4~porta_address_reg8 ; data[6]   ; clk        ;
; N/A                                     ; None                                                ; 14.888 ns  ; lpm_ram_dq0:inst|altsyncram:altsyncram_component|altsyncram_56f1:auto_generated|ram_block1a4~porta_address_reg9 ; data[6]   ; clk        ;
; N/A                                     ; None                                                ; 14.879 ns  ; cash:inst8|lpm_counter0:inst39|lpm_counter:lpm_counter_component|cntr_sej:auto_generated|safe_q[1]              ; data_o[2] ; address[7] ;
; N/A                                     ; None                                                ; 14.863 ns  ; cash:inst8|lpm_counter0:inst39|lpm_counter:lpm_counter_component|cntr_sej:auto_generated|safe_q[1]              ; data_o[3] ; address[8] ;
; N/A                                     ; None                                                ; 14.818 ns  ; cash:inst8|lpm_counter0:inst39|lpm_counter:lpm_counter_component|cntr_sej:auto_generated|safe_q[2]              ; data_o[1] ; address[9] ;
; N/A                                     ; None                                                ; 14.802 ns  ; cash:inst8|lpm_counter0:inst39|lpm_counter:lpm_counter_component|cntr_sej:auto_generated|safe_q[0]              ; data_o[3] ; address[7] ;
; N/A                                     ; None                                                ; 14.778 ns  ; cash:inst8|lpm_counter0:inst39|lpm_counter:lpm_counter_component|cntr_sej:auto_generated|safe_q[1]              ; data_o[3] ; address[6] ;
; N/A                                     ; None                                                ; 14.764 ns  ; cash:inst8|lpm_counter0:inst39|lpm_counter:lpm_counter_component|cntr_sej:auto_generated|safe_q[0]              ; data_o[2] ; address[8] ;
; N/A                                     ; None                                                ; 14.715 ns  ; cash:inst8|lpm_counter0:inst39|lpm_counter:lpm_counter_component|cntr_sej:auto_generated|safe_q[1]              ; data_o[2] ; address[8] ;
; N/A                                     ; None                                                ; 14.679 ns  ; cash:inst8|lpm_counter0:inst39|lpm_counter:lpm_counter_component|cntr_sej:auto_generated|safe_q[0]              ; data_o[2] ; address[6] ;
; N/A                                     ; None                                                ; 14.676 ns  ; cash:inst8|lpm_counter0:inst39|lpm_counter:lpm_counter_component|cntr_sej:auto_generated|safe_q[1]              ; data_o[4] ; address[9] ;
; N/A                                     ; None                                                ; 14.673 ns  ; cash:inst8|lpm_counter0:inst39|lpm_counter:lpm_counter_component|cntr_sej:auto_generated|safe_q[2]              ; data_o[3] ; address[7] ;
; N/A                                     ; None                                                ; 14.657 ns  ; cash:inst8|lpm_counter0:inst39|lpm_counter:lpm_counter_component|cntr_sej:auto_generated|safe_q[2]              ; data[5]   ; address[9] ;
; N/A                                     ; None                                                ; 14.641 ns  ; cash:inst8|lpm_counter0:inst39|lpm_counter:lpm_counter_component|cntr_sej:auto_generated|safe_q[0]              ; data_o[4] ; address[9] ;
; N/A                                     ; None                                                ; 14.638 ns  ; cash:inst8|lpm_counter0:inst39|lpm_counter:lpm_counter_component|cntr_sej:auto_generated|safe_q[0]              ; data_o[3] ; address[8] ;
; N/A                                     ; None                                                ; 14.630 ns  ; cash:inst8|lpm_counter0:inst39|lpm_counter:lpm_counter_component|cntr_sej:auto_generated|safe_q[1]              ; data_o[2] ; address[6] ;
; N/A                                     ; None                                                ; 14.623 ns  ; cash:inst8|lpm_counter0:inst39|lpm_counter:lpm_counter_component|cntr_sej:auto_generated|safe_q[2]              ; data_o[2] ; address[7] ;
; N/A                                     ; None                                                ; 14.615 ns  ; cash:inst8|lpm_counter0:inst39|lpm_counter:lpm_counter_component|cntr_sej:auto_generated|safe_q[0]              ; data[5]   ; address[9] ;
; N/A                                     ; None                                                ; 14.599 ns  ; lpm_ram_dq0:inst|altsyncram:altsyncram_component|altsyncram_56f1:auto_generated|ram_block1a0~porta_we_reg       ; data[0]   ; clk        ;
; N/A                                     ; None                                                ; 14.599 ns  ; lpm_ram_dq0:inst|altsyncram:altsyncram_component|altsyncram_56f1:auto_generated|ram_block1a0~porta_address_reg0 ; data[0]   ; clk        ;
; N/A                                     ; None                                                ; 14.599 ns  ; lpm_ram_dq0:inst|altsyncram:altsyncram_component|altsyncram_56f1:auto_generated|ram_block1a0~porta_address_reg1 ; data[0]   ; clk        ;
; N/A                                     ; None                                                ; 14.599 ns  ; lpm_ram_dq0:inst|altsyncram:altsyncram_component|altsyncram_56f1:auto_generated|ram_block1a0~porta_address_reg2 ; data[0]   ; clk        ;
; N/A                                     ; None                                                ; 14.599 ns  ; lpm_ram_dq0:inst|altsyncram:altsyncram_component|altsyncram_56f1:auto_generated|ram_block1a0~porta_address_reg3 ; data[0]   ; clk        ;
; N/A                                     ; None                                                ; 14.599 ns  ; lpm_ram_dq0:inst|altsyncram:altsyncram_component|altsyncram_56f1:auto_generated|ram_block1a0~porta_address_reg4 ; data[0]   ; clk        ;
; N/A                                     ; None                                                ; 14.599 ns  ; lpm_ram_dq0:inst|altsyncram:altsyncram_component|altsyncram_56f1:auto_generated|ram_block1a0~porta_address_reg5 ; data[0]   ; clk        ;
; N/A                                     ; None                                                ; 14.599 ns  ; lpm_ram_dq0:inst|altsyncram:altsyncram_component|altsyncram_56f1:auto_generated|ram_block1a0~porta_address_reg6 ; data[0]   ; clk        ;
; N/A                                     ; None                                                ; 14.599 ns  ; lpm_ram_dq0:inst|altsyncram:altsyncram_component|altsyncram_56f1:auto_generated|ram_block1a0~porta_address_reg7 ; data[0]   ; clk        ;
; N/A                                     ; None                                                ; 14.599 ns  ; lpm_ram_dq0:inst|altsyncram:altsyncram_component|altsyncram_56f1:auto_generated|ram_block1a0~porta_address_reg8 ; data[0]   ; clk        ;
; N/A                                     ; None                                                ; 14.599 ns  ; lpm_ram_dq0:inst|altsyncram:altsyncram_component|altsyncram_56f1:auto_generated|ram_block1a0~porta_address_reg9 ; data[0]   ; clk        ;
; N/A                                     ; None                                                ; 14.598 ns  ; cash:inst8|lpm_counter0:inst39|lpm_counter:lpm_counter_component|cntr_sej:auto_generated|safe_q[0]              ; data_o[1] ; address[9] ;
; N/A                                     ; None                                                ; 14.597 ns  ; lpm_ram_dq0:inst|altsyncram:altsyncram_component|altsyncram_56f1:auto_generated|ram_block1a0~porta_we_reg       ; data[2]   ; clk        ;
; N/A                                     ; None                                                ; 14.597 ns  ; lpm_ram_dq0:inst|altsyncram:altsyncram_component|altsyncram_56f1:auto_generated|ram_block1a0~porta_address_reg0 ; data[2]   ; clk        ;
; N/A                                     ; None                                                ; 14.597 ns  ; lpm_ram_dq0:inst|altsyncram:altsyncram_component|altsyncram_56f1:auto_generated|ram_block1a0~porta_address_reg1 ; data[2]   ; clk        ;
; N/A                                     ; None                                                ; 14.597 ns  ; lpm_ram_dq0:inst|altsyncram:altsyncram_component|altsyncram_56f1:auto_generated|ram_block1a0~porta_address_reg2 ; data[2]   ; clk        ;
; N/A                                     ; None                                                ; 14.597 ns  ; lpm_ram_dq0:inst|altsyncram:altsyncram_component|altsyncram_56f1:auto_generated|ram_block1a0~porta_address_reg3 ; data[2]   ; clk        ;
; N/A                                     ; None                                                ; 14.597 ns  ; lpm_ram_dq0:inst|altsyncram:altsyncram_component|altsyncram_56f1:auto_generated|ram_block1a0~porta_address_reg4 ; data[2]   ; clk        ;
; N/A                                     ; None                                                ; 14.597 ns  ; lpm_ram_dq0:inst|altsyncram:altsyncram_component|altsyncram_56f1:auto_generated|ram_block1a0~porta_address_reg5 ; data[2]   ; clk        ;
; N/A                                     ; None                                                ; 14.597 ns  ; lpm_ram_dq0:inst|altsyncram:altsyncram_component|altsyncram_56f1:auto_generated|ram_block1a0~porta_address_reg6 ; data[2]   ; clk        ;
; N/A                                     ; None                                                ; 14.597 ns  ; lpm_ram_dq0:inst|altsyncram:altsyncram_component|altsyncram_56f1:auto_generated|ram_block1a0~porta_address_reg7 ; data[2]   ; clk        ;
; N/A                                     ; None                                                ; 14.597 ns  ; lpm_ram_dq0:inst|altsyncram:altsyncram_component|altsyncram_56f1:auto_generated|ram_block1a0~porta_address_reg8 ; data[2]   ; clk        ;
; N/A                                     ; None                                                ; 14.597 ns  ; lpm_ram_dq0:inst|altsyncram:altsyncram_component|altsyncram_56f1:auto_generated|ram_block1a0~porta_address_reg9 ; data[2]   ; clk        ;
; N/A                                     ; None                                                ; 14.593 ns  ; lpm_ram_dq0:inst|altsyncram:altsyncram_component|altsyncram_56f1:auto_generated|ram_block1a0~porta_we_reg       ; data[3]   ; clk        ;
; N/A                                     ; None                                                ; 14.593 ns  ; lpm_ram_dq0:inst|altsyncram:altsyncram_component|altsyncram_56f1:auto_generated|ram_block1a0~porta_address_reg0 ; data[3]   ; clk        ;
; N/A                                     ; None                                                ; 14.593 ns  ; lpm_ram_dq0:inst|altsyncram:altsyncram_component|altsyncram_56f1:auto_generated|ram_block1a0~porta_address_reg1 ; data[3]   ; clk        ;
; N/A                                     ; None                                                ; 14.593 ns  ; lpm_ram_dq0:inst|altsyncram:altsyncram_component|altsyncram_56f1:auto_generated|ram_block1a0~porta_address_reg2 ; data[3]   ; clk        ;
; N/A                                     ; None                                                ; 14.593 ns  ; lpm_ram_dq0:inst|altsyncram:altsyncram_component|altsyncram_56f1:auto_generated|ram_block1a0~porta_address_reg3 ; data[3]   ; clk        ;
; N/A                                     ; None                                                ; 14.593 ns  ; lpm_ram_dq0:inst|altsyncram:altsyncram_component|altsyncram_56f1:auto_generated|ram_block1a0~porta_address_reg4 ; data[3]   ; clk        ;
; N/A                                     ; None                                                ; 14.593 ns  ; lpm_ram_dq0:inst|altsyncram:altsyncram_component|altsyncram_56f1:auto_generated|ram_block1a0~porta_address_reg5 ; data[3]   ; clk        ;
; N/A                                     ; None                                                ; 14.593 ns  ; lpm_ram_dq0:inst|altsyncram:altsyncram_component|altsyncram_56f1:auto_generated|ram_block1a0~porta_address_reg6 ; data[3]   ; clk        ;
; N/A                                     ; None                                                ; 14.593 ns  ; lpm_ram_dq0:inst|altsyncram:altsyncram_component|altsyncram_56f1:auto_generated|ram_block1a0~porta_address_reg7 ; data[3]   ; clk        ;
; N/A                                     ; None                                                ; 14.593 ns  ; lpm_ram_dq0:inst|altsyncram:altsyncram_component|altsyncram_56f1:auto_generated|ram_block1a0~porta_address_reg8 ; data[3]   ; clk        ;
; N/A                                     ; None                                                ; 14.593 ns  ; lpm_ram_dq0:inst|altsyncram:altsyncram_component|altsyncram_56f1:auto_generated|ram_block1a0~porta_address_reg9 ; data[3]   ; clk        ;
; N/A                                     ; None                                                ; 14.590 ns  ; cash:inst8|lpm_counter0:inst39|lpm_counter:lpm_counter_component|cntr_sej:auto_generated|safe_q[1]              ; data_o[1] ; address[9] ;
; N/A                                     ; None                                                ; 14.553 ns  ; cash:inst8|lpm_counter0:inst39|lpm_counter:lpm_counter_component|cntr_sej:auto_generated|safe_q[0]              ; data_o[3] ; address[6] ;
; N/A                                     ; None                                                ; 14.551 ns  ; cash:inst8|inst419                                                                                              ; data_o[2] ; clk        ;
; N/A                                     ; None                                                ; 14.509 ns  ; cash:inst8|lpm_counter0:inst39|lpm_counter:lpm_counter_component|cntr_sej:auto_generated|safe_q[2]              ; data_o[3] ; address[8] ;
; N/A                                     ; None                                                ; 14.506 ns  ; lpm_ram_dq0:inst|altsyncram:altsyncram_component|altsyncram_56f1:auto_generated|ram_block1a0~porta_we_reg       ; data[1]   ; clk        ;
; N/A                                     ; None                                                ; 14.506 ns  ; lpm_ram_dq0:inst|altsyncram:altsyncram_component|altsyncram_56f1:auto_generated|ram_block1a0~porta_address_reg0 ; data[1]   ; clk        ;
; N/A                                     ; None                                                ; 14.506 ns  ; lpm_ram_dq0:inst|altsyncram:altsyncram_component|altsyncram_56f1:auto_generated|ram_block1a0~porta_address_reg1 ; data[1]   ; clk        ;
; N/A                                     ; None                                                ; 14.506 ns  ; lpm_ram_dq0:inst|altsyncram:altsyncram_component|altsyncram_56f1:auto_generated|ram_block1a0~porta_address_reg2 ; data[1]   ; clk        ;
; N/A                                     ; None                                                ; 14.506 ns  ; lpm_ram_dq0:inst|altsyncram:altsyncram_component|altsyncram_56f1:auto_generated|ram_block1a0~porta_address_reg3 ; data[1]   ; clk        ;
; N/A                                     ; None                                                ; 14.506 ns  ; lpm_ram_dq0:inst|altsyncram:altsyncram_component|altsyncram_56f1:auto_generated|ram_block1a0~porta_address_reg4 ; data[1]   ; clk        ;
; N/A                                     ; None                                                ; 14.506 ns  ; lpm_ram_dq0:inst|altsyncram:altsyncram_component|altsyncram_56f1:auto_generated|ram_block1a0~porta_address_reg5 ; data[1]   ; clk        ;
; N/A                                     ; None                                                ; 14.506 ns  ; lpm_ram_dq0:inst|altsyncram:altsyncram_component|altsyncram_56f1:auto_generated|ram_block1a0~porta_address_reg6 ; data[1]   ; clk        ;
; N/A                                     ; None                                                ; 14.506 ns  ; lpm_ram_dq0:inst|altsyncram:altsyncram_component|altsyncram_56f1:auto_generated|ram_block1a0~porta_address_reg7 ; data[1]   ; clk        ;
; N/A                                     ; None                                                ; 14.506 ns  ; lpm_ram_dq0:inst|altsyncram:altsyncram_component|altsyncram_56f1:auto_generated|ram_block1a0~porta_address_reg8 ; data[1]   ; clk        ;
; N/A                                     ; None                                                ; 14.506 ns  ; lpm_ram_dq0:inst|altsyncram:altsyncram_component|altsyncram_56f1:auto_generated|ram_block1a0~porta_address_reg9 ; data[1]   ; clk        ;
; N/A                                     ; None                                                ; 14.462 ns  ; cash:inst8|lpm_counter0:inst39|lpm_counter:lpm_counter_component|cntr_sej:auto_generated|safe_q[2]              ; data[7]   ; address[9] ;
; N/A                                     ; None                                                ; 14.459 ns  ; cash:inst8|lpm_counter0:inst39|lpm_counter:lpm_counter_component|cntr_sej:auto_generated|safe_q[2]              ; data_o[2] ; address[8] ;
; N/A                                     ; None                                                ; 14.424 ns  ; cash:inst8|lpm_counter0:inst39|lpm_counter:lpm_counter_component|cntr_sej:auto_generated|safe_q[2]              ; data_o[3] ; address[6] ;
; N/A                                     ; None                                                ; 14.422 ns  ; cash:inst8|lpm_counter0:inst39|lpm_counter:lpm_counter_component|cntr_sej:auto_generated|safe_q[2]              ; data_o[1] ; address[7] ;
; N/A                                     ; None                                                ; 14.421 ns  ; cash:inst8|lpm_counter0:inst39|lpm_counter:lpm_counter_component|cntr_sej:auto_generated|safe_q[2]              ; data_o[4] ; address[9] ;
; N/A                                     ; None                                                ; 14.408 ns  ; cash:inst8|inst419                                                                                              ; data_o[3] ; clk        ;
; N/A                                     ; None                                                ; 14.405 ns  ; cash:inst8|lpm_counter0:inst39|lpm_counter:lpm_counter_component|cntr_sej:auto_generated|safe_q[1]              ; data[5]   ; address[9] ;
; N/A                                     ; None                                                ; 14.374 ns  ; cash:inst8|lpm_counter0:inst39|lpm_counter:lpm_counter_component|cntr_sej:auto_generated|safe_q[2]              ; data_o[2] ; address[6] ;
; N/A                                     ; None                                                ; 14.362 ns  ; cash:inst8|inst416                                                                                              ; data_o[3] ; clk        ;
; N/A                                     ; None                                                ; 14.335 ns  ; cash:inst8|lpm_counter0:inst39|lpm_counter:lpm_counter_component|cntr_sej:auto_generated|safe_q[1]              ; data[0]   ; address[9] ;
; N/A                                     ; None                                                ; 14.304 ns  ; cash:inst8|lpm_counter0:inst39|lpm_counter:lpm_counter_component|cntr_sej:auto_generated|safe_q[0]              ; data_o[6] ; address[9] ;
; N/A                                     ; None                                                ; 14.294 ns  ; cash:inst8|inst416                                                                                              ; data_o[2] ; clk        ;
; N/A                                     ; None                                                ; 14.282 ns  ; cash:inst8|lpm_counter0:inst39|lpm_counter:lpm_counter_component|cntr_sej:auto_generated|safe_q[1]              ; data[7]   ; address[9] ;
; N/A                                     ; None                                                ; 14.280 ns  ; cash:inst8|lpm_counter0:inst39|lpm_counter:lpm_counter_component|cntr_sej:auto_generated|safe_q[1]              ; data_o[4] ; address[7] ;
; N/A                                     ; None                                                ; 14.277 ns  ; cash:inst8|lpm_counter0:inst39|lpm_counter:lpm_counter_component|cntr_sej:auto_generated|safe_q[2]              ; data_o[5] ; address[9] ;
; N/A                                     ; None                                                ; 14.261 ns  ; cash:inst8|lpm_counter0:inst39|lpm_counter:lpm_counter_component|cntr_sej:auto_generated|safe_q[2]              ; data[5]   ; address[7] ;
; N/A                                     ; None                                                ; 14.258 ns  ; cash:inst8|lpm_counter0:inst39|lpm_counter:lpm_counter_component|cntr_sej:auto_generated|safe_q[2]              ; data_o[1] ; address[8] ;
; N/A                                     ; None                                                ; 14.245 ns  ; cash:inst8|lpm_counter0:inst39|lpm_counter:lpm_counter_component|cntr_sej:auto_generated|safe_q[0]              ; data_o[4] ; address[7] ;
; N/A                                     ; None                                                ; 14.240 ns  ; cash:inst8|lpm_counter0:inst39|lpm_counter:lpm_counter_component|cntr_sej:auto_generated|safe_q[0]              ; data[4]   ; address[9] ;
; N/A                                     ; None                                                ; 14.219 ns  ; cash:inst8|lpm_counter0:inst39|lpm_counter:lpm_counter_component|cntr_sej:auto_generated|safe_q[0]              ; data[5]   ; address[7] ;
; N/A                                     ; None                                                ; 14.212 ns  ; cash:inst8|lpm_counter0:inst39|lpm_counter:lpm_counter_component|cntr_sej:auto_generated|safe_q[1]              ; data[4]   ; address[9] ;
; N/A                                     ; None                                                ; 14.202 ns  ; cash:inst8|lpm_counter0:inst39|lpm_counter:lpm_counter_component|cntr_sej:auto_generated|safe_q[0]              ; data_o[1] ; address[7] ;
; N/A                                     ; None                                                ; 14.195 ns  ; cash:inst8|lpm_counter0:inst39|lpm_counter:lpm_counter_component|cntr_sej:auto_generated|safe_q[0]              ; data[6]   ; address[9] ;
; N/A                                     ; None                                                ; 14.194 ns  ; cash:inst8|lpm_counter0:inst39|lpm_counter:lpm_counter_component|cntr_sej:auto_generated|safe_q[1]              ; data_o[1] ; address[7] ;
; N/A                                     ; None                                                ; 14.191 ns  ; cash:inst8|lpm_counter0:inst39|lpm_counter:lpm_counter_component|cntr_sej:auto_generated|safe_q[1]              ; data_o[6] ; address[9] ;
; N/A                                     ; None                                                ; 14.173 ns  ; cash:inst8|lpm_counter0:inst39|lpm_counter:lpm_counter_component|cntr_sej:auto_generated|safe_q[2]              ; data_o[1] ; address[6] ;
; N/A                                     ; None                                                ; 14.170 ns  ; cash:inst8|lpm_counter0:inst39|lpm_counter:lpm_counter_component|cntr_sej:auto_generated|safe_q[0]              ; data[7]   ; address[9] ;
; N/A                                     ; None                                                ; 14.137 ns  ; cash:inst8|lpm_counter0:inst39|lpm_counter:lpm_counter_component|cntr_sej:auto_generated|safe_q[1]              ; data[3]   ; address[9] ;
; N/A                                     ; None                                                ; 14.130 ns  ; cash:inst8|lpm_counter0:inst39|lpm_counter:lpm_counter_component|cntr_sej:auto_generated|safe_q[0]              ; data_o[5] ; address[9] ;
; N/A                                     ; None                                                ; 14.128 ns  ; cash:inst8|lpm_counter0:inst39|lpm_counter:lpm_counter_component|cntr_sej:auto_generated|safe_q[0]              ; data[2]   ; address[9] ;
; N/A                                     ; None                                                ; 14.116 ns  ; cash:inst8|lpm_counter0:inst39|lpm_counter:lpm_counter_component|cntr_sej:auto_generated|safe_q[1]              ; data_o[4] ; address[8] ;
; N/A                                     ; None                                                ; 14.105 ns  ; cash:inst8|inst419                                                                                              ; data_o[1] ; clk        ;
; N/A                                     ; None                                                ; 14.097 ns  ; cash:inst8|lpm_counter0:inst39|lpm_counter:lpm_counter_component|cntr_sej:auto_generated|safe_q[2]              ; data[5]   ; address[8] ;
; N/A                                     ; None                                                ; 14.082 ns  ; cash:inst8|lpm_counter0:inst39|lpm_counter:lpm_counter_component|cntr_sej:auto_generated|safe_q[1]              ; data[6]   ; address[9] ;
; N/A                                     ; None                                                ; 14.081 ns  ; cash:inst8|lpm_counter0:inst39|lpm_counter:lpm_counter_component|cntr_sej:auto_generated|safe_q[0]              ; data_o[4] ; address[8] ;
; Timing analysis restricted to 200 rows. ; To change the limit use Settings (Assignments menu) ;            ;                                                                                                                 ;           ;            ;
+-----------------------------------------+-----------------------------------------------------+------------+-----------------------------------------------------------------------------------------------------------------+-----------+------------+


+-------------------------------------------------------------------------+
; tpd                                                                     ;
+-------+-------------------+-----------------+------------+--------------+
; Slack ; Required P2P Time ; Actual P2P Time ; From       ; To           ;
+-------+-------------------+-----------------+------------+--------------+
; N/A   ; None              ; 13.354 ns       ; address[3] ; data_o[3]    ;
; N/A   ; None              ; 13.286 ns       ; address[3] ; data_o[2]    ;
; N/A   ; None              ; 13.231 ns       ; address[5] ; data_o[3]    ;
; N/A   ; None              ; 13.207 ns       ; address[4] ; data_o[3]    ;
; N/A   ; None              ; 13.175 ns       ; address[4] ; data_o[2]    ;
; N/A   ; None              ; 13.144 ns       ; address[5] ; data_o[2]    ;
; N/A   ; None              ; 12.729 ns       ; address[4] ; data_o[1]    ;
; N/A   ; None              ; 12.656 ns       ; address[5] ; data[5]      ;
; N/A   ; None              ; 12.630 ns       ; address[1] ; data_o[3]    ;
; N/A   ; None              ; 12.624 ns       ; address[5] ; data[7]      ;
; N/A   ; None              ; 12.603 ns       ; address[3] ; data_o[4]    ;
; N/A   ; None              ; 12.599 ns       ; address[1] ; data_o[2]    ;
; N/A   ; None              ; 12.599 ns       ; address[0] ; data_o[3]    ;
; N/A   ; None              ; 12.577 ns       ; address[3] ; data[5]      ;
; N/A   ; None              ; 12.576 ns       ; address[4] ; data_o[4]    ;
; N/A   ; None              ; 12.568 ns       ; address[4] ; data[5]      ;
; N/A   ; None              ; 12.560 ns       ; address[3] ; data_o[1]    ;
; N/A   ; None              ; 12.524 ns       ; address[2] ; data_o[3]    ;
; N/A   ; None              ; 12.524 ns       ; address[5] ; data_o[4]    ;
; N/A   ; None              ; 12.453 ns       ; address[5] ; data_o[1]    ;
; N/A   ; None              ; 12.445 ns       ; address[0] ; data_o[2]    ;
; N/A   ; None              ; 12.437 ns       ; address[2] ; data_o[2]    ;
; N/A   ; None              ; 12.383 ns       ; address[4] ; data[7]      ;
; N/A   ; None              ; 12.266 ns       ; address[3] ; data_o[6]    ;
; N/A   ; None              ; 12.243 ns       ; address[5] ; data_o[6]    ;
; N/A   ; None              ; 12.235 ns       ; address[4] ; data[0]      ;
; N/A   ; None              ; 12.215 ns       ; address[4] ; data[6]      ;
; N/A   ; None              ; 12.215 ns       ; address[4] ; data_o[6]    ;
; N/A   ; None              ; 12.213 ns       ; address[3] ; data[7]      ;
; N/A   ; None              ; 12.202 ns       ; address[3] ; data[4]      ;
; N/A   ; None              ; 12.194 ns       ; address[5] ; data[0]      ;
; N/A   ; None              ; 12.188 ns       ; address[4] ; data_o[5]    ;
; N/A   ; None              ; 12.171 ns       ; address[5] ; data_o[5]    ;
; N/A   ; None              ; 12.158 ns       ; address[0] ; data_o[1]    ;
; N/A   ; None              ; 12.157 ns       ; address[3] ; data[6]      ;
; N/A   ; None              ; 12.146 ns       ; address[0] ; data_o[4]    ;
; N/A   ; None              ; 12.134 ns       ; address[5] ; data[6]      ;
; N/A   ; None              ; 12.123 ns       ; address[5] ; data[4]      ;
; N/A   ; None              ; 12.112 ns       ; address[4] ; data[4]      ;
; N/A   ; None              ; 12.107 ns       ; address[2] ; data_o[1]    ;
; N/A   ; None              ; 12.092 ns       ; address[3] ; data_o[5]    ;
; N/A   ; None              ; 12.090 ns       ; address[3] ; data[2]      ;
; N/A   ; None              ; 12.085 ns       ; address[5] ; data_o[7]    ;
; N/A   ; None              ; 12.068 ns       ; address[3] ; data[3]      ;
; N/A   ; None              ; 12.061 ns       ; address[0] ; data[5]      ;
; N/A   ; None              ; 12.033 ns       ; address[0] ; data[7]      ;
; N/A   ; None              ; 12.016 ns       ; address[3] ; data[0]      ;
; N/A   ; None              ; 12.000 ns       ; address[1] ; data_o[4]    ;
; N/A   ; None              ; 11.949 ns       ; address[2] ; data[5]      ;
; N/A   ; None              ; 11.948 ns       ; address[5] ; data[2]      ;
; N/A   ; None              ; 11.945 ns       ; address[5] ; data[3]      ;
; N/A   ; None              ; 11.943 ns       ; address[4] ; data[2]      ;
; N/A   ; None              ; 11.921 ns       ; address[4] ; data[3]      ;
; N/A   ; None              ; 11.917 ns       ; address[2] ; data[7]      ;
; N/A   ; None              ; 11.914 ns       ; address[1] ; data_o[1]    ;
; N/A   ; None              ; 11.865 ns       ; address[0] ; data[6]      ;
; N/A   ; None              ; 11.865 ns       ; address[0] ; data_o[6]    ;
; N/A   ; None              ; 11.861 ns       ; address[4] ; data_o[0]    ;
; N/A   ; None              ; 11.844 ns       ; address[4] ; data_o[7]    ;
; N/A   ; None              ; 11.827 ns       ; address[3] ; data[1]      ;
; N/A   ; None              ; 11.817 ns       ; address[2] ; data_o[4]    ;
; N/A   ; None              ; 11.811 ns       ; address[4] ; data[1]      ;
; N/A   ; None              ; 11.745 ns       ; address[0] ; data[4]      ;
; N/A   ; None              ; 11.726 ns       ; address[1] ; data[5]      ;
; N/A   ; None              ; 11.720 ns       ; address[5] ; data[1]      ;
; N/A   ; None              ; 11.711 ns       ; address[5] ; data_o[0]    ;
; N/A   ; None              ; 11.674 ns       ; address[3] ; data_o[7]    ;
; N/A   ; None              ; 11.659 ns       ; address[1] ; data[0]      ;
; N/A   ; None              ; 11.576 ns       ; address[0] ; data_o[5]    ;
; N/A   ; None              ; 11.566 ns       ; address[2] ; data_o[5]    ;
; N/A   ; None              ; 11.550 ns       ; address[0] ; data[0]      ;
; N/A   ; None              ; 11.536 ns       ; address[1] ; data[4]      ;
; N/A   ; None              ; 11.536 ns       ; address[2] ; data_o[6]    ;
; N/A   ; None              ; 11.533 ns       ; address[3] ; data_o[0]    ;
; N/A   ; None              ; 11.494 ns       ; address[0] ; data_o[7]    ;
; N/A   ; None              ; 11.489 ns       ; address[1] ; data[7]      ;
; N/A   ; None              ; 11.487 ns       ; address[2] ; data[0]      ;
; N/A   ; None              ; 11.469 ns       ; address[0] ; data[2]      ;
; N/A   ; None              ; 11.463 ns       ; address[9] ; data_o[2]    ;
; N/A   ; None              ; 11.427 ns       ; address[2] ; data[6]      ;
; N/A   ; None              ; 11.425 ns       ; address[0] ; data[1]      ;
; N/A   ; None              ; 11.416 ns       ; address[2] ; data[4]      ;
; N/A   ; None              ; 11.398 ns       ; address[1] ; data_o[6]    ;
; N/A   ; None              ; 11.378 ns       ; address[2] ; data_o[7]    ;
; N/A   ; None              ; 11.346 ns       ; address[1] ; data_o[5]    ;
; N/A   ; None              ; 11.344 ns       ; address[1] ; data[3]      ;
; N/A   ; None              ; 11.332 ns       ; address[1] ; data[2]      ;
; N/A   ; None              ; 11.313 ns       ; address[0] ; data[3]      ;
; N/A   ; None              ; 11.289 ns       ; address[1] ; data[6]      ;
; N/A   ; None              ; 11.285 ns       ; address[1] ; data_o[0]    ;
; N/A   ; None              ; 11.241 ns       ; address[2] ; data[2]      ;
; N/A   ; None              ; 11.238 ns       ; address[2] ; data[3]      ;
; N/A   ; None              ; 11.237 ns       ; address[9] ; data_o[3]    ;
; N/A   ; None              ; 11.189 ns       ; address[2] ; data[1]      ;
; N/A   ; None              ; 11.090 ns       ; address[9] ; data[5]      ;
; N/A   ; None              ; 11.067 ns       ; address[0] ; data_o[0]    ;
; N/A   ; None              ; 11.004 ns       ; address[2] ; data_o[0]    ;
; N/A   ; None              ; 10.996 ns       ; address[1] ; data[1]      ;
; N/A   ; None              ; 10.965 ns       ; address[9] ; data_o[4]    ;
; N/A   ; None              ; 10.951 ns       ; address[8] ; data_o[2]    ;
; N/A   ; None              ; 10.950 ns       ; address[1] ; data_o[7]    ;
; N/A   ; None              ; 10.841 ns       ; address[7] ; data_o[3]    ;
; N/A   ; None              ; 10.812 ns       ; address[7] ; data_o[2]    ;
; N/A   ; None              ; 10.720 ns       ; address[6] ; data_o[2]    ;
; N/A   ; None              ; 10.715 ns       ; address[8] ; data_o[3]    ;
; N/A   ; None              ; 10.714 ns       ; address[9] ; data_o[1]    ;
; N/A   ; None              ; 10.691 ns       ; address[6] ; data_o[3]    ;
; N/A   ; None              ; 10.657 ns       ; address[9] ; data[4]      ;
; N/A   ; None              ; 10.605 ns       ; address[9] ; data[7]      ;
; N/A   ; None              ; 10.578 ns       ; address[8] ; data[5]      ;
; N/A   ; None              ; 10.539 ns       ; address[9] ; data[6]      ;
; N/A   ; None              ; 10.453 ns       ; address[8] ; data_o[4]    ;
; N/A   ; None              ; 10.448 ns       ; address[9] ; data[0]      ;
; N/A   ; None              ; 10.410 ns       ; address[9] ; data[2]      ;
; N/A   ; None              ; 10.397 ns       ; address[7] ; data[5]      ;
; N/A   ; None              ; 10.347 ns       ; address[6] ; data[5]      ;
; N/A   ; None              ; 10.314 ns       ; address[7] ; data_o[4]    ;
; N/A   ; None              ; 10.313 ns       ; address[9] ; data_o[5]    ;
; N/A   ; None              ; 10.289 ns       ; address[9] ; data[3]      ;
; N/A   ; None              ; 10.251 ns       ; address[9] ; data_o[6]    ;
; N/A   ; None              ; 10.222 ns       ; address[6] ; data_o[4]    ;
; N/A   ; None              ; 10.202 ns       ; address[8] ; data_o[1]    ;
; N/A   ; None              ; 10.145 ns       ; address[8] ; data[4]      ;
; N/A   ; None              ; 10.131 ns       ; address[9] ; data[1]      ;
; N/A   ; None              ; 10.122 ns       ; write[4]   ; data[4]      ;
; N/A   ; None              ; 10.093 ns       ; address[8] ; data[7]      ;
; N/A   ; None              ; 10.074 ns       ; address[9] ; data_o[0]    ;
; N/A   ; None              ; 10.069 ns       ; address[7] ; data_o[1]    ;
; N/A   ; None              ; 10.027 ns       ; address[8] ; data[6]      ;
; N/A   ; None              ; 10.009 ns       ; write[3]   ; data[3]      ;
; N/A   ; None              ; 10.008 ns       ; address[7] ; data[4]      ;
; N/A   ; None              ; 9.971 ns        ; address[6] ; data_o[1]    ;
; N/A   ; None              ; 9.948 ns        ; write[7]   ; data[7]      ;
; N/A   ; None              ; 9.944 ns        ; address[7] ; data[7]      ;
; N/A   ; None              ; 9.936 ns        ; address[8] ; data[0]      ;
; N/A   ; None              ; 9.914 ns        ; address[6] ; data[4]      ;
; N/A   ; None              ; 9.898 ns        ; address[8] ; data[2]      ;
; N/A   ; None              ; 9.895 ns        ; write[0]   ; data[0]      ;
; N/A   ; None              ; 9.882 ns        ; write[1]   ; data[1]      ;
; N/A   ; None              ; 9.862 ns        ; address[6] ; data[7]      ;
; N/A   ; None              ; 9.855 ns        ; write[5]   ; data[5]      ;
; N/A   ; None              ; 9.855 ns        ; address[7] ; data_o[6]    ;
; N/A   ; None              ; 9.846 ns        ; address[7] ; data[6]      ;
; N/A   ; None              ; 9.801 ns        ; address[8] ; data_o[5]    ;
; N/A   ; None              ; 9.801 ns        ; address[9] ; data_o[7]    ;
; N/A   ; None              ; 9.797 ns        ; address[7] ; data[0]      ;
; N/A   ; None              ; 9.796 ns        ; address[6] ; data[6]      ;
; N/A   ; None              ; 9.777 ns        ; address[8] ; data[3]      ;
; N/A   ; None              ; 9.761 ns        ; address[7] ; data[2]      ;
; N/A   ; None              ; 9.729 ns        ; address[8] ; data_o[6]    ;
; N/A   ; None              ; 9.705 ns        ; address[6] ; data[0]      ;
; N/A   ; None              ; 9.705 ns        ; address[6] ; data_o[6]    ;
; N/A   ; None              ; 9.667 ns        ; address[6] ; data[2]      ;
; N/A   ; None              ; 9.662 ns        ; address[7] ; data_o[5]    ;
; N/A   ; None              ; 9.659 ns        ; write[6]   ; data[6]      ;
; N/A   ; None              ; 9.619 ns        ; address[8] ; data[1]      ;
; N/A   ; None              ; 9.606 ns        ; write[2]   ; data[2]      ;
; N/A   ; None              ; 9.596 ns        ; address[7] ; data[3]      ;
; N/A   ; None              ; 9.570 ns        ; address[6] ; data_o[5]    ;
; N/A   ; None              ; 9.562 ns        ; address[8] ; data_o[0]    ;
; N/A   ; None              ; 9.546 ns        ; address[6] ; data[3]      ;
; N/A   ; None              ; 9.482 ns        ; address[7] ; data[1]      ;
; N/A   ; None              ; 9.423 ns        ; address[7] ; data_o[0]    ;
; N/A   ; None              ; 9.405 ns        ; address[7] ; data_o[7]    ;
; N/A   ; None              ; 9.388 ns        ; address[6] ; data[1]      ;
; N/A   ; None              ; 9.331 ns        ; address[6] ; data_o[0]    ;
; N/A   ; None              ; 9.261 ns        ; address[8] ; data_o[7]    ;
; N/A   ; None              ; 9.156 ns        ; address[6] ; data_o[7]    ;
; N/A   ; None              ; 7.935 ns        ; address[4] ; ad[4]        ;
; N/A   ; None              ; 7.583 ns        ; address[7] ; ad[7]        ;
; N/A   ; None              ; 7.583 ns        ; address[7] ; address_o[7] ;
; N/A   ; None              ; 7.359 ns        ; address[6] ; ad[6]        ;
; N/A   ; None              ; 7.330 ns        ; address[5] ; ad[5]        ;
; N/A   ; None              ; 7.323 ns        ; address[4] ; address_o[4] ;
; N/A   ; None              ; 7.248 ns        ; address[9] ; hit          ;
; N/A   ; None              ; 7.162 ns        ; address[6] ; address_o[6] ;
; N/A   ; None              ; 7.140 ns        ; address[5] ; address_o[5] ;
; N/A   ; None              ; 7.112 ns        ; address[8] ; address_o[8] ;
; N/A   ; None              ; 7.071 ns        ; address[8] ; ad[8]        ;
; N/A   ; None              ; 7.034 ns        ; address[9] ; ad[9]        ;
; N/A   ; None              ; 7.024 ns        ; address[9] ; address_o[9] ;
; N/A   ; None              ; 6.852 ns        ; address[7] ; hit          ;
; N/A   ; None              ; 6.813 ns        ; address[3] ; address_o[3] ;
; N/A   ; None              ; 6.780 ns        ; address[3] ; ad[3]        ;
; N/A   ; None              ; 6.688 ns        ; address[8] ; hit          ;
; N/A   ; None              ; 6.603 ns        ; address[6] ; hit          ;
+-------+-------------------+-----------------+------------+--------------+


+-------------------------------------------------------------------------------------------------------------------------------------------------------------------------------------------------------------------------------------------------------+
; th                                                                                                                                                                                                                                                    ;
+-----------------------------------------+-----------------------------------------------------+-----------+------------+-----------------------------------------------------------------------------------------------------------------+------------+
; Minimum Slack                           ; Required th                                         ; Actual th ; From       ; To                                                                                                              ; To Clock   ;
+-----------------------------------------+-----------------------------------------------------+-----------+------------+-----------------------------------------------------------------------------------------------------------------+------------+
; N/A                                     ; None                                                ; 4.359 ns  ; address[6] ; lpm_ram_dq0:inst|altsyncram:altsyncram_component|altsyncram_56f1:auto_generated|ram_block1a4~porta_address_reg5 ; clk        ;
; N/A                                     ; None                                                ; 4.224 ns  ; address[7] ; lpm_ram_dq0:inst|altsyncram:altsyncram_component|altsyncram_56f1:auto_generated|ram_block1a4~porta_address_reg9 ; clk        ;
; N/A                                     ; None                                                ; 4.208 ns  ; address[7] ; lpm_ram_dq0:inst|altsyncram:altsyncram_component|altsyncram_56f1:auto_generated|ram_block1a0~porta_address_reg7 ; clk        ;
; N/A                                     ; None                                                ; 4.195 ns  ; address[4] ; lpm_ram_dq0:inst|altsyncram:altsyncram_component|altsyncram_56f1:auto_generated|ram_block1a0~porta_we_reg       ; clk        ;
; N/A                                     ; None                                                ; 4.184 ns  ; address[7] ; lpm_ram_dq0:inst|altsyncram:altsyncram_component|altsyncram_56f1:auto_generated|ram_block1a0~porta_address_reg9 ; clk        ;
; N/A                                     ; None                                                ; 4.171 ns  ; address[7] ; lpm_ram_dq0:inst|altsyncram:altsyncram_component|altsyncram_56f1:auto_generated|ram_block1a4~porta_address_reg7 ; clk        ;
; N/A                                     ; None                                                ; 4.164 ns  ; address[7] ; lpm_ram_dq0:inst|altsyncram:altsyncram_component|altsyncram_56f1:auto_generated|ram_block1a4~porta_address_reg8 ; clk        ;
; N/A                                     ; None                                                ; 4.155 ns  ; address[6] ; lpm_ram_dq0:inst|altsyncram:altsyncram_component|altsyncram_56f1:auto_generated|ram_block1a4~porta_address_reg9 ; clk        ;
; N/A                                     ; None                                                ; 4.146 ns  ; address[6] ; lpm_ram_dq0:inst|altsyncram:altsyncram_component|altsyncram_56f1:auto_generated|ram_block1a0~porta_address_reg7 ; clk        ;
; N/A                                     ; None                                                ; 4.127 ns  ; address[6] ; lpm_ram_dq0:inst|altsyncram:altsyncram_component|altsyncram_56f1:auto_generated|ram_block1a0~porta_address_reg5 ; clk        ;
; N/A                                     ; None                                                ; 4.115 ns  ; address[6] ; lpm_ram_dq0:inst|altsyncram:altsyncram_component|altsyncram_56f1:auto_generated|ram_block1a0~porta_address_reg9 ; clk        ;
; N/A                                     ; None                                                ; 4.114 ns  ; address[4] ; lpm_ram_dq0:inst|altsyncram:altsyncram_component|altsyncram_56f1:auto_generated|ram_block1a4~porta_we_reg       ; clk        ;
; N/A                                     ; None                                                ; 4.109 ns  ; address[6] ; lpm_ram_dq0:inst|altsyncram:altsyncram_component|altsyncram_56f1:auto_generated|ram_block1a4~porta_address_reg7 ; clk        ;
; N/A                                     ; None                                                ; 4.102 ns  ; address[6] ; lpm_ram_dq0:inst|altsyncram:altsyncram_component|altsyncram_56f1:auto_generated|ram_block1a4~porta_address_reg8 ; clk        ;
; N/A                                     ; None                                                ; 4.088 ns  ; address[7] ; lpm_ram_dq0:inst|altsyncram:altsyncram_component|altsyncram_56f1:auto_generated|ram_block1a0~porta_address_reg6 ; clk        ;
; N/A                                     ; None                                                ; 4.013 ns  ; address[5] ; lpm_ram_dq0:inst|altsyncram:altsyncram_component|altsyncram_56f1:auto_generated|ram_block1a0~porta_we_reg       ; clk        ;
; N/A                                     ; None                                                ; 4.008 ns  ; address[8] ; lpm_ram_dq0:inst|altsyncram:altsyncram_component|altsyncram_56f1:auto_generated|ram_block1a4~porta_address_reg9 ; clk        ;
; N/A                                     ; None                                                ; 4.001 ns  ; address[7] ; lpm_ram_dq0:inst|altsyncram:altsyncram_component|altsyncram_56f1:auto_generated|ram_block1a4~porta_address_reg1 ; clk        ;
; N/A                                     ; None                                                ; 3.995 ns  ; address[7] ; lpm_ram_dq0:inst|altsyncram:altsyncram_component|altsyncram_56f1:auto_generated|ram_block1a0~porta_address_reg1 ; clk        ;
; N/A                                     ; None                                                ; 3.992 ns  ; address[8] ; lpm_ram_dq0:inst|altsyncram:altsyncram_component|altsyncram_56f1:auto_generated|ram_block1a0~porta_address_reg7 ; clk        ;
; N/A                                     ; None                                                ; 3.970 ns  ; address[7] ; lpm_ram_dq0:inst|altsyncram:altsyncram_component|altsyncram_56f1:auto_generated|ram_block1a0~porta_address_reg2 ; clk        ;
; N/A                                     ; None                                                ; 3.968 ns  ; address[8] ; lpm_ram_dq0:inst|altsyncram:altsyncram_component|altsyncram_56f1:auto_generated|ram_block1a0~porta_address_reg9 ; clk        ;
; N/A                                     ; None                                                ; 3.960 ns  ; address[7] ; lpm_ram_dq0:inst|altsyncram:altsyncram_component|altsyncram_56f1:auto_generated|ram_block1a4~porta_address_reg2 ; clk        ;
; N/A                                     ; None                                                ; 3.957 ns  ; address[7] ; lpm_ram_dq0:inst|altsyncram:altsyncram_component|altsyncram_56f1:auto_generated|ram_block1a4~porta_address_reg0 ; clk        ;
; N/A                                     ; None                                                ; 3.955 ns  ; address[8] ; lpm_ram_dq0:inst|altsyncram:altsyncram_component|altsyncram_56f1:auto_generated|ram_block1a4~porta_address_reg7 ; clk        ;
; N/A                                     ; None                                                ; 3.953 ns  ; address[7] ; lpm_ram_dq0:inst|altsyncram:altsyncram_component|altsyncram_56f1:auto_generated|ram_block1a0~porta_address_reg0 ; clk        ;
; N/A                                     ; None                                                ; 3.948 ns  ; address[8] ; lpm_ram_dq0:inst|altsyncram:altsyncram_component|altsyncram_56f1:auto_generated|ram_block1a4~porta_address_reg8 ; clk        ;
; N/A                                     ; None                                                ; 3.933 ns  ; address[7] ; lpm_ram_dq0:inst|altsyncram:altsyncram_component|altsyncram_56f1:auto_generated|ram_block1a0~porta_address_reg8 ; clk        ;
; N/A                                     ; None                                                ; 3.932 ns  ; address[5] ; lpm_ram_dq0:inst|altsyncram:altsyncram_component|altsyncram_56f1:auto_generated|ram_block1a4~porta_we_reg       ; clk        ;
; N/A                                     ; None                                                ; 3.928 ns  ; address[6] ; lpm_ram_dq0:inst|altsyncram:altsyncram_component|altsyncram_56f1:auto_generated|ram_block1a4~porta_address_reg1 ; clk        ;
; N/A                                     ; None                                                ; 3.922 ns  ; address[6] ; lpm_ram_dq0:inst|altsyncram:altsyncram_component|altsyncram_56f1:auto_generated|ram_block1a0~porta_address_reg1 ; clk        ;
; N/A                                     ; None                                                ; 3.903 ns  ; address[8] ; lpm_ram_dq0:inst|altsyncram:altsyncram_component|altsyncram_56f1:auto_generated|ram_block1a4~porta_address_reg3 ; clk        ;
; N/A                                     ; None                                                ; 3.897 ns  ; address[6] ; lpm_ram_dq0:inst|altsyncram:altsyncram_component|altsyncram_56f1:auto_generated|ram_block1a0~porta_address_reg2 ; clk        ;
; N/A                                     ; None                                                ; 3.888 ns  ; address[6] ; lpm_ram_dq0:inst|altsyncram:altsyncram_component|altsyncram_56f1:auto_generated|ram_block1a4~porta_address_reg0 ; clk        ;
; N/A                                     ; None                                                ; 3.887 ns  ; address[6] ; lpm_ram_dq0:inst|altsyncram:altsyncram_component|altsyncram_56f1:auto_generated|ram_block1a4~porta_address_reg2 ; clk        ;
; N/A                                     ; None                                                ; 3.884 ns  ; address[6] ; lpm_ram_dq0:inst|altsyncram:altsyncram_component|altsyncram_56f1:auto_generated|ram_block1a0~porta_address_reg0 ; clk        ;
; N/A                                     ; None                                                ; 3.872 ns  ; address[8] ; lpm_ram_dq0:inst|altsyncram:altsyncram_component|altsyncram_56f1:auto_generated|ram_block1a0~porta_address_reg6 ; clk        ;
; N/A                                     ; None                                                ; 3.871 ns  ; address[6] ; lpm_ram_dq0:inst|altsyncram:altsyncram_component|altsyncram_56f1:auto_generated|ram_block1a0~porta_address_reg8 ; clk        ;
; N/A                                     ; None                                                ; 3.856 ns  ; address[8] ; lpm_ram_dq0:inst|altsyncram:altsyncram_component|altsyncram_56f1:auto_generated|ram_block1a0~porta_address_reg3 ; clk        ;
; N/A                                     ; None                                                ; 3.855 ns  ; address[8] ; lpm_ram_dq0:inst|altsyncram:altsyncram_component|altsyncram_56f1:auto_generated|ram_block1a0~porta_address_reg4 ; clk        ;
; N/A                                     ; None                                                ; 3.828 ns  ; address[3] ; lpm_ram_dq0:inst|altsyncram:altsyncram_component|altsyncram_56f1:auto_generated|ram_block1a0~porta_we_reg       ; clk        ;
; N/A                                     ; None                                                ; 3.823 ns  ; address[7] ; lpm_ram_dq0:inst|altsyncram:altsyncram_component|altsyncram_56f1:auto_generated|ram_block1a4~porta_address_reg5 ; clk        ;
; N/A                                     ; None                                                ; 3.785 ns  ; address[8] ; lpm_ram_dq0:inst|altsyncram:altsyncram_component|altsyncram_56f1:auto_generated|ram_block1a4~porta_address_reg1 ; clk        ;
; N/A                                     ; None                                                ; 3.780 ns  ; address[8] ; lpm_ram_dq0:inst|altsyncram:altsyncram_component|altsyncram_56f1:auto_generated|ram_block1a4~porta_address_reg5 ; clk        ;
; N/A                                     ; None                                                ; 3.779 ns  ; address[8] ; lpm_ram_dq0:inst|altsyncram:altsyncram_component|altsyncram_56f1:auto_generated|ram_block1a0~porta_address_reg1 ; clk        ;
; N/A                                     ; None                                                ; 3.754 ns  ; address[8] ; lpm_ram_dq0:inst|altsyncram:altsyncram_component|altsyncram_56f1:auto_generated|ram_block1a0~porta_address_reg2 ; clk        ;
; N/A                                     ; None                                                ; 3.747 ns  ; address[3] ; lpm_ram_dq0:inst|altsyncram:altsyncram_component|altsyncram_56f1:auto_generated|ram_block1a4~porta_we_reg       ; clk        ;
; N/A                                     ; None                                                ; 3.746 ns  ; address[7] ; lpm_ram_dq0:inst|altsyncram:altsyncram_component|altsyncram_56f1:auto_generated|ram_block1a4~porta_address_reg6 ; clk        ;
; N/A                                     ; None                                                ; 3.744 ns  ; address[8] ; lpm_ram_dq0:inst|altsyncram:altsyncram_component|altsyncram_56f1:auto_generated|ram_block1a4~porta_address_reg2 ; clk        ;
; N/A                                     ; None                                                ; 3.741 ns  ; address[8] ; lpm_ram_dq0:inst|altsyncram:altsyncram_component|altsyncram_56f1:auto_generated|ram_block1a4~porta_address_reg0 ; clk        ;
; N/A                                     ; None                                                ; 3.737 ns  ; address[8] ; lpm_ram_dq0:inst|altsyncram:altsyncram_component|altsyncram_56f1:auto_generated|ram_block1a0~porta_address_reg0 ; clk        ;
; N/A                                     ; None                                                ; 3.728 ns  ; address[8] ; lpm_ram_dq0:inst|altsyncram:altsyncram_component|altsyncram_56f1:auto_generated|ram_block1a0~porta_datain_reg0  ; clk        ;
; N/A                                     ; None                                                ; 3.717 ns  ; address[8] ; lpm_ram_dq0:inst|altsyncram:altsyncram_component|altsyncram_56f1:auto_generated|ram_block1a0~porta_address_reg8 ; clk        ;
; N/A                                     ; None                                                ; 3.691 ns  ; address[7] ; lpm_ram_dq0:inst|altsyncram:altsyncram_component|altsyncram_56f1:auto_generated|ram_block1a4~porta_address_reg3 ; clk        ;
; N/A                                     ; None                                                ; 3.660 ns  ; address[6] ; lpm_ram_dq0:inst|altsyncram:altsyncram_component|altsyncram_56f1:auto_generated|ram_block1a4~porta_address_reg3 ; clk        ;
; N/A                                     ; None                                                ; 3.646 ns  ; address[8] ; lpm_ram_dq0:inst|altsyncram:altsyncram_component|altsyncram_56f1:auto_generated|ram_block1a4~porta_address_reg4 ; clk        ;
; N/A                                     ; None                                                ; 3.644 ns  ; address[7] ; lpm_ram_dq0:inst|altsyncram:altsyncram_component|altsyncram_56f1:auto_generated|ram_block1a0~porta_address_reg3 ; clk        ;
; N/A                                     ; None                                                ; 3.643 ns  ; address[7] ; lpm_ram_dq0:inst|altsyncram:altsyncram_component|altsyncram_56f1:auto_generated|ram_block1a0~porta_address_reg4 ; clk        ;
; N/A                                     ; None                                                ; 3.613 ns  ; address[6] ; lpm_ram_dq0:inst|altsyncram:altsyncram_component|altsyncram_56f1:auto_generated|ram_block1a0~porta_address_reg3 ; clk        ;
; N/A                                     ; None                                                ; 3.612 ns  ; address[6] ; lpm_ram_dq0:inst|altsyncram:altsyncram_component|altsyncram_56f1:auto_generated|ram_block1a0~porta_address_reg4 ; clk        ;
; N/A                                     ; None                                                ; 3.591 ns  ; address[7] ; lpm_ram_dq0:inst|altsyncram:altsyncram_component|altsyncram_56f1:auto_generated|ram_block1a0~porta_address_reg5 ; clk        ;
; N/A                                     ; None                                                ; 3.557 ns  ; address[8] ; lpm_ram_dq0:inst|altsyncram:altsyncram_component|altsyncram_56f1:auto_generated|ram_block1a0~porta_datain_reg2  ; clk        ;
; N/A                                     ; None                                                ; 3.548 ns  ; address[8] ; lpm_ram_dq0:inst|altsyncram:altsyncram_component|altsyncram_56f1:auto_generated|ram_block1a0~porta_address_reg5 ; clk        ;
; N/A                                     ; None                                                ; 3.530 ns  ; address[8] ; lpm_ram_dq0:inst|altsyncram:altsyncram_component|altsyncram_56f1:auto_generated|ram_block1a4~porta_address_reg6 ; clk        ;
; N/A                                     ; None                                                ; 3.496 ns  ; address[9] ; lpm_ram_dq0:inst|altsyncram:altsyncram_component|altsyncram_56f1:auto_generated|ram_block1a4~porta_address_reg9 ; clk        ;
; N/A                                     ; None                                                ; 3.480 ns  ; address[9] ; lpm_ram_dq0:inst|altsyncram:altsyncram_component|altsyncram_56f1:auto_generated|ram_block1a0~porta_address_reg7 ; clk        ;
; N/A                                     ; None                                                ; 3.456 ns  ; address[9] ; lpm_ram_dq0:inst|altsyncram:altsyncram_component|altsyncram_56f1:auto_generated|ram_block1a0~porta_address_reg9 ; clk        ;
; N/A                                     ; None                                                ; 3.443 ns  ; address[9] ; lpm_ram_dq0:inst|altsyncram:altsyncram_component|altsyncram_56f1:auto_generated|ram_block1a4~porta_address_reg7 ; clk        ;
; N/A                                     ; None                                                ; 3.436 ns  ; address[9] ; lpm_ram_dq0:inst|altsyncram:altsyncram_component|altsyncram_56f1:auto_generated|ram_block1a4~porta_address_reg8 ; clk        ;
; N/A                                     ; None                                                ; 3.434 ns  ; address[7] ; lpm_ram_dq0:inst|altsyncram:altsyncram_component|altsyncram_56f1:auto_generated|ram_block1a4~porta_address_reg4 ; clk        ;
; N/A                                     ; None                                                ; 3.417 ns  ; address[7] ; lpm_ram_dq0:inst|altsyncram:altsyncram_component|altsyncram_56f1:auto_generated|ram_block1a0~porta_datain_reg0  ; clk        ;
; N/A                                     ; None                                                ; 3.403 ns  ; address[6] ; lpm_ram_dq0:inst|altsyncram:altsyncram_component|altsyncram_56f1:auto_generated|ram_block1a4~porta_address_reg4 ; clk        ;
; N/A                                     ; None                                                ; 3.360 ns  ; address[9] ; lpm_ram_dq0:inst|altsyncram:altsyncram_component|altsyncram_56f1:auto_generated|ram_block1a0~porta_address_reg6 ; clk        ;
; N/A                                     ; None                                                ; 3.289 ns  ; address[6] ; lpm_ram_dq0:inst|altsyncram:altsyncram_component|altsyncram_56f1:auto_generated|ram_block1a4~porta_datain_reg3  ; clk        ;
; N/A                                     ; None                                                ; 3.285 ns  ; address[7] ; cash:inst8|inst419                                                                                              ; clk        ;
; N/A                                     ; None                                                ; 3.273 ns  ; address[9] ; lpm_ram_dq0:inst|altsyncram:altsyncram_component|altsyncram_56f1:auto_generated|ram_block1a4~porta_address_reg1 ; clk        ;
; N/A                                     ; None                                                ; 3.267 ns  ; address[9] ; lpm_ram_dq0:inst|altsyncram:altsyncram_component|altsyncram_56f1:auto_generated|ram_block1a0~porta_address_reg1 ; clk        ;
; N/A                                     ; None                                                ; 3.246 ns  ; address[7] ; lpm_ram_dq0:inst|altsyncram:altsyncram_component|altsyncram_56f1:auto_generated|ram_block1a0~porta_datain_reg2  ; clk        ;
; N/A                                     ; None                                                ; 3.242 ns  ; address[9] ; lpm_ram_dq0:inst|altsyncram:altsyncram_component|altsyncram_56f1:auto_generated|ram_block1a0~porta_address_reg2 ; clk        ;
; N/A                                     ; None                                                ; 3.232 ns  ; address[9] ; lpm_ram_dq0:inst|altsyncram:altsyncram_component|altsyncram_56f1:auto_generated|ram_block1a4~porta_address_reg2 ; clk        ;
; N/A                                     ; None                                                ; 3.229 ns  ; address[9] ; lpm_ram_dq0:inst|altsyncram:altsyncram_component|altsyncram_56f1:auto_generated|ram_block1a4~porta_address_reg0 ; clk        ;
; N/A                                     ; None                                                ; 3.225 ns  ; address[9] ; lpm_ram_dq0:inst|altsyncram:altsyncram_component|altsyncram_56f1:auto_generated|ram_block1a0~porta_address_reg0 ; clk        ;
; N/A                                     ; None                                                ; 3.205 ns  ; address[9] ; lpm_ram_dq0:inst|altsyncram:altsyncram_component|altsyncram_56f1:auto_generated|ram_block1a0~porta_address_reg8 ; clk        ;
; N/A                                     ; None                                                ; 3.196 ns  ; address[9] ; lpm_ram_dq0:inst|altsyncram:altsyncram_component|altsyncram_56f1:auto_generated|ram_block1a4~porta_address_reg3 ; clk        ;
; N/A                                     ; None                                                ; 3.149 ns  ; address[9] ; lpm_ram_dq0:inst|altsyncram:altsyncram_component|altsyncram_56f1:auto_generated|ram_block1a0~porta_address_reg3 ; clk        ;
; N/A                                     ; None                                                ; 3.148 ns  ; address[9] ; lpm_ram_dq0:inst|altsyncram:altsyncram_component|altsyncram_56f1:auto_generated|ram_block1a0~porta_address_reg4 ; clk        ;
; N/A                                     ; None                                                ; 3.138 ns  ; address[6] ; cash:inst8|inst419                                                                                              ; clk        ;
; N/A                                     ; None                                                ; 3.095 ns  ; address[9] ; lpm_ram_dq0:inst|altsyncram:altsyncram_component|altsyncram_56f1:auto_generated|ram_block1a4~porta_address_reg5 ; clk        ;
; N/A                                     ; None                                                ; 3.094 ns  ; address[8] ; lpm_ram_dq0:inst|altsyncram:altsyncram_component|altsyncram_56f1:auto_generated|ram_block1a4~porta_datain_reg3  ; clk        ;
; N/A                                     ; None                                                ; 3.091 ns  ; address[6] ; lpm_ram_dq0:inst|altsyncram:altsyncram_component|altsyncram_56f1:auto_generated|ram_block1a0~porta_datain_reg0  ; clk        ;
; N/A                                     ; None                                                ; 3.070 ns  ; address[4] ; lpm_ram_dq0:inst|altsyncram:altsyncram_component|altsyncram_56f1:auto_generated|ram_block1a4~porta_datain_reg1  ; clk        ;
; N/A                                     ; None                                                ; 3.069 ns  ; address[8] ; cash:inst8|inst419                                                                                              ; clk        ;
; N/A                                     ; None                                                ; 3.057 ns  ; address[6] ; lpm_ram_dq0:inst|altsyncram:altsyncram_component|altsyncram_56f1:auto_generated|ram_block1a4~porta_address_reg5 ; address[9] ;
; N/A                                     ; None                                                ; 3.033 ns  ; address[7] ; lpm_ram_dq0:inst|altsyncram:altsyncram_component|altsyncram_56f1:auto_generated|ram_block1a4~porta_datain_reg3  ; clk        ;
; N/A                                     ; None                                                ; 3.021 ns  ; address[9] ; lpm_ram_dq0:inst|altsyncram:altsyncram_component|altsyncram_56f1:auto_generated|ram_block1a0~porta_datain_reg0  ; clk        ;
; N/A                                     ; None                                                ; 3.018 ns  ; address[9] ; lpm_ram_dq0:inst|altsyncram:altsyncram_component|altsyncram_56f1:auto_generated|ram_block1a4~porta_address_reg6 ; clk        ;
; N/A                                     ; None                                                ; 3.017 ns  ; address[4] ; lpm_ram_dq0:inst|altsyncram:altsyncram_component|altsyncram_56f1:auto_generated|ram_block1a4~porta_datain_reg3  ; clk        ;
; N/A                                     ; None                                                ; 2.997 ns  ; address[6] ; lpm_ram_dq0:inst|altsyncram:altsyncram_component|altsyncram_56f1:auto_generated|ram_block1a0~porta_we_reg       ; clk        ;
; N/A                                     ; None                                                ; 2.993 ns  ; address[5] ; cash:inst8|inst419                                                                                              ; clk        ;
; N/A                                     ; None                                                ; 2.979 ns  ; address[4] ; cash:inst8|inst419                                                                                              ; clk        ;
; N/A                                     ; None                                                ; 2.976 ns  ; address[3] ; cash:inst8|inst419                                                                                              ; clk        ;
; N/A                                     ; None                                                ; 2.940 ns  ; address[5] ; lpm_ram_dq0:inst|altsyncram:altsyncram_component|altsyncram_56f1:auto_generated|ram_block1a0~porta_datain_reg2  ; clk        ;
; N/A                                     ; None                                                ; 2.939 ns  ; address[9] ; lpm_ram_dq0:inst|altsyncram:altsyncram_component|altsyncram_56f1:auto_generated|ram_block1a4~porta_address_reg4 ; clk        ;
; N/A                                     ; None                                                ; 2.926 ns  ; address[4] ; lpm_ram_dq0:inst|altsyncram:altsyncram_component|altsyncram_56f1:auto_generated|ram_block1a0~porta_datain_reg2  ; clk        ;
; N/A                                     ; None                                                ; 2.923 ns  ; address[3] ; lpm_ram_dq0:inst|altsyncram:altsyncram_component|altsyncram_56f1:auto_generated|ram_block1a0~porta_datain_reg2  ; clk        ;
; N/A                                     ; None                                                ; 2.922 ns  ; address[7] ; lpm_ram_dq0:inst|altsyncram:altsyncram_component|altsyncram_56f1:auto_generated|ram_block1a4~porta_address_reg9 ; address[9] ;
; N/A                                     ; None                                                ; 2.916 ns  ; address[6] ; lpm_ram_dq0:inst|altsyncram:altsyncram_component|altsyncram_56f1:auto_generated|ram_block1a4~porta_we_reg       ; clk        ;
; N/A                                     ; None                                                ; 2.906 ns  ; address[7] ; lpm_ram_dq0:inst|altsyncram:altsyncram_component|altsyncram_56f1:auto_generated|ram_block1a0~porta_address_reg7 ; address[9] ;
; N/A                                     ; None                                                ; 2.893 ns  ; address[4] ; lpm_ram_dq0:inst|altsyncram:altsyncram_component|altsyncram_56f1:auto_generated|ram_block1a0~porta_we_reg       ; address[9] ;
; N/A                                     ; None                                                ; 2.888 ns  ; address[5] ; lpm_ram_dq0:inst|altsyncram:altsyncram_component|altsyncram_56f1:auto_generated|ram_block1a4~porta_datain_reg1  ; clk        ;
; N/A                                     ; None                                                ; 2.882 ns  ; address[7] ; lpm_ram_dq0:inst|altsyncram:altsyncram_component|altsyncram_56f1:auto_generated|ram_block1a0~porta_address_reg9 ; address[9] ;
; N/A                                     ; None                                                ; 2.869 ns  ; address[7] ; lpm_ram_dq0:inst|altsyncram:altsyncram_component|altsyncram_56f1:auto_generated|ram_block1a4~porta_address_reg7 ; address[9] ;
; N/A                                     ; None                                                ; 2.863 ns  ; address[9] ; lpm_ram_dq0:inst|altsyncram:altsyncram_component|altsyncram_56f1:auto_generated|ram_block1a0~porta_address_reg5 ; clk        ;
; N/A                                     ; None                                                ; 2.862 ns  ; address[7] ; lpm_ram_dq0:inst|altsyncram:altsyncram_component|altsyncram_56f1:auto_generated|ram_block1a4~porta_address_reg8 ; address[9] ;
; N/A                                     ; None                                                ; 2.858 ns  ; address[5] ; lpm_ram_dq0:inst|altsyncram:altsyncram_component|altsyncram_56f1:auto_generated|ram_block1a0~porta_datain_reg0  ; clk        ;
; N/A                                     ; None                                                ; 2.853 ns  ; address[6] ; lpm_ram_dq0:inst|altsyncram:altsyncram_component|altsyncram_56f1:auto_generated|ram_block1a4~porta_address_reg9 ; address[9] ;
; N/A                                     ; None                                                ; 2.850 ns  ; address[9] ; lpm_ram_dq0:inst|altsyncram:altsyncram_component|altsyncram_56f1:auto_generated|ram_block1a0~porta_datain_reg2  ; clk        ;
; N/A                                     ; None                                                ; 2.844 ns  ; address[4] ; lpm_ram_dq0:inst|altsyncram:altsyncram_component|altsyncram_56f1:auto_generated|ram_block1a0~porta_datain_reg0  ; clk        ;
; N/A                                     ; None                                                ; 2.844 ns  ; address[6] ; lpm_ram_dq0:inst|altsyncram:altsyncram_component|altsyncram_56f1:auto_generated|ram_block1a0~porta_address_reg7 ; address[9] ;
; N/A                                     ; None                                                ; 2.841 ns  ; address[3] ; lpm_ram_dq0:inst|altsyncram:altsyncram_component|altsyncram_56f1:auto_generated|ram_block1a0~porta_datain_reg0  ; clk        ;
; N/A                                     ; None                                                ; 2.835 ns  ; address[5] ; lpm_ram_dq0:inst|altsyncram:altsyncram_component|altsyncram_56f1:auto_generated|ram_block1a4~porta_datain_reg3  ; clk        ;
; N/A                                     ; None                                                ; 2.825 ns  ; address[6] ; lpm_ram_dq0:inst|altsyncram:altsyncram_component|altsyncram_56f1:auto_generated|ram_block1a0~porta_address_reg5 ; address[9] ;
; N/A                                     ; None                                                ; 2.813 ns  ; address[6] ; lpm_ram_dq0:inst|altsyncram:altsyncram_component|altsyncram_56f1:auto_generated|ram_block1a0~porta_address_reg9 ; address[9] ;
; N/A                                     ; None                                                ; 2.812 ns  ; address[4] ; lpm_ram_dq0:inst|altsyncram:altsyncram_component|altsyncram_56f1:auto_generated|ram_block1a4~porta_we_reg       ; address[9] ;
; N/A                                     ; None                                                ; 2.807 ns  ; address[6] ; lpm_ram_dq0:inst|altsyncram:altsyncram_component|altsyncram_56f1:auto_generated|ram_block1a4~porta_address_reg7 ; address[9] ;
; N/A                                     ; None                                                ; 2.800 ns  ; address[6] ; lpm_ram_dq0:inst|altsyncram:altsyncram_component|altsyncram_56f1:auto_generated|ram_block1a4~porta_address_reg8 ; address[9] ;
; N/A                                     ; None                                                ; 2.793 ns  ; address[6] ; lpm_ram_dq0:inst|altsyncram:altsyncram_component|altsyncram_56f1:auto_generated|ram_block1a0~porta_datain_reg2  ; clk        ;
; N/A                                     ; None                                                ; 2.786 ns  ; address[7] ; lpm_ram_dq0:inst|altsyncram:altsyncram_component|altsyncram_56f1:auto_generated|ram_block1a0~porta_address_reg6 ; address[9] ;
; N/A                                     ; None                                                ; 2.764 ns  ; address[6] ; cash:inst8|inst416                                                                                              ; clk        ;
; N/A                                     ; None                                                ; 2.748 ns  ; address[7] ; lpm_ram_dq0:inst|altsyncram:altsyncram_component|altsyncram_56f1:auto_generated|ram_block1a0~porta_we_reg       ; clk        ;
; N/A                                     ; None                                                ; 2.716 ns  ; address[6] ; lpm_ram_dq0:inst|altsyncram:altsyncram_component|altsyncram_56f1:auto_generated|ram_block1a0~porta_datain_reg1  ; clk        ;
; N/A                                     ; None                                                ; 2.711 ns  ; address[5] ; lpm_ram_dq0:inst|altsyncram:altsyncram_component|altsyncram_56f1:auto_generated|ram_block1a0~porta_we_reg       ; address[9] ;
; N/A                                     ; None                                                ; 2.711 ns  ; address[8] ; lpm_ram_dq0:inst|altsyncram:altsyncram_component|altsyncram_56f1:auto_generated|ram_block1a0~porta_datain_reg3  ; clk        ;
; N/A                                     ; None                                                ; 2.706 ns  ; address[8] ; lpm_ram_dq0:inst|altsyncram:altsyncram_component|altsyncram_56f1:auto_generated|ram_block1a4~porta_address_reg9 ; address[9] ;
; N/A                                     ; None                                                ; 2.703 ns  ; address[3] ; lpm_ram_dq0:inst|altsyncram:altsyncram_component|altsyncram_56f1:auto_generated|ram_block1a4~porta_datain_reg1  ; clk        ;
; N/A                                     ; None                                                ; 2.699 ns  ; address[7] ; lpm_ram_dq0:inst|altsyncram:altsyncram_component|altsyncram_56f1:auto_generated|ram_block1a4~porta_address_reg1 ; address[9] ;
; N/A                                     ; None                                                ; 2.693 ns  ; address[7] ; lpm_ram_dq0:inst|altsyncram:altsyncram_component|altsyncram_56f1:auto_generated|ram_block1a0~porta_address_reg1 ; address[9] ;
; N/A                                     ; None                                                ; 2.690 ns  ; address[8] ; lpm_ram_dq0:inst|altsyncram:altsyncram_component|altsyncram_56f1:auto_generated|ram_block1a0~porta_address_reg7 ; address[9] ;
; N/A                                     ; None                                                ; 2.684 ns  ; address[8] ; lpm_ram_dq0:inst|altsyncram:altsyncram_component|altsyncram_56f1:auto_generated|ram_block1a4~porta_datain_reg2  ; clk        ;
; N/A                                     ; None                                                ; 2.679 ns  ; address[8] ; lpm_ram_dq0:inst|altsyncram:altsyncram_component|altsyncram_56f1:auto_generated|ram_block1a0~porta_we_reg       ; clk        ;
; N/A                                     ; None                                                ; 2.669 ns  ; address[8] ; lpm_ram_dq0:inst|altsyncram:altsyncram_component|altsyncram_56f1:auto_generated|ram_block1a4~porta_datain_reg1  ; clk        ;
; N/A                                     ; None                                                ; 2.668 ns  ; address[7] ; lpm_ram_dq0:inst|altsyncram:altsyncram_component|altsyncram_56f1:auto_generated|ram_block1a0~porta_address_reg2 ; address[9] ;
; N/A                                     ; None                                                ; 2.667 ns  ; address[7] ; lpm_ram_dq0:inst|altsyncram:altsyncram_component|altsyncram_56f1:auto_generated|ram_block1a4~porta_we_reg       ; clk        ;
; N/A                                     ; None                                                ; 2.666 ns  ; address[8] ; lpm_ram_dq0:inst|altsyncram:altsyncram_component|altsyncram_56f1:auto_generated|ram_block1a0~porta_address_reg9 ; address[9] ;
; N/A                                     ; None                                                ; 2.659 ns  ; address[6] ; lpm_ram_dq0:inst|altsyncram:altsyncram_component|altsyncram_56f1:auto_generated|ram_block1a4~porta_datain_reg2  ; clk        ;
; N/A                                     ; None                                                ; 2.658 ns  ; address[7] ; lpm_ram_dq0:inst|altsyncram:altsyncram_component|altsyncram_56f1:auto_generated|ram_block1a4~porta_address_reg2 ; address[9] ;
; N/A                                     ; None                                                ; 2.655 ns  ; address[7] ; lpm_ram_dq0:inst|altsyncram:altsyncram_component|altsyncram_56f1:auto_generated|ram_block1a4~porta_address_reg0 ; address[9] ;
; N/A                                     ; None                                                ; 2.653 ns  ; address[8] ; lpm_ram_dq0:inst|altsyncram:altsyncram_component|altsyncram_56f1:auto_generated|ram_block1a4~porta_address_reg7 ; address[9] ;
; N/A                                     ; None                                                ; 2.651 ns  ; address[7] ; lpm_ram_dq0:inst|altsyncram:altsyncram_component|altsyncram_56f1:auto_generated|ram_block1a0~porta_address_reg0 ; address[9] ;
; N/A                                     ; None                                                ; 2.650 ns  ; address[3] ; lpm_ram_dq0:inst|altsyncram:altsyncram_component|altsyncram_56f1:auto_generated|ram_block1a4~porta_datain_reg3  ; clk        ;
; N/A                                     ; None                                                ; 2.646 ns  ; address[8] ; lpm_ram_dq0:inst|altsyncram:altsyncram_component|altsyncram_56f1:auto_generated|ram_block1a4~porta_address_reg8 ; address[9] ;
; N/A                                     ; None                                                ; 2.631 ns  ; address[7] ; lpm_ram_dq0:inst|altsyncram:altsyncram_component|altsyncram_56f1:auto_generated|ram_block1a0~porta_address_reg8 ; address[9] ;
; N/A                                     ; None                                                ; 2.630 ns  ; address[5] ; lpm_ram_dq0:inst|altsyncram:altsyncram_component|altsyncram_56f1:auto_generated|ram_block1a4~porta_we_reg       ; address[9] ;
; N/A                                     ; None                                                ; 2.626 ns  ; address[6] ; lpm_ram_dq0:inst|altsyncram:altsyncram_component|altsyncram_56f1:auto_generated|ram_block1a4~porta_address_reg1 ; address[9] ;
; N/A                                     ; None                                                ; 2.620 ns  ; address[6] ; lpm_ram_dq0:inst|altsyncram:altsyncram_component|altsyncram_56f1:auto_generated|ram_block1a0~porta_address_reg1 ; address[9] ;
; N/A                                     ; None                                                ; 2.619 ns  ; address[8] ; lpm_ram_dq0:inst|altsyncram:altsyncram_component|altsyncram_56f1:auto_generated|ram_block1a4~porta_datain_reg0  ; clk        ;
; N/A                                     ; None                                                ; 2.601 ns  ; address[8] ; lpm_ram_dq0:inst|altsyncram:altsyncram_component|altsyncram_56f1:auto_generated|ram_block1a4~porta_address_reg3 ; address[9] ;
; N/A                                     ; None                                                ; 2.601 ns  ; address[6] ; lpm_ram_dq0:inst|altsyncram:altsyncram_component|altsyncram_56f1:auto_generated|ram_block1a0~porta_datain_reg3  ; clk        ;
; N/A                                     ; None                                                ; 2.598 ns  ; address[8] ; lpm_ram_dq0:inst|altsyncram:altsyncram_component|altsyncram_56f1:auto_generated|ram_block1a4~porta_we_reg       ; clk        ;
; N/A                                     ; None                                                ; 2.595 ns  ; address[6] ; lpm_ram_dq0:inst|altsyncram:altsyncram_component|altsyncram_56f1:auto_generated|ram_block1a0~porta_address_reg2 ; address[9] ;
; N/A                                     ; None                                                ; 2.588 ns  ; address[4] ; lpm_ram_dq0:inst|altsyncram:altsyncram_component|altsyncram_56f1:auto_generated|ram_block1a4~porta_datain_reg2  ; clk        ;
; N/A                                     ; None                                                ; 2.586 ns  ; address[6] ; lpm_ram_dq0:inst|altsyncram:altsyncram_component|altsyncram_56f1:auto_generated|ram_block1a4~porta_address_reg0 ; address[9] ;
; N/A                                     ; None                                                ; 2.585 ns  ; address[6] ; lpm_ram_dq0:inst|altsyncram:altsyncram_component|altsyncram_56f1:auto_generated|ram_block1a4~porta_address_reg2 ; address[9] ;
; N/A                                     ; None                                                ; 2.582 ns  ; address[6] ; lpm_ram_dq0:inst|altsyncram:altsyncram_component|altsyncram_56f1:auto_generated|ram_block1a0~porta_address_reg0 ; address[9] ;
; N/A                                     ; None                                                ; 2.570 ns  ; address[8] ; lpm_ram_dq0:inst|altsyncram:altsyncram_component|altsyncram_56f1:auto_generated|ram_block1a0~porta_address_reg6 ; address[9] ;
; N/A                                     ; None                                                ; 2.569 ns  ; address[6] ; lpm_ram_dq0:inst|altsyncram:altsyncram_component|altsyncram_56f1:auto_generated|ram_block1a0~porta_address_reg8 ; address[9] ;
; N/A                                     ; None                                                ; 2.557 ns  ; address[9] ; cash:inst8|inst419                                                                                              ; clk        ;
; N/A                                     ; None                                                ; 2.554 ns  ; address[8] ; lpm_ram_dq0:inst|altsyncram:altsyncram_component|altsyncram_56f1:auto_generated|ram_block1a0~porta_address_reg3 ; address[9] ;
; N/A                                     ; None                                                ; 2.553 ns  ; address[8] ; lpm_ram_dq0:inst|altsyncram:altsyncram_component|altsyncram_56f1:auto_generated|ram_block1a0~porta_address_reg4 ; address[9] ;
; N/A                                     ; None                                                ; 2.545 ns  ; address[6] ; lpm_ram_dq0:inst|altsyncram:altsyncram_component|altsyncram_56f1:auto_generated|ram_block1a4~porta_address_reg5 ; address[8] ;
; N/A                                     ; None                                                ; 2.526 ns  ; address[3] ; lpm_ram_dq0:inst|altsyncram:altsyncram_component|altsyncram_56f1:auto_generated|ram_block1a0~porta_we_reg       ; address[9] ;
; N/A                                     ; None                                                ; 2.521 ns  ; address[7] ; lpm_ram_dq0:inst|altsyncram:altsyncram_component|altsyncram_56f1:auto_generated|ram_block1a4~porta_address_reg5 ; address[9] ;
; N/A                                     ; None                                                ; 2.517 ns  ; address[4] ; cash:inst8|inst416                                                                                              ; clk        ;
; N/A                                     ; None                                                ; 2.505 ns  ; address[6] ; lpm_ram_dq0:inst|altsyncram:altsyncram_component|altsyncram_56f1:auto_generated|ram_block1a4~porta_datain_reg1  ; clk        ;
; N/A                                     ; None                                                ; 2.483 ns  ; address[8] ; lpm_ram_dq0:inst|altsyncram:altsyncram_component|altsyncram_56f1:auto_generated|ram_block1a4~porta_address_reg1 ; address[9] ;
; N/A                                     ; None                                                ; 2.478 ns  ; address[8] ; lpm_ram_dq0:inst|altsyncram:altsyncram_component|altsyncram_56f1:auto_generated|ram_block1a4~porta_address_reg5 ; address[9] ;
; N/A                                     ; None                                                ; 2.478 ns  ; address[6] ; lpm_ram_dq0:inst|altsyncram:altsyncram_component|altsyncram_56f1:auto_generated|ram_block1a4~porta_address_reg5 ; address[7] ;
; N/A                                     ; None                                                ; 2.477 ns  ; address[8] ; lpm_ram_dq0:inst|altsyncram:altsyncram_component|altsyncram_56f1:auto_generated|ram_block1a0~porta_address_reg1 ; address[9] ;
; N/A                                     ; None                                                ; 2.455 ns  ; address[6] ; lpm_ram_dq0:inst|altsyncram:altsyncram_component|altsyncram_56f1:auto_generated|ram_block1a4~porta_datain_reg0  ; clk        ;
; N/A                                     ; None                                                ; 2.452 ns  ; address[8] ; lpm_ram_dq0:inst|altsyncram:altsyncram_component|altsyncram_56f1:auto_generated|ram_block1a0~porta_address_reg2 ; address[9] ;
; N/A                                     ; None                                                ; 2.445 ns  ; address[3] ; lpm_ram_dq0:inst|altsyncram:altsyncram_component|altsyncram_56f1:auto_generated|ram_block1a4~porta_we_reg       ; address[9] ;
; N/A                                     ; None                                                ; 2.444 ns  ; address[7] ; lpm_ram_dq0:inst|altsyncram:altsyncram_component|altsyncram_56f1:auto_generated|ram_block1a4~porta_address_reg6 ; address[9] ;
; N/A                                     ; None                                                ; 2.442 ns  ; address[8] ; lpm_ram_dq0:inst|altsyncram:altsyncram_component|altsyncram_56f1:auto_generated|ram_block1a4~porta_address_reg2 ; address[9] ;
; N/A                                     ; None                                                ; 2.439 ns  ; address[8] ; lpm_ram_dq0:inst|altsyncram:altsyncram_component|altsyncram_56f1:auto_generated|ram_block1a4~porta_address_reg0 ; address[9] ;
; N/A                                     ; None                                                ; 2.435 ns  ; address[8] ; lpm_ram_dq0:inst|altsyncram:altsyncram_component|altsyncram_56f1:auto_generated|ram_block1a0~porta_address_reg0 ; address[9] ;
; N/A                                     ; None                                                ; 2.426 ns  ; address[8] ; lpm_ram_dq0:inst|altsyncram:altsyncram_component|altsyncram_56f1:auto_generated|ram_block1a0~porta_datain_reg0  ; address[9] ;
; N/A                                     ; None                                                ; 2.415 ns  ; address[8] ; lpm_ram_dq0:inst|altsyncram:altsyncram_component|altsyncram_56f1:auto_generated|ram_block1a0~porta_address_reg8 ; address[9] ;
; N/A                                     ; None                                                ; 2.411 ns  ; address[7] ; lpm_ram_dq0:inst|altsyncram:altsyncram_component|altsyncram_56f1:auto_generated|ram_block1a4~porta_datain_reg1  ; clk        ;
; N/A                                     ; None                                                ; 2.410 ns  ; address[7] ; lpm_ram_dq0:inst|altsyncram:altsyncram_component|altsyncram_56f1:auto_generated|ram_block1a4~porta_address_reg9 ; address[8] ;
; N/A                                     ; None                                                ; 2.410 ns  ; address[7] ; lpm_ram_dq0:inst|altsyncram:altsyncram_component|altsyncram_56f1:auto_generated|ram_block1a4~porta_datain_reg2  ; clk        ;
; N/A                                     ; None                                                ; 2.410 ns  ; address[7] ; lpm_ram_dq0:inst|altsyncram:altsyncram_component|altsyncram_56f1:auto_generated|ram_block1a0~porta_datain_reg3  ; clk        ;
; N/A                                     ; None                                                ; 2.406 ns  ; address[5] ; lpm_ram_dq0:inst|altsyncram:altsyncram_component|altsyncram_56f1:auto_generated|ram_block1a4~porta_datain_reg2  ; clk        ;
; N/A                                     ; None                                                ; 2.394 ns  ; address[7] ; lpm_ram_dq0:inst|altsyncram:altsyncram_component|altsyncram_56f1:auto_generated|ram_block1a0~porta_address_reg7 ; address[8] ;
; N/A                                     ; None                                                ; 2.389 ns  ; address[7] ; lpm_ram_dq0:inst|altsyncram:altsyncram_component|altsyncram_56f1:auto_generated|ram_block1a4~porta_address_reg3 ; address[9] ;
; N/A                                     ; None                                                ; 2.387 ns  ; address[9] ; lpm_ram_dq0:inst|altsyncram:altsyncram_component|altsyncram_56f1:auto_generated|ram_block1a4~porta_datain_reg3  ; clk        ;
; N/A                                     ; None                                                ; 2.381 ns  ; address[4] ; lpm_ram_dq0:inst|altsyncram:altsyncram_component|altsyncram_56f1:auto_generated|ram_block1a0~porta_we_reg       ; address[8] ;
; N/A                                     ; None                                                ; 2.378 ns  ; address[7] ; cash:inst8|inst416                                                                                              ; clk        ;
; N/A                                     ; None                                                ; 2.370 ns  ; address[7] ; lpm_ram_dq0:inst|altsyncram:altsyncram_component|altsyncram_56f1:auto_generated|ram_block1a0~porta_address_reg9 ; address[8] ;
; N/A                                     ; None                                                ; 2.361 ns  ; address[7] ; lpm_ram_dq0:inst|altsyncram:altsyncram_component|altsyncram_56f1:auto_generated|ram_block1a4~porta_datain_reg0  ; clk        ;
; N/A                                     ; None                                                ; 2.358 ns  ; address[6] ; lpm_ram_dq0:inst|altsyncram:altsyncram_component|altsyncram_56f1:auto_generated|ram_block1a4~porta_address_reg3 ; address[9] ;
; Timing analysis restricted to 200 rows. ; To change the limit use Settings (Assignments menu) ;           ;            ;                                                                                                                 ;            ;
+-----------------------------------------+-----------------------------------------------------+-----------+------------+-----------------------------------------------------------------------------------------------------------------+------------+


+--------------------------+
; Timing Analyzer Messages ;
+--------------------------+
Info: *******************************************************************
Info: Running Quartus II Classic Timing Analyzer
    Info: Version 9.1 Build 222 10/21/2009 SJ Web Edition
    Info: Processing started: Thu Apr 30 17:00:51 2026
Info: Command: quartus_tan --read_settings_files=off --write_settings_files=off kursach -c kursach --timing_analysis_only
Warning: Found pins functioning as undefined clocks and/or memory enables
    Info: Assuming node "clk" is an undefined clock
    Info: Assuming node "address[6]" is an undefined clock
    Info: Assuming node "address[7]" is an undefined clock
    Info: Assuming node "address[8]" is an undefined clock
    Info: Assuming node "address[9]" is an undefined clock
    Info: Assuming node "address[4]" is an undefined clock
    Info: Assuming node "address[3]" is an undefined clock
    Info: Assuming node "address[5]" is an undefined clock
    Info: Assuming node "per_strob" is an undefined clock
Warning: Found 22 node(s) in clock paths which may be acting as ripple and/or gated clocks -- node(s) analyzed as buffer(s) resulting in clock skew
    Info: Detected gated clock "cash:inst8|inst94" as buffer
    Info: Detected gated clock "inst9" as buffer
    Info: Detected gated clock "cash:inst8|inst43~0" as buffer
    Info: Detected gated clock "cash:inst8|inst43" as buffer
    Info: Detected ripple clock "cash:inst8|inst455" as buffer
    Info: Detected ripple clock "cash:inst8|inst434" as buffer
    Info: Detected gated clock "cash:inst8|inst452" as buffer
    Info: Detected gated clock "cash:inst8|inst431" as buffer
    Info: Detected gated clock "cash:inst8|lpm_decode0:inst12|lpm_decode:lpm_decode_component|decode_5sf:auto_generated|w_anode1w[3]" as buffer
    Info: Detected ripple clock "cash:inst8|lpm_dff1:inst63|lpm_ff:lpm_ff_component|dffs[1]" as buffer
    Info: Detected ripple clock "cash:inst8|lpm_dff1:inst14|lpm_ff:lpm_ff_component|dffs[4]" as buffer
    Info: Detected ripple clock "cash:inst8|lpm_dff1:inst14|lpm_ff:lpm_ff_component|dffs[3]" as buffer
    Info: Detected ripple clock "cash:inst8|lpm_dff1:inst14|lpm_ff:lpm_ff_component|dffs[2]" as buffer
    Info: Detected ripple clock "cash:inst8|lpm_dff1:inst63|lpm_ff:lpm_ff_component|dffs[2]" as buffer
    Info: Detected ripple clock "cash:inst8|lpm_dff1:inst63|lpm_ff:lpm_ff_component|dffs[3]" as buffer
    Info: Detected ripple clock "cash:inst8|lpm_dff1:inst63|lpm_ff:lpm_ff_component|dffs[4]" as buffer
    Info: Detected ripple clock "cash:inst8|lpm_dff1:inst14|lpm_ff:lpm_ff_component|dffs[1]" as buffer
    Info: Detected gated clock "cash:inst8|lpm_compare0:inst36|lpm_compare:lpm_compare_component|cmpr_cig:auto_generated|data_wire[0]~0" as buffer
    Info: Detected gated clock "cash:inst8|lpm_compare0:inst19|lpm_compare:lpm_compare_component|cmpr_cig:auto_generated|aneb_result_wire[0]~0" as buffer
    Info: Detected gated clock "cash:inst8|lpm_compare0:inst36|lpm_compare:lpm_compare_component|cmpr_cig:auto_generated|aneb_result_wire[0]~0" as buffer
    Info: Detected gated clock "cash:inst8|lpm_compare0:inst19|lpm_compare:lpm_compare_component|cmpr_cig:auto_generated|data_wire[0]~0" as buffer
    Info: Detected gated clock "cash:inst8|inst114" as buffer
Info: Clock "clk" has Internal fmax of 91.67 MHz between source register "cash:inst8|lpm_counter0:inst39|lpm_counter:lpm_counter_component|cntr_sej:auto_generated|safe_q[2]" and destination register "cash:inst8|lpm_dff0:inst25|lpm_ff:lpm_ff_component|dffs[5]" (period= 10.909 ns)
    Info: + Longest register to register delay is 4.759 ns
        Info: 1: + IC(0.000 ns) + CELL(0.000 ns) = 0.000 ns; Loc. = LCFF_X21_Y15_N21; Fanout = 9; REG Node = 'cash:inst8|lpm_counter0:inst39|lpm_counter:lpm_counter_component|cntr_sej:auto_generated|safe_q[2]'
        Info: 2: + IC(0.618 ns) + CELL(0.154 ns) = 0.772 ns; Loc. = LCCOMB_X22_Y17_N16; Fanout = 21; COMB Node = 'cash:inst8|gdfx_temp5[2]~2'
        Info: 3: + IC(0.838 ns) + CELL(0.272 ns) = 1.882 ns; Loc. = LCCOMB_X23_Y16_N16; Fanout = 1; COMB Node = 'cash:inst8|lpm_bustri0:inst27|lpm_bustri:lpm_bustri_component|dout[5]~54'
        Info: 4: + IC(0.200 ns) + CELL(0.053 ns) = 2.135 ns; Loc. = LCCOMB_X23_Y16_N2; Fanout = 1; COMB Node = 'cash:inst8|lpm_bustri0:inst27|lpm_bustri:lpm_bustri_component|dout[5]~19'
        Info: 5: + IC(0.254 ns) + CELL(0.272 ns) = 2.661 ns; Loc. = LCCOMB_X23_Y16_N24; Fanout = 3; COMB Node = 'cash:inst8|lpm_bustri0:inst27|lpm_bustri:lpm_bustri_component|dout[5]~20'
        Info: 6: + IC(0.578 ns) + CELL(0.154 ns) = 3.393 ns; Loc. = LCCOMB_X22_Y18_N22; Fanout = 17; COMB Node = 'cash:inst8|lpm_bustri0:inst296|lpm_bustri:lpm_bustri_component|dout[5]~14'
        Info: 7: + IC(1.057 ns) + CELL(0.309 ns) = 4.759 ns; Loc. = LCFF_X25_Y15_N21; Fanout = 2; REG Node = 'cash:inst8|lpm_dff0:inst25|lpm_ff:lpm_ff_component|dffs[5]'
        Info: Total cell delay = 1.214 ns ( 25.51 % )
        Info: Total interconnect delay = 3.545 ns ( 74.49 % )
    Info: - Smallest clock skew is -5.966 ns
        Info: + Shortest clock path from clock "clk" to destination register is 2.483 ns
            Info: 1: + IC(0.000 ns) + CELL(0.854 ns) = 0.854 ns; Loc. = PIN_N20; Fanout = 15; CLK Node = 'clk'
            Info: 2: + IC(0.343 ns) + CELL(0.000 ns) = 1.197 ns; Loc. = CLKCTRL_G3; Fanout = 129; COMB Node = 'clk~clkctrl'
            Info: 3: + IC(0.668 ns) + CELL(0.618 ns) = 2.483 ns; Loc. = LCFF_X25_Y15_N21; Fanout = 2; REG Node = 'cash:inst8|lpm_dff0:inst25|lpm_ff:lpm_ff_component|dffs[5]'
            Info: Total cell delay = 1.472 ns ( 59.28 % )
            Info: Total interconnect delay = 1.011 ns ( 40.72 % )
        Info: - Longest clock path from clock "clk" to source register is 8.449 ns
            Info: 1: + IC(0.000 ns) + CELL(0.854 ns) = 0.854 ns; Loc. = PIN_N20; Fanout = 15; CLK Node = 'clk'
            Info: 2: + IC(1.870 ns) + CELL(0.712 ns) = 3.436 ns; Loc. = LCFF_X21_Y20_N13; Fanout = 1; REG Node = 'cash:inst8|lpm_dff1:inst63|lpm_ff:lpm_ff_component|dffs[4]'
            Info: 3: + IC(0.263 ns) + CELL(0.378 ns) = 4.077 ns; Loc. = LCCOMB_X21_Y20_N28; Fanout = 23; COMB Node = 'cash:inst8|lpm_compare0:inst36|lpm_compare:lpm_compare_component|cmpr_cig:auto_generated|aneb_result_wire[0]~0'
            Info: 4: + IC(0.362 ns) + CELL(0.228 ns) = 4.667 ns; Loc. = LCCOMB_X22_Y20_N2; Fanout = 40; COMB Node = 'cash:inst8|inst51'
            Info: 5: + IC(0.331 ns) + CELL(0.225 ns) = 5.223 ns; Loc. = LCCOMB_X21_Y20_N16; Fanout = 1; COMB Node = 'cash:inst8|inst114'
            Info: 6: + IC(1.947 ns) + CELL(0.000 ns) = 7.170 ns; Loc. = CLKCTRL_G1; Fanout = 4; COMB Node = 'cash:inst8|inst114~clkctrl'
            Info: 7: + IC(0.661 ns) + CELL(0.618 ns) = 8.449 ns; Loc. = LCFF_X21_Y15_N21; Fanout = 9; REG Node = 'cash:inst8|lpm_counter0:inst39|lpm_counter:lpm_counter_component|cntr_sej:auto_generated|safe_q[2]'
            Info: Total cell delay = 3.015 ns ( 35.68 % )
            Info: Total interconnect delay = 5.434 ns ( 64.32 % )
    Info: + Micro clock to output delay of source is 0.094 ns
    Info: + Micro setup delay of destination is 0.090 ns
Info: Clock "address[6]" has Internal fmax of 175.72 MHz between source register "cash:inst8|lpm_counter0:inst39|lpm_counter:lpm_counter_component|cntr_sej:auto_generated|safe_q[2]" and destination memory "lpm_ram_dq0:inst|altsyncram:altsyncram_component|altsyncram_56f1:auto_generated|ram_block1a4~porta_datain_reg1" (period= 5.691 ns)
    Info: + Longest register to memory delay is 4.368 ns
        Info: 1: + IC(0.000 ns) + CELL(0.000 ns) = 0.000 ns; Loc. = LCFF_X21_Y15_N21; Fanout = 9; REG Node = 'cash:inst8|lpm_counter0:inst39|lpm_counter:lpm_counter_component|cntr_sej:auto_generated|safe_q[2]'
        Info: 2: + IC(0.618 ns) + CELL(0.154 ns) = 0.772 ns; Loc. = LCCOMB_X22_Y17_N16; Fanout = 21; COMB Node = 'cash:inst8|gdfx_temp5[2]~2'
        Info: 3: + IC(0.838 ns) + CELL(0.272 ns) = 1.882 ns; Loc. = LCCOMB_X23_Y16_N16; Fanout = 1; COMB Node = 'cash:inst8|lpm_bustri0:inst27|lpm_bustri:lpm_bustri_component|dout[5]~54'
        Info: 4: + IC(0.200 ns) + CELL(0.053 ns) = 2.135 ns; Loc. = LCCOMB_X23_Y16_N2; Fanout = 1; COMB Node = 'cash:inst8|lpm_bustri0:inst27|lpm_bustri:lpm_bustri_component|dout[5]~19'
        Info: 5: + IC(0.254 ns) + CELL(0.272 ns) = 2.661 ns; Loc. = LCCOMB_X23_Y16_N24; Fanout = 3; COMB Node = 'cash:inst8|lpm_bustri0:inst27|lpm_bustri:lpm_bustri_component|dout[5]~20'
        Info: 6: + IC(0.714 ns) + CELL(0.053 ns) = 3.428 ns; Loc. = LCCOMB_X23_Y15_N26; Fanout = 1; COMB Node = 'lpm_bustri0:inst5|lpm_bustri:lpm_bustri_component|dout[5]~6'
        Info: 7: + IC(0.844 ns) + CELL(0.096 ns) = 4.368 ns; Loc. = M4K_X20_Y17; Fanout = 1; MEM Node = 'lpm_ram_dq0:inst|altsyncram:altsyncram_component|altsyncram_56f1:auto_generated|ram_block1a4~porta_datain_reg1'
        Info: Total cell delay = 0.900 ns ( 20.60 % )
        Info: Total interconnect delay = 3.468 ns ( 79.40 % )
    Info: - Smallest clock skew is -1.207 ns
        Info: + Shortest clock path from clock "address[6]" to destination memory is 5.258 ns
            Info: 1: + IC(0.000 ns) + CELL(0.809 ns) = 0.809 ns; Loc. = PIN_B11; Fanout = 7; CLK Node = 'address[6]'
            Info: 2: + IC(1.075 ns) + CELL(0.053 ns) = 1.937 ns; Loc. = LCCOMB_X21_Y20_N0; Fanout = 22; COMB Node = 'cash:inst8|lpm_compare0:inst36|lpm_compare:lpm_compare_component|cmpr_cig:auto_generated|data_wire[0]~0'
            Info: 3: + IC(0.610 ns) + CELL(0.378 ns) = 2.925 ns; Loc. = LCCOMB_X21_Y20_N8; Fanout = 1; COMB Node = 'inst9'
            Info: 4: + IC(1.207 ns) + CELL(0.000 ns) = 4.132 ns; Loc. = CLKCTRL_G12; Fanout = 38; COMB Node = 'inst9~clkctrl'
            Info: 5: + IC(0.645 ns) + CELL(0.481 ns) = 5.258 ns; Loc. = M4K_X20_Y17; Fanout = 1; MEM Node = 'lpm_ram_dq0:inst|altsyncram:altsyncram_component|altsyncram_56f1:auto_generated|ram_block1a4~porta_datain_reg1'
            Info: Total cell delay = 1.721 ns ( 32.73 % )
            Info: Total interconnect delay = 3.537 ns ( 67.27 % )
        Info: - Longest clock path from clock "address[6]" to source register is 6.465 ns
            Info: 1: + IC(0.000 ns) + CELL(0.809 ns) = 0.809 ns; Loc. = PIN_B11; Fanout = 7; CLK Node = 'address[6]'
            Info: 2: + IC(1.081 ns) + CELL(0.154 ns) = 2.044 ns; Loc. = LCCOMB_X22_Y20_N24; Fanout = 28; COMB Node = 'cash:inst8|lpm_compare0:inst19|lpm_compare:lpm_compare_component|cmpr_cig:auto_generated|data_wire[0]~0'
            Info: 3: + IC(0.293 ns) + CELL(0.346 ns) = 2.683 ns; Loc. = LCCOMB_X22_Y20_N2; Fanout = 40; COMB Node = 'cash:inst8|inst51'
            Info: 4: + IC(0.331 ns) + CELL(0.225 ns) = 3.239 ns; Loc. = LCCOMB_X21_Y20_N16; Fanout = 1; COMB Node = 'cash:inst8|inst114'
            Info: 5: + IC(1.947 ns) + CELL(0.000 ns) = 5.186 ns; Loc. = CLKCTRL_G1; Fanout = 4; COMB Node = 'cash:inst8|inst114~clkctrl'
            Info: 6: + IC(0.661 ns) + CELL(0.618 ns) = 6.465 ns; Loc. = LCFF_X21_Y15_N21; Fanout = 9; REG Node = 'cash:inst8|lpm_counter0:inst39|lpm_counter:lpm_counter_component|cntr_sej:auto_generated|safe_q[2]'
            Info: Total cell delay = 2.152 ns ( 33.29 % )
            Info: Total interconnect delay = 4.313 ns ( 66.71 % )
    Info: + Micro clock to output delay of source is 0.094 ns
    Info: + Micro setup delay of destination is 0.022 ns
Info: Clock "address[7]" has Internal fmax of 176.74 MHz between source register "cash:inst8|lpm_counter0:inst39|lpm_counter:lpm_counter_component|cntr_sej:auto_generated|safe_q[2]" and destination memory "lpm_ram_dq0:inst|altsyncram:altsyncram_component|altsyncram_56f1:auto_generated|ram_block1a4~porta_datain_reg1" (period= 5.658 ns)
    Info: + Longest register to memory delay is 4.368 ns
        Info: 1: + IC(0.000 ns) + CELL(0.000 ns) = 0.000 ns; Loc. = LCFF_X21_Y15_N21; Fanout = 9; REG Node = 'cash:inst8|lpm_counter0:inst39|lpm_counter:lpm_counter_component|cntr_sej:auto_generated|safe_q[2]'
        Info: 2: + IC(0.618 ns) + CELL(0.154 ns) = 0.772 ns; Loc. = LCCOMB_X22_Y17_N16; Fanout = 21; COMB Node = 'cash:inst8|gdfx_temp5[2]~2'
        Info: 3: + IC(0.838 ns) + CELL(0.272 ns) = 1.882 ns; Loc. = LCCOMB_X23_Y16_N16; Fanout = 1; COMB Node = 'cash:inst8|lpm_bustri0:inst27|lpm_bustri:lpm_bustri_component|dout[5]~54'
        Info: 4: + IC(0.200 ns) + CELL(0.053 ns) = 2.135 ns; Loc. = LCCOMB_X23_Y16_N2; Fanout = 1; COMB Node = 'cash:inst8|lpm_bustri0:inst27|lpm_bustri:lpm_bustri_component|dout[5]~19'
        Info: 5: + IC(0.254 ns) + CELL(0.272 ns) = 2.661 ns; Loc. = LCCOMB_X23_Y16_N24; Fanout = 3; COMB Node = 'cash:inst8|lpm_bustri0:inst27|lpm_bustri:lpm_bustri_component|dout[5]~20'
        Info: 6: + IC(0.714 ns) + CELL(0.053 ns) = 3.428 ns; Loc. = LCCOMB_X23_Y15_N26; Fanout = 1; COMB Node = 'lpm_bustri0:inst5|lpm_bustri:lpm_bustri_component|dout[5]~6'
        Info: 7: + IC(0.844 ns) + CELL(0.096 ns) = 4.368 ns; Loc. = M4K_X20_Y17; Fanout = 1; MEM Node = 'lpm_ram_dq0:inst|altsyncram:altsyncram_component|altsyncram_56f1:auto_generated|ram_block1a4~porta_datain_reg1'
        Info: Total cell delay = 0.900 ns ( 20.60 % )
        Info: Total interconnect delay = 3.468 ns ( 79.40 % )
    Info: - Smallest clock skew is -1.174 ns
        Info: + Shortest clock path from clock "address[7]" to destination memory is 5.540 ns
            Info: 1: + IC(0.000 ns) + CELL(0.809 ns) = 0.809 ns; Loc. = PIN_C11; Fanout = 7; CLK Node = 'address[7]'
            Info: 2: + IC(1.208 ns) + CELL(0.053 ns) = 2.070 ns; Loc. = LCCOMB_X22_Y20_N6; Fanout = 29; COMB Node = 'cash:inst8|lpm_compare0:inst19|lpm_compare:lpm_compare_component|cmpr_cig:auto_generated|aneb_result_wire[0]~0'
            Info: 3: + IC(0.865 ns) + CELL(0.272 ns) = 3.207 ns; Loc. = LCCOMB_X21_Y20_N8; Fanout = 1; COMB Node = 'inst9'
            Info: 4: + IC(1.207 ns) + CELL(0.000 ns) = 4.414 ns; Loc. = CLKCTRL_G12; Fanout = 38; COMB Node = 'inst9~clkctrl'
            Info: 5: + IC(0.645 ns) + CELL(0.481 ns) = 5.540 ns; Loc. = M4K_X20_Y17; Fanout = 1; MEM Node = 'lpm_ram_dq0:inst|altsyncram:altsyncram_component|altsyncram_56f1:auto_generated|ram_block1a4~porta_datain_reg1'
            Info: Total cell delay = 1.615 ns ( 29.15 % )
            Info: Total interconnect delay = 3.925 ns ( 70.85 % )
        Info: - Longest clock path from clock "address[7]" to source register is 6.714 ns
            Info: 1: + IC(0.000 ns) + CELL(0.809 ns) = 0.809 ns; Loc. = PIN_C11; Fanout = 7; CLK Node = 'address[7]'
            Info: 2: + IC(1.261 ns) + CELL(0.272 ns) = 2.342 ns; Loc. = LCCOMB_X21_Y20_N28; Fanout = 23; COMB Node = 'cash:inst8|lpm_compare0:inst36|lpm_compare:lpm_compare_component|cmpr_cig:auto_generated|aneb_result_wire[0]~0'
            Info: 3: + IC(0.362 ns) + CELL(0.228 ns) = 2.932 ns; Loc. = LCCOMB_X22_Y20_N2; Fanout = 40; COMB Node = 'cash:inst8|inst51'
            Info: 4: + IC(0.331 ns) + CELL(0.225 ns) = 3.488 ns; Loc. = LCCOMB_X21_Y20_N16; Fanout = 1; COMB Node = 'cash:inst8|inst114'
            Info: 5: + IC(1.947 ns) + CELL(0.000 ns) = 5.435 ns; Loc. = CLKCTRL_G1; Fanout = 4; COMB Node = 'cash:inst8|inst114~clkctrl'
            Info: 6: + IC(0.661 ns) + CELL(0.618 ns) = 6.714 ns; Loc. = LCFF_X21_Y15_N21; Fanout = 9; REG Node = 'cash:inst8|lpm_counter0:inst39|lpm_counter:lpm_counter_component|cntr_sej:auto_generated|safe_q[2]'
            Info: Total cell delay = 2.152 ns ( 32.05 % )
            Info: Total interconnect delay = 4.562 ns ( 67.95 % )
    Info: + Micro clock to output delay of source is 0.094 ns
    Info: + Micro setup delay of destination is 0.022 ns
Info: Clock "address[8]" has Internal fmax of 176.8 MHz between source register "cash:inst8|lpm_counter0:inst39|lpm_counter:lpm_counter_component|cntr_sej:auto_generated|safe_q[2]" and destination memory "lpm_ram_dq0:inst|altsyncram:altsyncram_component|altsyncram_56f1:auto_generated|ram_block1a4~porta_datain_reg1" (period= 5.656 ns)
    Info: + Longest register to memory delay is 4.368 ns
        Info: 1: + IC(0.000 ns) + CELL(0.000 ns) = 0.000 ns; Loc. = LCFF_X21_Y15_N21; Fanout = 9; REG Node = 'cash:inst8|lpm_counter0:inst39|lpm_counter:lpm_counter_component|cntr_sej:auto_generated|safe_q[2]'
        Info: 2: + IC(0.618 ns) + CELL(0.154 ns) = 0.772 ns; Loc. = LCCOMB_X22_Y17_N16; Fanout = 21; COMB Node = 'cash:inst8|gdfx_temp5[2]~2'
        Info: 3: + IC(0.838 ns) + CELL(0.272 ns) = 1.882 ns; Loc. = LCCOMB_X23_Y16_N16; Fanout = 1; COMB Node = 'cash:inst8|lpm_bustri0:inst27|lpm_bustri:lpm_bustri_component|dout[5]~54'
        Info: 4: + IC(0.200 ns) + CELL(0.053 ns) = 2.135 ns; Loc. = LCCOMB_X23_Y16_N2; Fanout = 1; COMB Node = 'cash:inst8|lpm_bustri0:inst27|lpm_bustri:lpm_bustri_component|dout[5]~19'
        Info: 5: + IC(0.254 ns) + CELL(0.272 ns) = 2.661 ns; Loc. = LCCOMB_X23_Y16_N24; Fanout = 3; COMB Node = 'cash:inst8|lpm_bustri0:inst27|lpm_bustri:lpm_bustri_component|dout[5]~20'
        Info: 6: + IC(0.714 ns) + CELL(0.053 ns) = 3.428 ns; Loc. = LCCOMB_X23_Y15_N26; Fanout = 1; COMB Node = 'lpm_bustri0:inst5|lpm_bustri:lpm_bustri_component|dout[5]~6'
        Info: 7: + IC(0.844 ns) + CELL(0.096 ns) = 4.368 ns; Loc. = M4K_X20_Y17; Fanout = 1; MEM Node = 'lpm_ram_dq0:inst|altsyncram:altsyncram_component|altsyncram_56f1:auto_generated|ram_block1a4~porta_datain_reg1'
        Info: Total cell delay = 0.900 ns ( 20.60 % )
        Info: Total interconnect delay = 3.468 ns ( 79.40 % )
    Info: - Smallest clock skew is -1.172 ns
        Info: + Shortest clock path from clock "address[8]" to destination memory is 5.378 ns
            Info: 1: + IC(0.000 ns) + CELL(0.809 ns) = 0.809 ns; Loc. = PIN_C12; Fanout = 7; CLK Node = 'address[8]'
            Info: 2: + IC(1.169 ns) + CELL(0.053 ns) = 2.031 ns; Loc. = LCCOMB_X21_Y20_N28; Fanout = 23; COMB Node = 'cash:inst8|lpm_compare0:inst36|lpm_compare:lpm_compare_component|cmpr_cig:auto_generated|aneb_result_wire[0]~0'
            Info: 3: + IC(0.742 ns) + CELL(0.272 ns) = 3.045 ns; Loc. = LCCOMB_X21_Y20_N8; Fanout = 1; COMB Node = 'inst9'
            Info: 4: + IC(1.207 ns) + CELL(0.000 ns) = 4.252 ns; Loc. = CLKCTRL_G12; Fanout = 38; COMB Node = 'inst9~clkctrl'
            Info: 5: + IC(0.645 ns) + CELL(0.481 ns) = 5.378 ns; Loc. = M4K_X20_Y17; Fanout = 1; MEM Node = 'lpm_ram_dq0:inst|altsyncram:altsyncram_component|altsyncram_56f1:auto_generated|ram_block1a4~porta_datain_reg1'
            Info: Total cell delay = 1.615 ns ( 30.03 % )
            Info: Total interconnect delay = 3.763 ns ( 69.97 % )
        Info: - Longest clock path from clock "address[8]" to source register is 6.550 ns
            Info: 1: + IC(0.000 ns) + CELL(0.809 ns) = 0.809 ns; Loc. = PIN_C12; Fanout = 7; CLK Node = 'address[8]'
            Info: 2: + IC(1.205 ns) + CELL(0.272 ns) = 2.286 ns; Loc. = LCCOMB_X22_Y20_N6; Fanout = 29; COMB Node = 'cash:inst8|lpm_compare0:inst19|lpm_compare:lpm_compare_component|cmpr_cig:auto_generated|aneb_result_wire[0]~0'
            Info: 3: + IC(0.257 ns) + CELL(0.225 ns) = 2.768 ns; Loc. = LCCOMB_X22_Y20_N2; Fanout = 40; COMB Node = 'cash:inst8|inst51'
            Info: 4: + IC(0.331 ns) + CELL(0.225 ns) = 3.324 ns; Loc. = LCCOMB_X21_Y20_N16; Fanout = 1; COMB Node = 'cash:inst8|inst114'
            Info: 5: + IC(1.947 ns) + CELL(0.000 ns) = 5.271 ns; Loc. = CLKCTRL_G1; Fanout = 4; COMB Node = 'cash:inst8|inst114~clkctrl'
            Info: 6: + IC(0.661 ns) + CELL(0.618 ns) = 6.550 ns; Loc. = LCFF_X21_Y15_N21; Fanout = 9; REG Node = 'cash:inst8|lpm_counter0:inst39|lpm_counter:lpm_counter_component|cntr_sej:auto_generated|safe_q[2]'
            Info: Total cell delay = 2.149 ns ( 32.81 % )
            Info: Total interconnect delay = 4.401 ns ( 67.19 % )
    Info: + Micro clock to output delay of source is 0.094 ns
    Info: + Micro setup delay of destination is 0.022 ns
Info: Clock "address[9]" has Internal fmax of 181.52 MHz between source register "cash:inst8|lpm_counter0:inst39|lpm_counter:lpm_counter_component|cntr_sej:auto_generated|safe_q[2]" and destination memory "lpm_ram_dq0:inst|altsyncram:altsyncram_component|altsyncram_56f1:auto_generated|ram_block1a4~porta_datain_reg1" (period= 5.509 ns)
    Info: + Longest register to memory delay is 4.368 ns
        Info: 1: + IC(0.000 ns) + CELL(0.000 ns) = 0.000 ns; Loc. = LCFF_X21_Y15_N21; Fanout = 9; REG Node = 'cash:inst8|lpm_counter0:inst39|lpm_counter:lpm_counter_component|cntr_sej:auto_generated|safe_q[2]'
        Info: 2: + IC(0.618 ns) + CELL(0.154 ns) = 0.772 ns; Loc. = LCCOMB_X22_Y17_N16; Fanout = 21; COMB Node = 'cash:inst8|gdfx_temp5[2]~2'
        Info: 3: + IC(0.838 ns) + CELL(0.272 ns) = 1.882 ns; Loc. = LCCOMB_X23_Y16_N16; Fanout = 1; COMB Node = 'cash:inst8|lpm_bustri0:inst27|lpm_bustri:lpm_bustri_component|dout[5]~54'
        Info: 4: + IC(0.200 ns) + CELL(0.053 ns) = 2.135 ns; Loc. = LCCOMB_X23_Y16_N2; Fanout = 1; COMB Node = 'cash:inst8|lpm_bustri0:inst27|lpm_bustri:lpm_bustri_component|dout[5]~19'
        Info: 5: + IC(0.254 ns) + CELL(0.272 ns) = 2.661 ns; Loc. = LCCOMB_X23_Y16_N24; Fanout = 3; COMB Node = 'cash:inst8|lpm_bustri0:inst27|lpm_bustri:lpm_bustri_component|dout[5]~20'
        Info: 6: + IC(0.714 ns) + CELL(0.053 ns) = 3.428 ns; Loc. = LCCOMB_X23_Y15_N26; Fanout = 1; COMB Node = 'lpm_bustri0:inst5|lpm_bustri:lpm_bustri_component|dout[5]~6'
        Info: 7: + IC(0.844 ns) + CELL(0.096 ns) = 4.368 ns; Loc. = M4K_X20_Y17; Fanout = 1; MEM Node = 'lpm_ram_dq0:inst|altsyncram:altsyncram_component|altsyncram_56f1:auto_generated|ram_block1a4~porta_datain_reg1'
        Info: Total cell delay = 0.900 ns ( 20.60 % )
        Info: Total interconnect delay = 3.468 ns ( 79.40 % )
    Info: - Smallest clock skew is -1.025 ns
        Info: + Shortest clock path from clock "address[9]" to destination memory is 6.085 ns
            Info: 1: + IC(0.000 ns) + CELL(0.809 ns) = 0.809 ns; Loc. = PIN_AA11; Fanout = 7; CLK Node = 'address[9]'
            Info: 2: + IC(1.657 ns) + CELL(0.272 ns) = 2.738 ns; Loc. = LCCOMB_X21_Y20_N28; Fanout = 23; COMB Node = 'cash:inst8|lpm_compare0:inst36|lpm_compare:lpm_compare_component|cmpr_cig:auto_generated|aneb_result_wire[0]~0'
            Info: 3: + IC(0.742 ns) + CELL(0.272 ns) = 3.752 ns; Loc. = LCCOMB_X21_Y20_N8; Fanout = 1; COMB Node = 'inst9'
            Info: 4: + IC(1.207 ns) + CELL(0.000 ns) = 4.959 ns; Loc. = CLKCTRL_G12; Fanout = 38; COMB Node = 'inst9~clkctrl'
            Info: 5: + IC(0.645 ns) + CELL(0.481 ns) = 6.085 ns; Loc. = M4K_X20_Y17; Fanout = 1; MEM Node = 'lpm_ram_dq0:inst|altsyncram:altsyncram_component|altsyncram_56f1:auto_generated|ram_block1a4~porta_datain_reg1'
            Info: Total cell delay = 1.834 ns ( 30.14 % )
            Info: Total interconnect delay = 4.251 ns ( 69.86 % )
        Info: - Longest clock path from clock "address[9]" to source register is 7.110 ns
            Info: 1: + IC(0.000 ns) + CELL(0.809 ns) = 0.809 ns; Loc. = PIN_AA11; Fanout = 7; CLK Node = 'address[9]'
            Info: 2: + IC(1.657 ns) + CELL(0.272 ns) = 2.738 ns; Loc. = LCCOMB_X21_Y20_N28; Fanout = 23; COMB Node = 'cash:inst8|lpm_compare0:inst36|lpm_compare:lpm_compare_component|cmpr_cig:auto_generated|aneb_result_wire[0]~0'
            Info: 3: + IC(0.362 ns) + CELL(0.228 ns) = 3.328 ns; Loc. = LCCOMB_X22_Y20_N2; Fanout = 40; COMB Node = 'cash:inst8|inst51'
            Info: 4: + IC(0.331 ns) + CELL(0.225 ns) = 3.884 ns; Loc. = LCCOMB_X21_Y20_N16; Fanout = 1; COMB Node = 'cash:inst8|inst114'
            Info: 5: + IC(1.947 ns) + CELL(0.000 ns) = 5.831 ns; Loc. = CLKCTRL_G1; Fanout = 4; COMB Node = 'cash:inst8|inst114~clkctrl'
            Info: 6: + IC(0.661 ns) + CELL(0.618 ns) = 7.110 ns; Loc. = LCFF_X21_Y15_N21; Fanout = 9; REG Node = 'cash:inst8|lpm_counter0:inst39|lpm_counter:lpm_counter_component|cntr_sej:auto_generated|safe_q[2]'
            Info: Total cell delay = 2.152 ns ( 30.27 % )
            Info: Total interconnect delay = 4.958 ns ( 69.73 % )
    Info: + Micro clock to output delay of source is 0.094 ns
    Info: + Micro setup delay of destination is 0.022 ns
Info: Clock "address[4]" Internal fmax is restricted to 500.0 MHz between source register "cash:inst8|inst50" and destination register "cash:inst8|inst50"
    Info: fmax restricted to clock pin edge rate 2.0 ns. Expand message to see actual delay path.
        Info: + Longest register to register delay is 0.488 ns
            Info: 1: + IC(0.000 ns) + CELL(0.000 ns) = 0.000 ns; Loc. = LCFF_X22_Y19_N21; Fanout = 3; REG Node = 'cash:inst8|inst50'
            Info: 2: + IC(0.000 ns) + CELL(0.333 ns) = 0.333 ns; Loc. = LCCOMB_X22_Y19_N20; Fanout = 1; COMB Node = 'cash:inst8|inst50~0'
            Info: 3: + IC(0.000 ns) + CELL(0.155 ns) = 0.488 ns; Loc. = LCFF_X22_Y19_N21; Fanout = 3; REG Node = 'cash:inst8|inst50'
            Info: Total cell delay = 0.488 ns ( 100.00 % )
        Info: - Smallest clock skew is 0.000 ns
            Info: + Shortest clock path from clock "address[4]" to destination register is 4.223 ns
                Info: 1: + IC(0.000 ns) + CELL(0.799 ns) = 0.799 ns; Loc. = PIN_D13; Fanout = 11; CLK Node = 'address[4]'
                Info: 2: + IC(1.208 ns) + CELL(0.053 ns) = 2.060 ns; Loc. = LCCOMB_X21_Y19_N12; Fanout = 44; COMB Node = 'cash:inst8|lpm_decode0:inst12|lpm_decode:lpm_decode_component|decode_5sf:auto_generated|w_anode1w[3]'
                Info: 3: + IC(0.647 ns) + CELL(0.366 ns) = 3.073 ns; Loc. = LCCOMB_X21_Y20_N2; Fanout = 2; COMB Node = 'cash:inst8|inst94'
                Info: 4: + IC(0.532 ns) + CELL(0.618 ns) = 4.223 ns; Loc. = LCFF_X22_Y19_N21; Fanout = 3; REG Node = 'cash:inst8|inst50'
                Info: Total cell delay = 1.836 ns ( 43.48 % )
                Info: Total interconnect delay = 2.387 ns ( 56.52 % )
            Info: - Longest clock path from clock "address[4]" to source register is 4.223 ns
                Info: 1: + IC(0.000 ns) + CELL(0.799 ns) = 0.799 ns; Loc. = PIN_D13; Fanout = 11; CLK Node = 'address[4]'
                Info: 2: + IC(1.208 ns) + CELL(0.053 ns) = 2.060 ns; Loc. = LCCOMB_X21_Y19_N12; Fanout = 44; COMB Node = 'cash:inst8|lpm_decode0:inst12|lpm_decode:lpm_decode_component|decode_5sf:auto_generated|w_anode1w[3]'
                Info: 3: + IC(0.647 ns) + CELL(0.366 ns) = 3.073 ns; Loc. = LCCOMB_X21_Y20_N2; Fanout = 2; COMB Node = 'cash:inst8|inst94'
                Info: 4: + IC(0.532 ns) + CELL(0.618 ns) = 4.223 ns; Loc. = LCFF_X22_Y19_N21; Fanout = 3; REG Node = 'cash:inst8|inst50'
                Info: Total cell delay = 1.836 ns ( 43.48 % )
                Info: Total interconnect delay = 2.387 ns ( 56.52 % )
        Info: + Micro clock to output delay of source is 0.094 ns
        Info: + Micro setup delay of destination is 0.090 ns
Info: Clock "address[3]" Internal fmax is restricted to 500.0 MHz between source register "cash:inst8|inst50" and destination register "cash:inst8|inst50"
    Info: fmax restricted to clock pin edge rate 2.0 ns. Expand message to see actual delay path.
        Info: + Longest register to register delay is 0.488 ns
            Info: 1: + IC(0.000 ns) + CELL(0.000 ns) = 0.000 ns; Loc. = LCFF_X22_Y19_N21; Fanout = 3; REG Node = 'cash:inst8|inst50'
            Info: 2: + IC(0.000 ns) + CELL(0.333 ns) = 0.333 ns; Loc. = LCCOMB_X22_Y19_N20; Fanout = 1; COMB Node = 'cash:inst8|inst50~0'
            Info: 3: + IC(0.000 ns) + CELL(0.155 ns) = 0.488 ns; Loc. = LCFF_X22_Y19_N21; Fanout = 3; REG Node = 'cash:inst8|inst50'
            Info: Total cell delay = 0.488 ns ( 100.00 % )
        Info: - Smallest clock skew is 0.000 ns
            Info: + Shortest clock path from clock "address[3]" to destination register is 4.590 ns
                Info: 1: + IC(0.000 ns) + CELL(0.800 ns) = 0.800 ns; Loc. = PIN_J6; Fanout = 11; CLK Node = 'address[3]'
                Info: 2: + IC(1.402 ns) + CELL(0.225 ns) = 2.427 ns; Loc. = LCCOMB_X21_Y19_N12; Fanout = 44; COMB Node = 'cash:inst8|lpm_decode0:inst12|lpm_decode:lpm_decode_component|decode_5sf:auto_generated|w_anode1w[3]'
                Info: 3: + IC(0.647 ns) + CELL(0.366 ns) = 3.440 ns; Loc. = LCCOMB_X21_Y20_N2; Fanout = 2; COMB Node = 'cash:inst8|inst94'
                Info: 4: + IC(0.532 ns) + CELL(0.618 ns) = 4.590 ns; Loc. = LCFF_X22_Y19_N21; Fanout = 3; REG Node = 'cash:inst8|inst50'
                Info: Total cell delay = 2.009 ns ( 43.77 % )
                Info: Total interconnect delay = 2.581 ns ( 56.23 % )
            Info: - Longest clock path from clock "address[3]" to source register is 4.590 ns
                Info: 1: + IC(0.000 ns) + CELL(0.800 ns) = 0.800 ns; Loc. = PIN_J6; Fanout = 11; CLK Node = 'address[3]'
                Info: 2: + IC(1.402 ns) + CELL(0.225 ns) = 2.427 ns; Loc. = LCCOMB_X21_Y19_N12; Fanout = 44; COMB Node = 'cash:inst8|lpm_decode0:inst12|lpm_decode:lpm_decode_component|decode_5sf:auto_generated|w_anode1w[3]'
                Info: 3: + IC(0.647 ns) + CELL(0.366 ns) = 3.440 ns; Loc. = LCCOMB_X21_Y20_N2; Fanout = 2; COMB Node = 'cash:inst8|inst94'
                Info: 4: + IC(0.532 ns) + CELL(0.618 ns) = 4.590 ns; Loc. = LCFF_X22_Y19_N21; Fanout = 3; REG Node = 'cash:inst8|inst50'
                Info: Total cell delay = 2.009 ns ( 43.77 % )
                Info: Total interconnect delay = 2.581 ns ( 56.23 % )
        Info: + Micro clock to output delay of source is 0.094 ns
        Info: + Micro setup delay of destination is 0.090 ns
Info: Clock "address[5]" Internal fmax is restricted to 500.0 MHz between source register "cash:inst8|inst50" and destination register "cash:inst8|inst50"
    Info: fmax restricted to clock pin edge rate 2.0 ns. Expand message to see actual delay path.
        Info: + Longest register to register delay is 0.488 ns
            Info: 1: + IC(0.000 ns) + CELL(0.000 ns) = 0.000 ns; Loc. = LCFF_X22_Y19_N21; Fanout = 3; REG Node = 'cash:inst8|inst50'
            Info: 2: + IC(0.000 ns) + CELL(0.333 ns) = 0.333 ns; Loc. = LCCOMB_X22_Y19_N20; Fanout = 1; COMB Node = 'cash:inst8|inst50~0'
            Info: 3: + IC(0.000 ns) + CELL(0.155 ns) = 0.488 ns; Loc. = LCFF_X22_Y19_N21; Fanout = 3; REG Node = 'cash:inst8|inst50'
            Info: Total cell delay = 0.488 ns ( 100.00 % )
        Info: - Smallest clock skew is 0.000 ns
            Info: + Shortest clock path from clock "address[5]" to destination register is 4.405 ns
                Info: 1: + IC(0.000 ns) + CELL(0.809 ns) = 0.809 ns; Loc. = PIN_B12; Fanout = 11; CLK Node = 'address[5]'
                Info: 2: + IC(1.205 ns) + CELL(0.228 ns) = 2.242 ns; Loc. = LCCOMB_X21_Y19_N12; Fanout = 44; COMB Node = 'cash:inst8|lpm_decode0:inst12|lpm_decode:lpm_decode_component|decode_5sf:auto_generated|w_anode1w[3]'
                Info: 3: + IC(0.647 ns) + CELL(0.366 ns) = 3.255 ns; Loc. = LCCOMB_X21_Y20_N2; Fanout = 2; COMB Node = 'cash:inst8|inst94'
                Info: 4: + IC(0.532 ns) + CELL(0.618 ns) = 4.405 ns; Loc. = LCFF_X22_Y19_N21; Fanout = 3; REG Node = 'cash:inst8|inst50'
                Info: Total cell delay = 2.021 ns ( 45.88 % )
                Info: Total interconnect delay = 2.384 ns ( 54.12 % )
            Info: - Longest clock path from clock "address[5]" to source register is 4.405 ns
                Info: 1: + IC(0.000 ns) + CELL(0.809 ns) = 0.809 ns; Loc. = PIN_B12; Fanout = 11; CLK Node = 'address[5]'
                Info: 2: + IC(1.205 ns) + CELL(0.228 ns) = 2.242 ns; Loc. = LCCOMB_X21_Y19_N12; Fanout = 44; COMB Node = 'cash:inst8|lpm_decode0:inst12|lpm_decode:lpm_decode_component|decode_5sf:auto_generated|w_anode1w[3]'
                Info: 3: + IC(0.647 ns) + CELL(0.366 ns) = 3.255 ns; Loc. = LCCOMB_X21_Y20_N2; Fanout = 2; COMB Node = 'cash:inst8|inst94'
                Info: 4: + IC(0.532 ns) + CELL(0.618 ns) = 4.405 ns; Loc. = LCFF_X22_Y19_N21; Fanout = 3; REG Node = 'cash:inst8|inst50'
                Info: Total cell delay = 2.021 ns ( 45.88 % )
                Info: Total interconnect delay = 2.384 ns ( 54.12 % )
        Info: + Micro clock to output delay of source is 0.094 ns
        Info: + Micro setup delay of destination is 0.090 ns
Info: Clock "per_strob" Internal fmax is restricted to 500.0 MHz between source memory "lpm_ram_dq0:inst|altsyncram:altsyncram_component|altsyncram_56f1:auto_generated|ram_block1a4~porta_datain_reg0" and destination memory "lpm_ram_dq0:inst|altsyncram:altsyncram_component|altsyncram_56f1:auto_generated|ram_block1a4~porta_memory_reg0"
    Info: fmax restricted to clock pin edge rate 2.0 ns. Expand message to see actual delay path.
        Info: + Longest memory to memory delay is 1.623 ns
            Info: 1: + IC(0.000 ns) + CELL(0.000 ns) = 0.000 ns; Loc. = M4K_X20_Y17; Fanout = 1; MEM Node = 'lpm_ram_dq0:inst|altsyncram:altsyncram_component|altsyncram_56f1:auto_generated|ram_block1a4~porta_datain_reg0'
            Info: 2: + IC(0.000 ns) + CELL(1.623 ns) = 1.623 ns; Loc. = M4K_X20_Y17; Fanout = 0; MEM Node = 'lpm_ram_dq0:inst|altsyncram:altsyncram_component|altsyncram_56f1:auto_generated|ram_block1a4~porta_memory_reg0'
            Info: Total cell delay = 1.623 ns ( 100.00 % )
        Info: - Smallest clock skew is -0.009 ns
            Info: + Shortest clock path from clock "per_strob" to destination memory is 4.551 ns
                Info: 1: + IC(0.000 ns) + CELL(0.772 ns) = 0.772 ns; Loc. = PIN_A10; Fanout = 10; CLK Node = 'per_strob'
                Info: 2: + IC(1.098 ns) + CELL(0.357 ns) = 2.227 ns; Loc. = LCCOMB_X21_Y20_N8; Fanout = 1; COMB Node = 'inst9'
                Info: 3: + IC(1.207 ns) + CELL(0.000 ns) = 3.434 ns; Loc. = CLKCTRL_G12; Fanout = 38; COMB Node = 'inst9~clkctrl'
                Info: 4: + IC(0.645 ns) + CELL(0.472 ns) = 4.551 ns; Loc. = M4K_X20_Y17; Fanout = 0; MEM Node = 'lpm_ram_dq0:inst|altsyncram:altsyncram_component|altsyncram_56f1:auto_generated|ram_block1a4~porta_memory_reg0'
                Info: Total cell delay = 1.601 ns ( 35.18 % )
                Info: Total interconnect delay = 2.950 ns ( 64.82 % )
            Info: - Longest clock path from clock "per_strob" to source memory is 4.560 ns
                Info: 1: + IC(0.000 ns) + CELL(0.772 ns) = 0.772 ns; Loc. = PIN_A10; Fanout = 10; CLK Node = 'per_strob'
                Info: 2: + IC(1.098 ns) + CELL(0.357 ns) = 2.227 ns; Loc. = LCCOMB_X21_Y20_N8; Fanout = 1; COMB Node = 'inst9'
                Info: 3: + IC(1.207 ns) + CELL(0.000 ns) = 3.434 ns; Loc. = CLKCTRL_G12; Fanout = 38; COMB Node = 'inst9~clkctrl'
                Info: 4: + IC(0.645 ns) + CELL(0.481 ns) = 4.560 ns; Loc. = M4K_X20_Y17; Fanout = 1; MEM Node = 'lpm_ram_dq0:inst|altsyncram:altsyncram_component|altsyncram_56f1:auto_generated|ram_block1a4~porta_datain_reg0'
                Info: Total cell delay = 1.610 ns ( 35.31 % )
                Info: Total interconnect delay = 2.950 ns ( 64.69 % )
        Info: + Micro clock to output delay of source is 0.136 ns
        Info: + Micro setup delay of destination is 0.022 ns
Warning: Circuit may not operate. Detected 201 non-operational path(s) clocked by clock "clk" with clock skew larger than data delay. See Compilation Report for details.
Info: Found hold time violation between source  pin or register "cash:inst8|lpm_dff0:inst73|lpm_ff:lpm_ff_component|dffs[0]" and destination pin or register "lpm_ram_dq0:inst|altsyncram:altsyncram_component|altsyncram_56f1:auto_generated|ram_block1a0~porta_datain_reg0" for clock "clk" (Hold time is 3.991 ns)
    Info: + Largest clock skew is 5.102 ns
        Info: + Longest clock path from clock "clk" to destination memory is 7.574 ns
            Info: 1: + IC(0.000 ns) + CELL(0.854 ns) = 0.854 ns; Loc. = PIN_N20; Fanout = 15; CLK Node = 'clk'
            Info: 2: + IC(1.879 ns) + CELL(0.712 ns) = 3.445 ns; Loc. = LCFF_X22_Y20_N9; Fanout = 1; REG Node = 'cash:inst8|lpm_dff1:inst14|lpm_ff:lpm_ff_component|dffs[2]'
            Info: 3: + IC(0.277 ns) + CELL(0.378 ns) = 4.100 ns; Loc. = LCCOMB_X22_Y20_N6; Fanout = 29; COMB Node = 'cash:inst8|lpm_compare0:inst19|lpm_compare:lpm_compare_component|cmpr_cig:auto_generated|aneb_result_wire[0]~0'
            Info: 4: + IC(0.865 ns) + CELL(0.272 ns) = 5.237 ns; Loc. = LCCOMB_X21_Y20_N8; Fanout = 1; COMB Node = 'inst9'
            Info: 5: + IC(1.207 ns) + CELL(0.000 ns) = 6.444 ns; Loc. = CLKCTRL_G12; Fanout = 38; COMB Node = 'inst9~clkctrl'
            Info: 6: + IC(0.649 ns) + CELL(0.481 ns) = 7.574 ns; Loc. = M4K_X20_Y16; Fanout = 1; MEM Node = 'lpm_ram_dq0:inst|altsyncram:altsyncram_component|altsyncram_56f1:auto_generated|ram_block1a0~porta_datain_reg0'
            Info: Total cell delay = 2.697 ns ( 35.61 % )
            Info: Total interconnect delay = 4.877 ns ( 64.39 % )
        Info: - Shortest clock path from clock "clk" to source register is 2.472 ns
            Info: 1: + IC(0.000 ns) + CELL(0.854 ns) = 0.854 ns; Loc. = PIN_N20; Fanout = 15; CLK Node = 'clk'
            Info: 2: + IC(0.343 ns) + CELL(0.000 ns) = 1.197 ns; Loc. = CLKCTRL_G3; Fanout = 129; COMB Node = 'clk~clkctrl'
            Info: 3: + IC(0.657 ns) + CELL(0.618 ns) = 2.472 ns; Loc. = LCFF_X21_Y16_N9; Fanout = 2; REG Node = 'cash:inst8|lpm_dff0:inst73|lpm_ff:lpm_ff_component|dffs[0]'
            Info: Total cell delay = 1.472 ns ( 59.55 % )
            Info: Total interconnect delay = 1.000 ns ( 40.45 % )
    Info: - Micro clock to output delay of source is 0.094 ns
    Info: - Shortest register to memory delay is 1.220 ns
        Info: 1: + IC(0.000 ns) + CELL(0.000 ns) = 0.000 ns; Loc. = LCFF_X21_Y16_N9; Fanout = 2; REG Node = 'cash:inst8|lpm_dff0:inst73|lpm_ff:lpm_ff_component|dffs[0]'
        Info: 2: + IC(0.000 ns) + CELL(0.241 ns) = 0.241 ns; Loc. = LCCOMB_X21_Y16_N8; Fanout = 3; COMB Node = 'cash:inst8|lpm_bustri0:inst27|lpm_bustri:lpm_bustri_component|dout[0]~43'
        Info: 3: + IC(0.312 ns) + CELL(0.053 ns) = 0.606 ns; Loc. = LCCOMB_X21_Y16_N30; Fanout = 1; COMB Node = 'lpm_bustri0:inst5|lpm_bustri:lpm_bustri_component|dout[0]~16'
        Info: 4: + IC(0.518 ns) + CELL(0.096 ns) = 1.220 ns; Loc. = M4K_X20_Y16; Fanout = 1; MEM Node = 'lpm_ram_dq0:inst|altsyncram:altsyncram_component|altsyncram_56f1:auto_generated|ram_block1a0~porta_datain_reg0'
        Info: Total cell delay = 0.390 ns ( 31.97 % )
        Info: Total interconnect delay = 0.830 ns ( 68.03 % )
    Info: + Micro hold delay of destination is 0.203 ns
Info: tsu for register "cash:inst8|lpm_dff0:inst25|lpm_ff:lpm_ff_component|dffs[5]" (data pin = "address[5]", clock pin = "clk") is 7.569 ns
    Info: + Longest pin to register delay is 9.962 ns
        Info: 1: + IC(0.000 ns) + CELL(0.809 ns) = 0.809 ns; Loc. = PIN_B12; Fanout = 11; CLK Node = 'address[5]'
        Info: 2: + IC(5.039 ns) + CELL(0.378 ns) = 6.226 ns; Loc. = LCCOMB_X25_Y16_N10; Fanout = 17; COMB Node = 'cash:inst8|gdfx_temp2[2]~2'
        Info: 3: + IC(0.356 ns) + CELL(0.272 ns) = 6.854 ns; Loc. = LCCOMB_X25_Y16_N22; Fanout = 1; COMB Node = 'cash:inst8|lpm_bustri0:inst27|lpm_bustri:lpm_bustri_component|dout[5]~17'
        Info: 4: + IC(0.789 ns) + CELL(0.272 ns) = 7.915 ns; Loc. = LCCOMB_X23_Y15_N8; Fanout = 3; COMB Node = 'cash:inst8|lpm_bustri0:inst27|lpm_bustri:lpm_bustri_component|dout[5]~18'
        Info: 5: + IC(0.628 ns) + CELL(0.053 ns) = 8.596 ns; Loc. = LCCOMB_X22_Y18_N22; Fanout = 17; COMB Node = 'cash:inst8|lpm_bustri0:inst296|lpm_bustri:lpm_bustri_component|dout[5]~14'
        Info: 6: + IC(1.057 ns) + CELL(0.309 ns) = 9.962 ns; Loc. = LCFF_X25_Y15_N21; Fanout = 2; REG Node = 'cash:inst8|lpm_dff0:inst25|lpm_ff:lpm_ff_component|dffs[5]'
        Info: Total cell delay = 2.093 ns ( 21.01 % )
        Info: Total interconnect delay = 7.869 ns ( 78.99 % )
    Info: + Micro setup delay of destination is 0.090 ns
    Info: - Shortest clock path from clock "clk" to destination register is 2.483 ns
        Info: 1: + IC(0.000 ns) + CELL(0.854 ns) = 0.854 ns; Loc. = PIN_N20; Fanout = 15; CLK Node = 'clk'
        Info: 2: + IC(0.343 ns) + CELL(0.000 ns) = 1.197 ns; Loc. = CLKCTRL_G3; Fanout = 129; COMB Node = 'clk~clkctrl'
        Info: 3: + IC(0.668 ns) + CELL(0.618 ns) = 2.483 ns; Loc. = LCFF_X25_Y15_N21; Fanout = 2; REG Node = 'cash:inst8|lpm_dff0:inst25|lpm_ff:lpm_ff_component|dffs[5]'
        Info: Total cell delay = 1.472 ns ( 59.28 % )
        Info: Total interconnect delay = 1.011 ns ( 40.72 % )
Info: tco from clock "clk" to destination pin "data_o[3]" through register "cash:inst8|lpm_counter0:inst39|lpm_counter:lpm_counter_component|cntr_sej:auto_generated|safe_q[1]" is 16.762 ns
    Info: + Longest clock path from clock "clk" to source register is 8.449 ns
        Info: 1: + IC(0.000 ns) + CELL(0.854 ns) = 0.854 ns; Loc. = PIN_N20; Fanout = 15; CLK Node = 'clk'
        Info: 2: + IC(1.870 ns) + CELL(0.712 ns) = 3.436 ns; Loc. = LCFF_X21_Y20_N13; Fanout = 1; REG Node = 'cash:inst8|lpm_dff1:inst63|lpm_ff:lpm_ff_component|dffs[4]'
        Info: 3: + IC(0.263 ns) + CELL(0.378 ns) = 4.077 ns; Loc. = LCCOMB_X21_Y20_N28; Fanout = 23; COMB Node = 'cash:inst8|lpm_compare0:inst36|lpm_compare:lpm_compare_component|cmpr_cig:auto_generated|aneb_result_wire[0]~0'
        Info: 4: + IC(0.362 ns) + CELL(0.228 ns) = 4.667 ns; Loc. = LCCOMB_X22_Y20_N2; Fanout = 40; COMB Node = 'cash:inst8|inst51'
        Info: 5: + IC(0.331 ns) + CELL(0.225 ns) = 5.223 ns; Loc. = LCCOMB_X21_Y20_N16; Fanout = 1; COMB Node = 'cash:inst8|inst114'
        Info: 6: + IC(1.947 ns) + CELL(0.000 ns) = 7.170 ns; Loc. = CLKCTRL_G1; Fanout = 4; COMB Node = 'cash:inst8|inst114~clkctrl'
        Info: 7: + IC(0.661 ns) + CELL(0.618 ns) = 8.449 ns; Loc. = LCFF_X21_Y15_N19; Fanout = 23; REG Node = 'cash:inst8|lpm_counter0:inst39|lpm_counter:lpm_counter_component|cntr_sej:auto_generated|safe_q[1]'
        Info: Total cell delay = 3.015 ns ( 35.68 % )
        Info: Total interconnect delay = 5.434 ns ( 64.32 % )
    Info: + Micro clock to output delay of source is 0.094 ns
    Info: + Longest register to pin delay is 8.219 ns
        Info: 1: + IC(0.000 ns) + CELL(0.000 ns) = 0.000 ns; Loc. = LCFF_X21_Y15_N19; Fanout = 23; REG Node = 'cash:inst8|lpm_counter0:inst39|lpm_counter:lpm_counter_component|cntr_sej:auto_generated|safe_q[1]'
        Info: 2: + IC(0.556 ns) + CELL(0.154 ns) = 0.710 ns; Loc. = LCCOMB_X25_Y15_N30; Fanout = 24; COMB Node = 'cash:inst8|gdfx_temp2[1]~0'
        Info: 3: + IC(0.377 ns) + CELL(0.272 ns) = 1.359 ns; Loc. = LCCOMB_X25_Y15_N10; Fanout = 1; COMB Node = 'cash:inst8|lpm_bustri0:inst27|lpm_bustri:lpm_bustri_component|dout[3]~51'
        Info: 4: + IC(0.242 ns) + CELL(0.272 ns) = 1.873 ns; Loc. = LCCOMB_X25_Y15_N16; Fanout = 1; COMB Node = 'cash:inst8|lpm_bustri0:inst27|lpm_bustri:lpm_bustri_component|dout[3]~77'
        Info: 5: + IC(0.820 ns) + CELL(0.272 ns) = 2.965 ns; Loc. = LCCOMB_X22_Y17_N28; Fanout = 3; COMB Node = 'cash:inst8|lpm_bustri0:inst27|lpm_bustri:lpm_bustri_component|dout[3]~28'
        Info: 6: + IC(0.717 ns) + CELL(0.346 ns) = 4.028 ns; Loc. = LCCOMB_X21_Y17_N10; Fanout = 1; COMB Node = 'cash:inst8|lpm_bustri0:inst27|lpm_bustri:lpm_bustri_component|dout[3]~31'
        Info: 7: + IC(2.067 ns) + CELL(2.124 ns) = 8.219 ns; Loc. = PIN_G18; Fanout = 0; PIN Node = 'data_o[3]'
        Info: Total cell delay = 3.440 ns ( 41.85 % )
        Info: Total interconnect delay = 4.779 ns ( 58.15 % )
Info: Longest tpd from source pin "address[3]" to destination pin "data_o[3]" is 13.354 ns
    Info: 1: + IC(0.000 ns) + CELL(0.800 ns) = 0.800 ns; Loc. = PIN_J6; Fanout = 11; CLK Node = 'address[3]'
    Info: 2: + IC(4.667 ns) + CELL(0.378 ns) = 5.845 ns; Loc. = LCCOMB_X25_Y15_N30; Fanout = 24; COMB Node = 'cash:inst8|gdfx_temp2[1]~0'
    Info: 3: + IC(0.377 ns) + CELL(0.272 ns) = 6.494 ns; Loc. = LCCOMB_X25_Y15_N10; Fanout = 1; COMB Node = 'cash:inst8|lpm_bustri0:inst27|lpm_bustri:lpm_bustri_component|dout[3]~51'
    Info: 4: + IC(0.242 ns) + CELL(0.272 ns) = 7.008 ns; Loc. = LCCOMB_X25_Y15_N16; Fanout = 1; COMB Node = 'cash:inst8|lpm_bustri0:inst27|lpm_bustri:lpm_bustri_component|dout[3]~77'
    Info: 5: + IC(0.820 ns) + CELL(0.272 ns) = 8.100 ns; Loc. = LCCOMB_X22_Y17_N28; Fanout = 3; COMB Node = 'cash:inst8|lpm_bustri0:inst27|lpm_bustri:lpm_bustri_component|dout[3]~28'
    Info: 6: + IC(0.717 ns) + CELL(0.346 ns) = 9.163 ns; Loc. = LCCOMB_X21_Y17_N10; Fanout = 1; COMB Node = 'cash:inst8|lpm_bustri0:inst27|lpm_bustri:lpm_bustri_component|dout[3]~31'
    Info: 7: + IC(2.067 ns) + CELL(2.124 ns) = 13.354 ns; Loc. = PIN_G18; Fanout = 0; PIN Node = 'data_o[3]'
    Info: Total cell delay = 4.464 ns ( 33.43 % )
    Info: Total interconnect delay = 8.890 ns ( 66.57 % )
Info: th for memory "lpm_ram_dq0:inst|altsyncram:altsyncram_component|altsyncram_56f1:auto_generated|ram_block1a4~porta_address_reg5" (data pin = "address[6]", clock pin = "clk") is 4.359 ns
    Info: + Longest clock path from clock "clk" to destination memory is 7.570 ns
        Info: 1: + IC(0.000 ns) + CELL(0.854 ns) = 0.854 ns; Loc. = PIN_N20; Fanout = 15; CLK Node = 'clk'
        Info: 2: + IC(1.879 ns) + CELL(0.712 ns) = 3.445 ns; Loc. = LCFF_X22_Y20_N9; Fanout = 1; REG Node = 'cash:inst8|lpm_dff1:inst14|lpm_ff:lpm_ff_component|dffs[2]'
        Info: 3: + IC(0.277 ns) + CELL(0.378 ns) = 4.100 ns; Loc. = LCCOMB_X22_Y20_N6; Fanout = 29; COMB Node = 'cash:inst8|lpm_compare0:inst19|lpm_compare:lpm_compare_component|cmpr_cig:auto_generated|aneb_result_wire[0]~0'
        Info: 4: + IC(0.865 ns) + CELL(0.272 ns) = 5.237 ns; Loc. = LCCOMB_X21_Y20_N8; Fanout = 1; COMB Node = 'inst9'
        Info: 5: + IC(1.207 ns) + CELL(0.000 ns) = 6.444 ns; Loc. = CLKCTRL_G12; Fanout = 38; COMB Node = 'inst9~clkctrl'
        Info: 6: + IC(0.645 ns) + CELL(0.481 ns) = 7.570 ns; Loc. = M4K_X20_Y17; Fanout = 4; MEM Node = 'lpm_ram_dq0:inst|altsyncram:altsyncram_component|altsyncram_56f1:auto_generated|ram_block1a4~porta_address_reg5'
        Info: Total cell delay = 2.697 ns ( 35.63 % )
        Info: Total interconnect delay = 4.873 ns ( 64.37 % )
    Info: + Micro hold delay of destination is 0.203 ns
    Info: - Shortest pin to memory delay is 3.414 ns
        Info: 1: + IC(0.000 ns) + CELL(0.809 ns) = 0.809 ns; Loc. = PIN_B11; Fanout = 7; CLK Node = 'address[6]'
        Info: 2: + IC(1.081 ns) + CELL(0.154 ns) = 2.044 ns; Loc. = LCCOMB_X22_Y20_N24; Fanout = 28; COMB Node = 'cash:inst8|lpm_compare0:inst19|lpm_compare:lpm_compare_component|cmpr_cig:auto_generated|data_wire[0]~0'
        Info: 3: + IC(0.641 ns) + CELL(0.053 ns) = 2.738 ns; Loc. = LCCOMB_X21_Y19_N18; Fanout = 2; COMB Node = 'gdfx_temp1[5]~5'
        Info: 4: + IC(0.573 ns) + CELL(0.103 ns) = 3.414 ns; Loc. = M4K_X20_Y17; Fanout = 4; MEM Node = 'lpm_ram_dq0:inst|altsyncram:altsyncram_component|altsyncram_56f1:auto_generated|ram_block1a4~porta_address_reg5'
        Info: Total cell delay = 1.119 ns ( 32.78 % )
        Info: Total interconnect delay = 2.295 ns ( 67.22 % )
Info: Quartus II Classic Timing Analyzer was successful. 0 errors, 3 warnings
    Info: Peak virtual memory: 193 megabytes
    Info: Processing ended: Thu Apr 30 17:00:51 2026
    Info: Elapsed time: 00:00:00
    Info: Total CPU time (on all processors): 00:00:01


