Simulator report for kursach
Fri May 01 18:51:13 2026
Quartus II Version 9.1 Build 222 10/21/2009 SJ Web Edition


---------------------
; Table of Contents ;
---------------------
  1. Legal Notice
  2. Simulator Summary
  3. Simulator Settings
  4. Simulation Waveforms
  5. |kursach|lpm_ram_dq0:inst|altsyncram:altsyncram_component|altsyncram_56f1:auto_generated|ALTSYNCRAM
  6. Coverage Summary
  7. Complete 1/0-Value Coverage
  8. Missing 1-Value Coverage
  9. Missing 0-Value Coverage
 10. Simulator INI Usage
 11. Simulator Messages



----------------
; Legal Notice ;
----------------
Copyright (C) 1991-2009 Altera Corporation
Your use of Altera Corporation's design tools, logic functions 
and other software and tools, and its AMPP partner logic 
functions, and any output files from any of the foregoing 
(including device programming or simulation files), and any 
associated documentation or information are expressly subject 
to the terms and conditions of the Altera Program License 
Subscription Agreement, Altera MegaCore Function License 
Agreement, or other applicable license agreement, including, 
without limitation, that your use is for the sole purpose of 
programming logic devices manufactured by Altera and sold by 
Altera or its authorized distributors.  Please refer to the 
applicable agreement for further details.



+--------------------------------------------+
; Simulator Summary                          ;
+-----------------------------+--------------+
; Type                        ; Value        ;
+-----------------------------+--------------+
; Simulation Start Time       ; 0 ps         ;
; Simulation End Time         ; 20.0 us      ;
; Simulation Netlist Size     ; 895 nodes    ;
; Simulation Coverage         ;      43.60 % ;
; Total Number of Transitions ; 9170         ;
; Simulation Breakpoints      ; 0            ;
; Family                      ; Stratix II   ;
+-----------------------------+--------------+


+-------------------------------------------------------------------------------------------------------------------------+
; Simulator Settings                                                                                                      ;
+--------------------------------------------------------------------------------------------+------------+---------------+
; Option                                                                                     ; Setting    ; Default Value ;
+--------------------------------------------------------------------------------------------+------------+---------------+
; Simulation mode                                                                            ; Functional ; Timing        ;
; Start time                                                                                 ; 0 ns       ; 0 ns          ;
; Simulation results format                                                                  ; CVWF       ;               ;
; Add pins automatically to simulation output waveforms                                      ; On         ; On            ;
; Check outputs                                                                              ; Off        ; Off           ;
; Report simulation coverage                                                                 ; On         ; On            ;
; Display complete 1/0 value coverage report                                                 ; On         ; On            ;
; Display missing 1-value coverage report                                                    ; On         ; On            ;
; Display missing 0-value coverage report                                                    ; On         ; On            ;
; Detect setup and hold time violations                                                      ; Off        ; Off           ;
; Detect glitches                                                                            ; Off        ; Off           ;
; Disable timing delays in Timing Simulation                                                 ; Off        ; Off           ;
; Generate Signal Activity File                                                              ; Off        ; Off           ;
; Generate VCD File for PowerPlay Power Analyzer                                             ; Off        ; Off           ;
; Group bus channels in simulation results                                                   ; Off        ; Off           ;
; Preserve fewer signal transitions to reduce memory requirements                            ; On         ; On            ;
; Trigger vector comparison with the specified mode                                          ; INPUT_EDGE ; INPUT_EDGE    ;
; Disable setup and hold time violations detection in input registers of bi-directional pins ; Off        ; Off           ;
; Overwrite Waveform Inputs With Simulation Outputs                                          ; Off        ;               ;
; Perform Glitch Filtering in Timing Simulation                                              ; Auto       ; Auto          ;
+--------------------------------------------------------------------------------------------+------------+---------------+


+----------------------+
; Simulation Waveforms ;
+----------------------+
Waveform report data cannot be output to ASCII.
Please use Quartus II to view the waveform report data.


+-----------------------------------------------------------------------------------------------------+
; |kursach|lpm_ram_dq0:inst|altsyncram:altsyncram_component|altsyncram_56f1:auto_generated|ALTSYNCRAM ;
+-----------------------------------------------------------------------------------------------------+
Please refer to fitter text-based report (*.fit.rpt) to view logical memory report content in ASCII.


+--------------------------------------------------------------------+
; Coverage Summary                                                   ;
+-----------------------------------------------------+--------------+
; Type                                                ; Value        ;
+-----------------------------------------------------+--------------+
; Total coverage as a percentage                      ;      43.60 % ;
; Total nodes checked                                 ; 895          ;
; Total output ports checked                          ; 899          ;
; Total output ports with complete 1/0-value coverage ; 392          ;
; Total output ports with no 1/0-value coverage       ; 298          ;
; Total output ports with no 1-value coverage         ; 394          ;
; Total output ports with no 0-value coverage         ; 411          ;
+-----------------------------------------------------+--------------+


The following table displays output ports that toggle between 1 and 0 during simulation.
+------------------------------------------------------------------------------------------------------------------------------------------------------------------------------------------------------------------------------------------------------------------------------------------------+
; Complete 1/0-Value Coverage                                                                                                                                                                                                                                                                    ;
+--------------------------------------------------------------------------------------------------------------------------------------+--------------------------------------------------------------------------------------------------------------------------------------+------------------+
; Node Name                                                                                                                            ; Output Port Name                                                                                                                     ; Output Port Type ;
+--------------------------------------------------------------------------------------------------------------------------------------+--------------------------------------------------------------------------------------------------------------------------------------+------------------+
; |kursach|cout0                                                                                                                       ; |kursach|cout0                                                                                                                       ; pin_out          ;
; |kursach|write-read                                                                                                                  ; |kursach|write-read                                                                                                                  ; out              ;
; |kursach|clk                                                                                                                         ; |kursach|clk                                                                                                                         ; out              ;
; |kursach|address[7]                                                                                                                  ; |kursach|address[7]                                                                                                                  ; out              ;
; |kursach|address[6]                                                                                                                  ; |kursach|address[6]                                                                                                                  ; out              ;
; |kursach|address[2]                                                                                                                  ; |kursach|address[2]                                                                                                                  ; out              ;
; |kursach|address[1]                                                                                                                  ; |kursach|address[1]                                                                                                                  ; out              ;
; |kursach|address[0]                                                                                                                  ; |kursach|address[0]                                                                                                                  ; out              ;
; |kursach|inst11                                                                                                                      ; |kursach|inst11                                                                                                                      ; out0             ;
; |kursach|inst9                                                                                                                       ; |kursach|inst9                                                                                                                       ; out0             ;
; |kursach|inst7                                                                                                                       ; |kursach|inst7                                                                                                                       ; out0             ;
; |kursach|gdfx_temp1[7]                                                                                                               ; |kursach|gdfx_temp1[7]                                                                                                               ; out0             ;
; |kursach|gdfx_temp1[6]                                                                                                               ; |kursach|gdfx_temp1[6]                                                                                                               ; out0             ;
; |kursach|gdfx_temp1[2]                                                                                                               ; |kursach|gdfx_temp1[2]                                                                                                               ; out0             ;
; |kursach|gdfx_temp1[1]                                                                                                               ; |kursach|gdfx_temp1[1]                                                                                                               ; out0             ;
; |kursach|gdfx_temp1[0]                                                                                                               ; |kursach|gdfx_temp1[0]                                                                                                               ; out0             ;
; |kursach|address_o[7]                                                                                                                ; |kursach|address_o[7]                                                                                                                ; pin_out          ;
; |kursach|address_o[6]                                                                                                                ; |kursach|address_o[6]                                                                                                                ; pin_out          ;
; |kursach|address_o[2]                                                                                                                ; |kursach|address_o[2]                                                                                                                ; pin_out          ;
; |kursach|address_o[1]                                                                                                                ; |kursach|address_o[1]                                                                                                                ; pin_out          ;
; |kursach|address_o[0]                                                                                                                ; |kursach|address_o[0]                                                                                                                ; pin_out          ;
; |kursach|gdfx_temp0[7]                                                                                                               ; |kursach|gdfx_temp0[7]                                                                                                               ; out0             ;
; |kursach|gdfx_temp0[6]                                                                                                               ; |kursach|gdfx_temp0[6]                                                                                                               ; out0             ;
; |kursach|gdfx_temp0[5]                                                                                                               ; |kursach|gdfx_temp0[5]                                                                                                               ; out0             ;
; |kursach|gdfx_temp0[4]                                                                                                               ; |kursach|gdfx_temp0[4]                                                                                                               ; out0             ;
; |kursach|gdfx_temp0[3]                                                                                                               ; |kursach|gdfx_temp0[3]                                                                                                               ; out0             ;
; |kursach|gdfx_temp0[2]                                                                                                               ; |kursach|gdfx_temp0[2]                                                                                                               ; out0             ;
; |kursach|gdfx_temp0[1]                                                                                                               ; |kursach|gdfx_temp0[1]                                                                                                               ; out0             ;
; |kursach|gdfx_temp0[0]                                                                                                               ; |kursach|gdfx_temp0[0]                                                                                                               ; out0             ;
; |kursach|data_o[7]                                                                                                                   ; |kursach|data_o[7]                                                                                                                   ; pin_out          ;
; |kursach|data_o[6]                                                                                                                   ; |kursach|data_o[6]                                                                                                                   ; pin_out          ;
; |kursach|data_o[5]                                                                                                                   ; |kursach|data_o[5]                                                                                                                   ; pin_out          ;
; |kursach|data_o[4]                                                                                                                   ; |kursach|data_o[4]                                                                                                                   ; pin_out          ;
; |kursach|data_o[3]                                                                                                                   ; |kursach|data_o[3]                                                                                                                   ; pin_out          ;
; |kursach|data_o[2]                                                                                                                   ; |kursach|data_o[2]                                                                                                                   ; pin_out          ;
; |kursach|data_o[1]                                                                                                                   ; |kursach|data_o[1]                                                                                                                   ; pin_out          ;
; |kursach|data_o[0]                                                                                                                   ; |kursach|data_o[0]                                                                                                                   ; pin_out          ;
; |kursach|write[7]                                                                                                                    ; |kursach|write[7]                                                                                                                    ; out              ;
; |kursach|write[5]                                                                                                                    ; |kursach|write[5]                                                                                                                    ; out              ;
; |kursach|write[4]                                                                                                                    ; |kursach|write[4]                                                                                                                    ; out              ;
; |kursach|write[0]                                                                                                                    ; |kursach|write[0]                                                                                                                    ; out              ;
; |kursach|t0                                                                                                                          ; |kursach|t0                                                                                                                          ; pin_out          ;
; |kursach|hit                                                                                                                         ; |kursach|hit                                                                                                                         ; pin_out          ;
; |kursach|t01                                                                                                                         ; |kursach|t01                                                                                                                         ; pin_out          ;
; |kursach|ad[7]                                                                                                                       ; |kursach|ad[7]                                                                                                                       ; pin_out          ;
; |kursach|ad[6]                                                                                                                       ; |kursach|ad[6]                                                                                                                       ; pin_out          ;
; |kursach|ad[2]                                                                                                                       ; |kursach|ad[2]                                                                                                                       ; pin_out          ;
; |kursach|ad[1]                                                                                                                       ; |kursach|ad[1]                                                                                                                       ; pin_out          ;
; |kursach|ad[0]                                                                                                                       ; |kursach|ad[0]                                                                                                                       ; pin_out          ;
; |kursach|data[7]                                                                                                                     ; |kursach|data[7]                                                                                                                     ; pin_out          ;
; |kursach|data[6]                                                                                                                     ; |kursach|data[6]                                                                                                                     ; pin_out          ;
; |kursach|data[5]                                                                                                                     ; |kursach|data[5]                                                                                                                     ; pin_out          ;
; |kursach|data[4]                                                                                                                     ; |kursach|data[4]                                                                                                                     ; pin_out          ;
; |kursach|data[3]                                                                                                                     ; |kursach|data[3]                                                                                                                     ; pin_out          ;
; |kursach|data[2]                                                                                                                     ; |kursach|data[2]                                                                                                                     ; pin_out          ;
; |kursach|data[1]                                                                                                                     ; |kursach|data[1]                                                                                                                     ; pin_out          ;
; |kursach|data[0]                                                                                                                     ; |kursach|data[0]                                                                                                                     ; pin_out          ;
; |kursach|dff0[6]                                                                                                                     ; |kursach|dff0[6]                                                                                                                     ; pin_out          ;
; |kursach|dff0[5]                                                                                                                     ; |kursach|dff0[5]                                                                                                                     ; pin_out          ;
; |kursach|dff0[4]                                                                                                                     ; |kursach|dff0[4]                                                                                                                     ; pin_out          ;
; |kursach|dff0[3]                                                                                                                     ; |kursach|dff0[3]                                                                                                                     ; pin_out          ;
; |kursach|dff0[2]                                                                                                                     ; |kursach|dff0[2]                                                                                                                     ; pin_out          ;
; |kursach|dff0[1]                                                                                                                     ; |kursach|dff0[1]                                                                                                                     ; pin_out          ;
; |kursach|dff10[6]                                                                                                                    ; |kursach|dff10[6]                                                                                                                    ; pin_out          ;
; |kursach|dff11[6]                                                                                                                    ; |kursach|dff11[6]                                                                                                                    ; pin_out          ;
; |kursach|dff12[6]                                                                                                                    ; |kursach|dff12[6]                                                                                                                    ; pin_out          ;
; |kursach|dff13[6]                                                                                                                    ; |kursach|dff13[6]                                                                                                                    ; pin_out          ;
; |kursach|dff13[2]                                                                                                                    ; |kursach|dff13[2]                                                                                                                    ; pin_out          ;
; |kursach|dff14[6]                                                                                                                    ; |kursach|dff14[6]                                                                                                                    ; pin_out          ;
; |kursach|dff15[7]                                                                                                                    ; |kursach|dff15[7]                                                                                                                    ; pin_out          ;
; |kursach|dff15[6]                                                                                                                    ; |kursach|dff15[6]                                                                                                                    ; pin_out          ;
; |kursach|dff15[5]                                                                                                                    ; |kursach|dff15[5]                                                                                                                    ; pin_out          ;
; |kursach|dff15[4]                                                                                                                    ; |kursach|dff15[4]                                                                                                                    ; pin_out          ;
; |kursach|dff15[3]                                                                                                                    ; |kursach|dff15[3]                                                                                                                    ; pin_out          ;
; |kursach|dff15[2]                                                                                                                    ; |kursach|dff15[2]                                                                                                                    ; pin_out          ;
; |kursach|dff15[1]                                                                                                                    ; |kursach|dff15[1]                                                                                                                    ; pin_out          ;
; |kursach|dff15[0]                                                                                                                    ; |kursach|dff15[0]                                                                                                                    ; pin_out          ;
; |kursach|dff5[5]                                                                                                                     ; |kursach|dff5[5]                                                                                                                     ; pin_out          ;
; |kursach|dff5[4]                                                                                                                     ; |kursach|dff5[4]                                                                                                                     ; pin_out          ;
; |kursach|dff5[2]                                                                                                                     ; |kursach|dff5[2]                                                                                                                     ; pin_out          ;
; |kursach|dff7[6]                                                                                                                     ; |kursach|dff7[6]                                                                                                                     ; pin_out          ;
; |kursach|dff7[5]                                                                                                                     ; |kursach|dff7[5]                                                                                                                     ; pin_out          ;
; |kursach|dff7[4]                                                                                                                     ; |kursach|dff7[4]                                                                                                                     ; pin_out          ;
; |kursach|dff7[3]                                                                                                                     ; |kursach|dff7[3]                                                                                                                     ; pin_out          ;
; |kursach|dff7[0]                                                                                                                     ; |kursach|dff7[0]                                                                                                                     ; pin_out          ;
; |kursach|dff9[6]                                                                                                                     ; |kursach|dff9[6]                                                                                                                     ; pin_out          ;
; |kursach|lpm_bustri0:inst6|lpm_bustri:lpm_bustri_component|dout[7]                                                                   ; |kursach|lpm_bustri0:inst6|lpm_bustri:lpm_bustri_component|dout[7]                                                                   ; out              ;
; |kursach|lpm_bustri0:inst6|lpm_bustri:lpm_bustri_component|dout[6]                                                                   ; |kursach|lpm_bustri0:inst6|lpm_bustri:lpm_bustri_component|dout[6]                                                                   ; out              ;
; |kursach|lpm_bustri0:inst6|lpm_bustri:lpm_bustri_component|dout[5]                                                                   ; |kursach|lpm_bustri0:inst6|lpm_bustri:lpm_bustri_component|dout[5]                                                                   ; out              ;
; |kursach|lpm_bustri0:inst6|lpm_bustri:lpm_bustri_component|dout[4]                                                                   ; |kursach|lpm_bustri0:inst6|lpm_bustri:lpm_bustri_component|dout[4]                                                                   ; out              ;
; |kursach|lpm_bustri0:inst6|lpm_bustri:lpm_bustri_component|dout[3]                                                                   ; |kursach|lpm_bustri0:inst6|lpm_bustri:lpm_bustri_component|dout[3]                                                                   ; out              ;
; |kursach|lpm_bustri0:inst6|lpm_bustri:lpm_bustri_component|dout[2]                                                                   ; |kursach|lpm_bustri0:inst6|lpm_bustri:lpm_bustri_component|dout[2]                                                                   ; out              ;
; |kursach|lpm_bustri0:inst6|lpm_bustri:lpm_bustri_component|dout[1]                                                                   ; |kursach|lpm_bustri0:inst6|lpm_bustri:lpm_bustri_component|dout[1]                                                                   ; out              ;
; |kursach|lpm_bustri0:inst6|lpm_bustri:lpm_bustri_component|dout[0]                                                                   ; |kursach|lpm_bustri0:inst6|lpm_bustri:lpm_bustri_component|dout[0]                                                                   ; out              ;
; |kursach|lpm_bustri3:inst4|lpm_bustri:lpm_bustri_component|dout[7]                                                                   ; |kursach|lpm_bustri3:inst4|lpm_bustri:lpm_bustri_component|dout[7]                                                                   ; out              ;
; |kursach|lpm_bustri3:inst4|lpm_bustri:lpm_bustri_component|dout[6]                                                                   ; |kursach|lpm_bustri3:inst4|lpm_bustri:lpm_bustri_component|dout[6]                                                                   ; out              ;
; |kursach|lpm_bustri3:inst4|lpm_bustri:lpm_bustri_component|dout[2]                                                                   ; |kursach|lpm_bustri3:inst4|lpm_bustri:lpm_bustri_component|dout[2]                                                                   ; out              ;
; |kursach|lpm_bustri3:inst4|lpm_bustri:lpm_bustri_component|dout[1]                                                                   ; |kursach|lpm_bustri3:inst4|lpm_bustri:lpm_bustri_component|dout[1]                                                                   ; out              ;
; |kursach|lpm_bustri3:inst4|lpm_bustri:lpm_bustri_component|dout[0]                                                                   ; |kursach|lpm_bustri3:inst4|lpm_bustri:lpm_bustri_component|dout[0]                                                                   ; out              ;
; |kursach|arbitr:inst2|inst2                                                                                                          ; |kursach|arbitr:inst2|inst2                                                                                                          ; out0             ;
; |kursach|lpm_ram_dq0:inst|altsyncram:altsyncram_component|altsyncram_56f1:auto_generated|ram_block1a0                                ; |kursach|lpm_ram_dq0:inst|altsyncram:altsyncram_component|altsyncram_56f1:auto_generated|q_a[0]                                      ; portadataout0    ;
; |kursach|lpm_ram_dq0:inst|altsyncram:altsyncram_component|altsyncram_56f1:auto_generated|ram_block1a1                                ; |kursach|lpm_ram_dq0:inst|altsyncram:altsyncram_component|altsyncram_56f1:auto_generated|q_a[1]                                      ; portadataout0    ;
; |kursach|lpm_ram_dq0:inst|altsyncram:altsyncram_component|altsyncram_56f1:auto_generated|ram_block1a2                                ; |kursach|lpm_ram_dq0:inst|altsyncram:altsyncram_component|altsyncram_56f1:auto_generated|q_a[2]                                      ; portadataout0    ;
; |kursach|lpm_ram_dq0:inst|altsyncram:altsyncram_component|altsyncram_56f1:auto_generated|ram_block1a3                                ; |kursach|lpm_ram_dq0:inst|altsyncram:altsyncram_component|altsyncram_56f1:auto_generated|q_a[3]                                      ; portadataout0    ;
; |kursach|lpm_ram_dq0:inst|altsyncram:altsyncram_component|altsyncram_56f1:auto_generated|ram_block1a4                                ; |kursach|lpm_ram_dq0:inst|altsyncram:altsyncram_component|altsyncram_56f1:auto_generated|q_a[4]                                      ; portadataout0    ;
; |kursach|lpm_ram_dq0:inst|altsyncram:altsyncram_component|altsyncram_56f1:auto_generated|ram_block1a5                                ; |kursach|lpm_ram_dq0:inst|altsyncram:altsyncram_component|altsyncram_56f1:auto_generated|q_a[5]                                      ; portadataout0    ;
; |kursach|lpm_ram_dq0:inst|altsyncram:altsyncram_component|altsyncram_56f1:auto_generated|ram_block1a6                                ; |kursach|lpm_ram_dq0:inst|altsyncram:altsyncram_component|altsyncram_56f1:auto_generated|q_a[6]                                      ; portadataout0    ;
; |kursach|lpm_ram_dq0:inst|altsyncram:altsyncram_component|altsyncram_56f1:auto_generated|ram_block1a7                                ; |kursach|lpm_ram_dq0:inst|altsyncram:altsyncram_component|altsyncram_56f1:auto_generated|q_a[7]                                      ; portadataout0    ;
; |kursach|cash:inst8|inst51                                                                                                           ; |kursach|cash:inst8|inst51                                                                                                           ; out0             ;
; |kursach|cash:inst8|inst50                                                                                                           ; |kursach|cash:inst8|inst50                                                                                                           ; regout           ;
; |kursach|cash:inst8|inst50~0                                                                                                         ; |kursach|cash:inst8|inst50~0                                                                                                         ; out0             ;
; |kursach|cash:inst8|inst94                                                                                                           ; |kursach|cash:inst8|inst94                                                                                                           ; out0             ;
; |kursach|cash:inst8|inst419                                                                                                          ; |kursach|cash:inst8|inst419                                                                                                          ; regout           ;
; |kursach|cash:inst8|inst452                                                                                                          ; |kursach|cash:inst8|inst452                                                                                                          ; out0             ;
; |kursach|cash:inst8|inst456                                                                                                          ; |kursach|cash:inst8|inst456                                                                                                          ; out0             ;
; |kursach|cash:inst8|inst457                                                                                                          ; |kursach|cash:inst8|inst457                                                                                                          ; out0             ;
; |kursach|cash:inst8|inst455                                                                                                          ; |kursach|cash:inst8|inst455                                                                                                          ; regout           ;
; |kursach|cash:inst8|inst454                                                                                                          ; |kursach|cash:inst8|inst454                                                                                                          ; out0             ;
; |kursach|cash:inst8|inst114                                                                                                          ; |kursach|cash:inst8|inst114                                                                                                          ; out0             ;
; |kursach|cash:inst8|inst319                                                                                                          ; |kursach|cash:inst8|inst319                                                                                                          ; regout           ;
; |kursach|cash:inst8|inst52                                                                                                           ; |kursach|cash:inst8|inst52                                                                                                           ; out0             ;
; |kursach|cash:inst8|inst451                                                                                                          ; |kursach|cash:inst8|inst451                                                                                                          ; out0             ;
; |kursach|cash:inst8|gdfx_temp4[1]                                                                                                    ; |kursach|cash:inst8|gdfx_temp4[1]                                                                                                    ; out0             ;
; |kursach|cash:inst8|gdfx_temp4[0]                                                                                                    ; |kursach|cash:inst8|gdfx_temp4[0]                                                                                                    ; out0             ;
; |kursach|cash:inst8|inst416                                                                                                          ; |kursach|cash:inst8|inst416                                                                                                          ; regout           ;
; |kursach|cash:inst8|inst431                                                                                                          ; |kursach|cash:inst8|inst431                                                                                                          ; out0             ;
; |kursach|cash:inst8|inst440                                                                                                          ; |kursach|cash:inst8|inst440                                                                                                          ; out0             ;
; |kursach|cash:inst8|inst441                                                                                                          ; |kursach|cash:inst8|inst441                                                                                                          ; out0             ;
; |kursach|cash:inst8|inst434                                                                                                          ; |kursach|cash:inst8|inst434                                                                                                          ; regout           ;
; |kursach|cash:inst8|inst433                                                                                                          ; |kursach|cash:inst8|inst433                                                                                                          ; out0             ;
; |kursach|cash:inst8|inst318                                                                                                          ; |kursach|cash:inst8|inst318                                                                                                          ; regout           ;
; |kursach|cash:inst8|inst42                                                                                                           ; |kursach|cash:inst8|inst42                                                                                                           ; out0             ;
; |kursach|cash:inst8|inst430                                                                                                          ; |kursach|cash:inst8|inst430                                                                                                          ; out0             ;
; |kursach|cash:inst8|gdfx_temp1[2]                                                                                                    ; |kursach|cash:inst8|gdfx_temp1[2]                                                                                                    ; out0             ;
; |kursach|cash:inst8|gdfx_temp1[0]                                                                                                    ; |kursach|cash:inst8|gdfx_temp1[0]                                                                                                    ; out0             ;
; |kursach|cash:inst8|inst66                                                                                                           ; |kursach|cash:inst8|inst66                                                                                                           ; out0             ;
; |kursach|cash:inst8|inst126                                                                                                          ; |kursach|cash:inst8|inst126                                                                                                          ; out0             ;
; |kursach|cash:inst8|gdfx_temp0[7]                                                                                                    ; |kursach|cash:inst8|gdfx_temp0[7]                                                                                                    ; out0             ;
; |kursach|cash:inst8|gdfx_temp0[6]                                                                                                    ; |kursach|cash:inst8|gdfx_temp0[6]                                                                                                    ; out0             ;
; |kursach|cash:inst8|gdfx_temp0[2]                                                                                                    ; |kursach|cash:inst8|gdfx_temp0[2]                                                                                                    ; out0             ;
; |kursach|cash:inst8|gdfx_temp0[1]                                                                                                    ; |kursach|cash:inst8|gdfx_temp0[1]                                                                                                    ; out0             ;
; |kursach|cash:inst8|gdfx_temp0[0]                                                                                                    ; |kursach|cash:inst8|gdfx_temp0[0]                                                                                                    ; out0             ;
; |kursach|cash:inst8|ttt[2]                                                                                                           ; |kursach|cash:inst8|ttt[2]                                                                                                           ; out0             ;
; |kursach|cash:inst8|ttt[1]                                                                                                           ; |kursach|cash:inst8|ttt[1]                                                                                                           ; out0             ;
; |kursach|cash:inst8|data[7]                                                                                                          ; |kursach|cash:inst8|data[7]                                                                                                          ; out0             ;
; |kursach|cash:inst8|data[6]                                                                                                          ; |kursach|cash:inst8|data[6]                                                                                                          ; out0             ;
; |kursach|cash:inst8|data[5]                                                                                                          ; |kursach|cash:inst8|data[5]                                                                                                          ; out0             ;
; |kursach|cash:inst8|data[4]                                                                                                          ; |kursach|cash:inst8|data[4]                                                                                                          ; out0             ;
; |kursach|cash:inst8|data[3]                                                                                                          ; |kursach|cash:inst8|data[3]                                                                                                          ; out0             ;
; |kursach|cash:inst8|data[2]                                                                                                          ; |kursach|cash:inst8|data[2]                                                                                                          ; out0             ;
; |kursach|cash:inst8|data[1]                                                                                                          ; |kursach|cash:inst8|data[1]                                                                                                          ; out0             ;
; |kursach|cash:inst8|data[0]                                                                                                          ; |kursach|cash:inst8|data[0]                                                                                                          ; out0             ;
; |kursach|cash:inst8|inst368                                                                                                          ; |kursach|cash:inst8|inst368                                                                                                          ; out0             ;
; |kursach|cash:inst8|data_o[7]                                                                                                        ; |kursach|cash:inst8|data_o[7]                                                                                                        ; out0             ;
; |kursach|cash:inst8|data_o[6]                                                                                                        ; |kursach|cash:inst8|data_o[6]                                                                                                        ; out0             ;
; |kursach|cash:inst8|data_o[5]                                                                                                        ; |kursach|cash:inst8|data_o[5]                                                                                                        ; out0             ;
; |kursach|cash:inst8|data_o[4]                                                                                                        ; |kursach|cash:inst8|data_o[4]                                                                                                        ; out0             ;
; |kursach|cash:inst8|data_o[3]                                                                                                        ; |kursach|cash:inst8|data_o[3]                                                                                                        ; out0             ;
; |kursach|cash:inst8|data_o[2]                                                                                                        ; |kursach|cash:inst8|data_o[2]                                                                                                        ; out0             ;
; |kursach|cash:inst8|data_o[1]                                                                                                        ; |kursach|cash:inst8|data_o[1]                                                                                                        ; out0             ;
; |kursach|cash:inst8|data_o[0]                                                                                                        ; |kursach|cash:inst8|data_o[0]                                                                                                        ; out0             ;
; |kursach|cash:inst8|inst437                                                                                                          ; |kursach|cash:inst8|inst437                                                                                                          ; out0             ;
; |kursach|cash:inst8|inst131                                                                                                          ; |kursach|cash:inst8|inst131                                                                                                          ; out0             ;
; |kursach|cash:inst8|gdfx_temp3[2]                                                                                                    ; |kursach|cash:inst8|gdfx_temp3[2]                                                                                                    ; out0             ;
; |kursach|cash:inst8|gdfx_temp3[1]                                                                                                    ; |kursach|cash:inst8|gdfx_temp3[1]                                                                                                    ; out0             ;
; |kursach|cash:inst8|gdfx_temp3[0]                                                                                                    ; |kursach|cash:inst8|gdfx_temp3[0]                                                                                                    ; out0             ;
; |kursach|cash:inst8|inst128                                                                                                          ; |kursach|cash:inst8|inst128                                                                                                          ; out0             ;
; |kursach|cash:inst8|inst356                                                                                                          ; |kursach|cash:inst8|inst356                                                                                                          ; out0             ;
; |kursach|cash:inst8|inst438                                                                                                          ; |kursach|cash:inst8|inst438                                                                                                          ; out0             ;
; |kursach|cash:inst8|inst352                                                                                                          ; |kursach|cash:inst8|inst352                                                                                                          ; out0             ;
; |kursach|cash:inst8|gdfx_temp2[2]                                                                                                    ; |kursach|cash:inst8|gdfx_temp2[2]                                                                                                    ; out0             ;
; |kursach|cash:inst8|gdfx_temp2[1]                                                                                                    ; |kursach|cash:inst8|gdfx_temp2[1]                                                                                                    ; out0             ;
; |kursach|cash:inst8|gdfx_temp2[0]                                                                                                    ; |kursach|cash:inst8|gdfx_temp2[0]                                                                                                    ; out0             ;
; |kursach|cash:inst8|inst459                                                                                                          ; |kursach|cash:inst8|inst459                                                                                                          ; out0             ;
; |kursach|cash:inst8|gdfx_temp6[2]                                                                                                    ; |kursach|cash:inst8|gdfx_temp6[2]                                                                                                    ; out0             ;
; |kursach|cash:inst8|gdfx_temp6[1]                                                                                                    ; |kursach|cash:inst8|gdfx_temp6[1]                                                                                                    ; out0             ;
; |kursach|cash:inst8|gdfx_temp6[0]                                                                                                    ; |kursach|cash:inst8|gdfx_temp6[0]                                                                                                    ; out0             ;
; |kursach|cash:inst8|inst129                                                                                                          ; |kursach|cash:inst8|inst129                                                                                                          ; out0             ;
; |kursach|cash:inst8|inst358                                                                                                          ; |kursach|cash:inst8|inst358                                                                                                          ; out0             ;
; |kursach|cash:inst8|inst460                                                                                                          ; |kursach|cash:inst8|inst460                                                                                                          ; out0             ;
; |kursach|cash:inst8|gdfx_temp5[2]                                                                                                    ; |kursach|cash:inst8|gdfx_temp5[2]                                                                                                    ; out0             ;
; |kursach|cash:inst8|gdfx_temp5[1]                                                                                                    ; |kursach|cash:inst8|gdfx_temp5[1]                                                                                                    ; out0             ;
; |kursach|cash:inst8|gdfx_temp5[0]                                                                                                    ; |kursach|cash:inst8|gdfx_temp5[0]                                                                                                    ; out0             ;
; |kursach|cash:inst8|inst370                                                                                                          ; |kursach|cash:inst8|inst370                                                                                                          ; out0             ;
; |kursach|cash:inst8|inst95                                                                                                           ; |kursach|cash:inst8|inst95                                                                                                           ; out0             ;
; |kursach|cash:inst8|inst65                                                                                                           ; |kursach|cash:inst8|inst65                                                                                                           ; out0             ;
; |kursach|cash:inst8|lpm_bustri0:inst302|lpm_bustri:lpm_bustri_component|dout[7]                                                      ; |kursach|cash:inst8|lpm_bustri0:inst302|lpm_bustri:lpm_bustri_component|dout[7]                                                      ; out              ;
; |kursach|cash:inst8|lpm_bustri0:inst302|lpm_bustri:lpm_bustri_component|dout[5]                                                      ; |kursach|cash:inst8|lpm_bustri0:inst302|lpm_bustri:lpm_bustri_component|dout[5]                                                      ; out              ;
; |kursach|cash:inst8|lpm_bustri0:inst302|lpm_bustri:lpm_bustri_component|dout[4]                                                      ; |kursach|cash:inst8|lpm_bustri0:inst302|lpm_bustri:lpm_bustri_component|dout[4]                                                      ; out              ;
; |kursach|cash:inst8|lpm_bustri0:inst302|lpm_bustri:lpm_bustri_component|dout[0]                                                      ; |kursach|cash:inst8|lpm_bustri0:inst302|lpm_bustri:lpm_bustri_component|dout[0]                                                      ; out              ;
; |kursach|cash:inst8|lpm_dff0:inst78|lpm_ff:lpm_ff_component|dffs[7]                                                                  ; |kursach|cash:inst8|lpm_dff0:inst78|lpm_ff:lpm_ff_component|dffs[7]                                                                  ; regout           ;
; |kursach|cash:inst8|lpm_dff0:inst78|lpm_ff:lpm_ff_component|dffs[6]                                                                  ; |kursach|cash:inst8|lpm_dff0:inst78|lpm_ff:lpm_ff_component|dffs[6]                                                                  ; regout           ;
; |kursach|cash:inst8|lpm_dff0:inst78|lpm_ff:lpm_ff_component|dffs[5]                                                                  ; |kursach|cash:inst8|lpm_dff0:inst78|lpm_ff:lpm_ff_component|dffs[5]                                                                  ; regout           ;
; |kursach|cash:inst8|lpm_dff0:inst78|lpm_ff:lpm_ff_component|dffs[4]                                                                  ; |kursach|cash:inst8|lpm_dff0:inst78|lpm_ff:lpm_ff_component|dffs[4]                                                                  ; regout           ;
; |kursach|cash:inst8|lpm_dff0:inst78|lpm_ff:lpm_ff_component|dffs[3]                                                                  ; |kursach|cash:inst8|lpm_dff0:inst78|lpm_ff:lpm_ff_component|dffs[3]                                                                  ; regout           ;
; |kursach|cash:inst8|lpm_dff0:inst78|lpm_ff:lpm_ff_component|dffs[2]                                                                  ; |kursach|cash:inst8|lpm_dff0:inst78|lpm_ff:lpm_ff_component|dffs[2]                                                                  ; regout           ;
; |kursach|cash:inst8|lpm_dff0:inst78|lpm_ff:lpm_ff_component|dffs[1]                                                                  ; |kursach|cash:inst8|lpm_dff0:inst78|lpm_ff:lpm_ff_component|dffs[1]                                                                  ; regout           ;
; |kursach|cash:inst8|lpm_dff0:inst78|lpm_ff:lpm_ff_component|dffs[0]                                                                  ; |kursach|cash:inst8|lpm_dff0:inst78|lpm_ff:lpm_ff_component|dffs[0]                                                                  ; regout           ;
; |kursach|cash:inst8|lpm_dff0:inst77|lpm_ff:lpm_ff_component|dffs[6]                                                                  ; |kursach|cash:inst8|lpm_dff0:inst77|lpm_ff:lpm_ff_component|dffs[6]                                                                  ; regout           ;
; |kursach|cash:inst8|lpm_dff0:inst76|lpm_ff:lpm_ff_component|dffs[6]                                                                  ; |kursach|cash:inst8|lpm_dff0:inst76|lpm_ff:lpm_ff_component|dffs[6]                                                                  ; regout           ;
; |kursach|cash:inst8|lpm_dff0:inst76|lpm_ff:lpm_ff_component|dffs[2]                                                                  ; |kursach|cash:inst8|lpm_dff0:inst76|lpm_ff:lpm_ff_component|dffs[2]                                                                  ; regout           ;
; |kursach|cash:inst8|lpm_dff0:inst75|lpm_ff:lpm_ff_component|dffs[6]                                                                  ; |kursach|cash:inst8|lpm_dff0:inst75|lpm_ff:lpm_ff_component|dffs[6]                                                                  ; regout           ;
; |kursach|cash:inst8|lpm_dff0:inst74|lpm_ff:lpm_ff_component|dffs[6]                                                                  ; |kursach|cash:inst8|lpm_dff0:inst74|lpm_ff:lpm_ff_component|dffs[6]                                                                  ; regout           ;
; |kursach|cash:inst8|lpm_dff0:inst73|lpm_ff:lpm_ff_component|dffs[6]                                                                  ; |kursach|cash:inst8|lpm_dff0:inst73|lpm_ff:lpm_ff_component|dffs[6]                                                                  ; regout           ;
; |kursach|cash:inst8|lpm_dff0:inst72|lpm_ff:lpm_ff_component|dffs[6]                                                                  ; |kursach|cash:inst8|lpm_dff0:inst72|lpm_ff:lpm_ff_component|dffs[6]                                                                  ; regout           ;
; |kursach|cash:inst8|lpm_bustri2:inst91|lpm_bustri:lpm_bustri_component|dout[2]                                                       ; |kursach|cash:inst8|lpm_bustri2:inst91|lpm_bustri:lpm_bustri_component|dout[2]                                                       ; out              ;
; |kursach|cash:inst8|lpm_bustri2:inst91|lpm_bustri:lpm_bustri_component|dout[1]                                                       ; |kursach|cash:inst8|lpm_bustri2:inst91|lpm_bustri:lpm_bustri_component|dout[1]                                                       ; out              ;
; |kursach|cash:inst8|lpm_bustri2:inst91|lpm_bustri:lpm_bustri_component|dout[0]                                                       ; |kursach|cash:inst8|lpm_bustri2:inst91|lpm_bustri:lpm_bustri_component|dout[0]                                                       ; out              ;
; |kursach|cash:inst8|lpm_decode0:inst71|lpm_decode:lpm_decode_component|decode_5sf:auto_generated|w_anode18w[3]                       ; |kursach|cash:inst8|lpm_decode0:inst71|lpm_decode:lpm_decode_component|decode_5sf:auto_generated|w_anode18w[3]                       ; out0             ;
; |kursach|cash:inst8|lpm_decode0:inst71|lpm_decode:lpm_decode_component|decode_5sf:auto_generated|w_anode18w[2]                       ; |kursach|cash:inst8|lpm_decode0:inst71|lpm_decode:lpm_decode_component|decode_5sf:auto_generated|w_anode18w[2]                       ; out0             ;
; |kursach|cash:inst8|lpm_decode0:inst71|lpm_decode:lpm_decode_component|decode_5sf:auto_generated|w_anode18w[1]                       ; |kursach|cash:inst8|lpm_decode0:inst71|lpm_decode:lpm_decode_component|decode_5sf:auto_generated|w_anode18w[1]                       ; out0             ;
; |kursach|cash:inst8|lpm_decode0:inst71|lpm_decode:lpm_decode_component|decode_5sf:auto_generated|w_anode1w[3]                        ; |kursach|cash:inst8|lpm_decode0:inst71|lpm_decode:lpm_decode_component|decode_5sf:auto_generated|w_anode1w[3]                        ; out0             ;
; |kursach|cash:inst8|lpm_decode0:inst71|lpm_decode:lpm_decode_component|decode_5sf:auto_generated|w_anode1w[2]                        ; |kursach|cash:inst8|lpm_decode0:inst71|lpm_decode:lpm_decode_component|decode_5sf:auto_generated|w_anode1w[2]                        ; out0             ;
; |kursach|cash:inst8|lpm_decode0:inst71|lpm_decode:lpm_decode_component|decode_5sf:auto_generated|w_anode1w[1]                        ; |kursach|cash:inst8|lpm_decode0:inst71|lpm_decode:lpm_decode_component|decode_5sf:auto_generated|w_anode1w[1]                        ; out0             ;
; |kursach|cash:inst8|lpm_decode0:inst71|lpm_decode:lpm_decode_component|decode_5sf:auto_generated|w_anode28w[3]                       ; |kursach|cash:inst8|lpm_decode0:inst71|lpm_decode:lpm_decode_component|decode_5sf:auto_generated|w_anode28w[3]                       ; out0             ;
; |kursach|cash:inst8|lpm_decode0:inst71|lpm_decode:lpm_decode_component|decode_5sf:auto_generated|w_anode28w[2]                       ; |kursach|cash:inst8|lpm_decode0:inst71|lpm_decode:lpm_decode_component|decode_5sf:auto_generated|w_anode28w[2]                       ; out0             ;
; |kursach|cash:inst8|lpm_decode0:inst71|lpm_decode:lpm_decode_component|decode_5sf:auto_generated|w_anode28w[1]                       ; |kursach|cash:inst8|lpm_decode0:inst71|lpm_decode:lpm_decode_component|decode_5sf:auto_generated|w_anode28w[1]                       ; out0             ;
; |kursach|cash:inst8|lpm_decode0:inst71|lpm_decode:lpm_decode_component|decode_5sf:auto_generated|w_anode38w[3]                       ; |kursach|cash:inst8|lpm_decode0:inst71|lpm_decode:lpm_decode_component|decode_5sf:auto_generated|w_anode38w[3]                       ; out0             ;
; |kursach|cash:inst8|lpm_decode0:inst71|lpm_decode:lpm_decode_component|decode_5sf:auto_generated|w_anode38w[2]                       ; |kursach|cash:inst8|lpm_decode0:inst71|lpm_decode:lpm_decode_component|decode_5sf:auto_generated|w_anode38w[2]                       ; out0             ;
; |kursach|cash:inst8|lpm_decode0:inst71|lpm_decode:lpm_decode_component|decode_5sf:auto_generated|w_anode38w[1]                       ; |kursach|cash:inst8|lpm_decode0:inst71|lpm_decode:lpm_decode_component|decode_5sf:auto_generated|w_anode38w[1]                       ; out0             ;
; |kursach|cash:inst8|lpm_decode0:inst71|lpm_decode:lpm_decode_component|decode_5sf:auto_generated|w_anode48w[3]                       ; |kursach|cash:inst8|lpm_decode0:inst71|lpm_decode:lpm_decode_component|decode_5sf:auto_generated|w_anode48w[3]                       ; out0             ;
; |kursach|cash:inst8|lpm_decode0:inst71|lpm_decode:lpm_decode_component|decode_5sf:auto_generated|w_anode48w[2]                       ; |kursach|cash:inst8|lpm_decode0:inst71|lpm_decode:lpm_decode_component|decode_5sf:auto_generated|w_anode48w[2]                       ; out0             ;
; |kursach|cash:inst8|lpm_decode0:inst71|lpm_decode:lpm_decode_component|decode_5sf:auto_generated|w_anode48w[1]                       ; |kursach|cash:inst8|lpm_decode0:inst71|lpm_decode:lpm_decode_component|decode_5sf:auto_generated|w_anode48w[1]                       ; out0             ;
; |kursach|cash:inst8|lpm_decode0:inst71|lpm_decode:lpm_decode_component|decode_5sf:auto_generated|w_anode58w[3]                       ; |kursach|cash:inst8|lpm_decode0:inst71|lpm_decode:lpm_decode_component|decode_5sf:auto_generated|w_anode58w[3]                       ; out0             ;
; |kursach|cash:inst8|lpm_decode0:inst71|lpm_decode:lpm_decode_component|decode_5sf:auto_generated|w_anode58w[2]                       ; |kursach|cash:inst8|lpm_decode0:inst71|lpm_decode:lpm_decode_component|decode_5sf:auto_generated|w_anode58w[2]                       ; out0             ;
; |kursach|cash:inst8|lpm_decode0:inst71|lpm_decode:lpm_decode_component|decode_5sf:auto_generated|w_anode58w[1]                       ; |kursach|cash:inst8|lpm_decode0:inst71|lpm_decode:lpm_decode_component|decode_5sf:auto_generated|w_anode58w[1]                       ; out0             ;
; |kursach|cash:inst8|lpm_decode0:inst71|lpm_decode:lpm_decode_component|decode_5sf:auto_generated|w_anode68w[3]                       ; |kursach|cash:inst8|lpm_decode0:inst71|lpm_decode:lpm_decode_component|decode_5sf:auto_generated|w_anode68w[3]                       ; out0             ;
; |kursach|cash:inst8|lpm_decode0:inst71|lpm_decode:lpm_decode_component|decode_5sf:auto_generated|w_anode68w[2]                       ; |kursach|cash:inst8|lpm_decode0:inst71|lpm_decode:lpm_decode_component|decode_5sf:auto_generated|w_anode68w[2]                       ; out0             ;
; |kursach|cash:inst8|lpm_decode0:inst71|lpm_decode:lpm_decode_component|decode_5sf:auto_generated|w_anode68w[1]                       ; |kursach|cash:inst8|lpm_decode0:inst71|lpm_decode:lpm_decode_component|decode_5sf:auto_generated|w_anode68w[1]                       ; out0             ;
; |kursach|cash:inst8|lpm_decode0:inst71|lpm_decode:lpm_decode_component|decode_5sf:auto_generated|w_anode78w[3]                       ; |kursach|cash:inst8|lpm_decode0:inst71|lpm_decode:lpm_decode_component|decode_5sf:auto_generated|w_anode78w[3]                       ; out0             ;
; |kursach|cash:inst8|lpm_decode0:inst71|lpm_decode:lpm_decode_component|decode_5sf:auto_generated|w_anode78w[2]                       ; |kursach|cash:inst8|lpm_decode0:inst71|lpm_decode:lpm_decode_component|decode_5sf:auto_generated|w_anode78w[2]                       ; out0             ;
; |kursach|cash:inst8|lpm_decode0:inst71|lpm_decode:lpm_decode_component|decode_5sf:auto_generated|w_anode78w[1]                       ; |kursach|cash:inst8|lpm_decode0:inst71|lpm_decode:lpm_decode_component|decode_5sf:auto_generated|w_anode78w[1]                       ; out0             ;
; |kursach|cash:inst8|lpm_bustri2:inst443|lpm_bustri:lpm_bustri_component|dout[2]                                                      ; |kursach|cash:inst8|lpm_bustri2:inst443|lpm_bustri:lpm_bustri_component|dout[2]                                                      ; out              ;
; |kursach|cash:inst8|lpm_bustri2:inst443|lpm_bustri:lpm_bustri_component|dout[1]                                                      ; |kursach|cash:inst8|lpm_bustri2:inst443|lpm_bustri:lpm_bustri_component|dout[1]                                                      ; out              ;
; |kursach|cash:inst8|lpm_bustri2:inst443|lpm_bustri:lpm_bustri_component|dout[0]                                                      ; |kursach|cash:inst8|lpm_bustri2:inst443|lpm_bustri:lpm_bustri_component|dout[0]                                                      ; out              ;
; |kursach|cash:inst8|lpm_bustri2:inst436|lpm_bustri:lpm_bustri_component|dout[2]                                                      ; |kursach|cash:inst8|lpm_bustri2:inst436|lpm_bustri:lpm_bustri_component|dout[2]                                                      ; out              ;
; |kursach|cash:inst8|lpm_bustri2:inst436|lpm_bustri:lpm_bustri_component|dout[1]                                                      ; |kursach|cash:inst8|lpm_bustri2:inst436|lpm_bustri:lpm_bustri_component|dout[1]                                                      ; out              ;
; |kursach|cash:inst8|lpm_bustri2:inst436|lpm_bustri:lpm_bustri_component|dout[0]                                                      ; |kursach|cash:inst8|lpm_bustri2:inst436|lpm_bustri:lpm_bustri_component|dout[0]                                                      ; out              ;
; |kursach|cash:inst8|lpm_decode0:inst87|lpm_decode:lpm_decode_component|decode_5sf:auto_generated|w_anode1w[1]                        ; |kursach|cash:inst8|lpm_decode0:inst87|lpm_decode:lpm_decode_component|decode_5sf:auto_generated|w_anode1w[1]                        ; out0             ;
; |kursach|cash:inst8|lpm_decode0:inst87|lpm_decode:lpm_decode_component|decode_5sf:auto_generated|w_anode28w[2]                       ; |kursach|cash:inst8|lpm_decode0:inst87|lpm_decode:lpm_decode_component|decode_5sf:auto_generated|w_anode28w[2]                       ; out0             ;
; |kursach|cash:inst8|lpm_decode0:inst87|lpm_decode:lpm_decode_component|decode_5sf:auto_generated|w_anode28w[1]                       ; |kursach|cash:inst8|lpm_decode0:inst87|lpm_decode:lpm_decode_component|decode_5sf:auto_generated|w_anode28w[1]                       ; out0             ;
; |kursach|cash:inst8|lpm_decode0:inst87|lpm_decode:lpm_decode_component|decode_5sf:auto_generated|w_anode48w[1]                       ; |kursach|cash:inst8|lpm_decode0:inst87|lpm_decode:lpm_decode_component|decode_5sf:auto_generated|w_anode48w[1]                       ; out0             ;
; |kursach|cash:inst8|lpm_decode0:inst87|lpm_decode:lpm_decode_component|decode_5sf:auto_generated|w_anode68w[3]                       ; |kursach|cash:inst8|lpm_decode0:inst87|lpm_decode:lpm_decode_component|decode_5sf:auto_generated|w_anode68w[3]                       ; out0             ;
; |kursach|cash:inst8|lpm_decode0:inst87|lpm_decode:lpm_decode_component|decode_5sf:auto_generated|w_anode68w[2]                       ; |kursach|cash:inst8|lpm_decode0:inst87|lpm_decode:lpm_decode_component|decode_5sf:auto_generated|w_anode68w[2]                       ; out0             ;
; |kursach|cash:inst8|lpm_decode0:inst87|lpm_decode:lpm_decode_component|decode_5sf:auto_generated|w_anode68w[1]                       ; |kursach|cash:inst8|lpm_decode0:inst87|lpm_decode:lpm_decode_component|decode_5sf:auto_generated|w_anode68w[1]                       ; out0             ;
; |kursach|cash:inst8|lpm_dff0:inst24|lpm_ff:lpm_ff_component|dffs[5]                                                                  ; |kursach|cash:inst8|lpm_dff0:inst24|lpm_ff:lpm_ff_component|dffs[5]                                                                  ; regout           ;
; |kursach|cash:inst8|lpm_dff0:inst24|lpm_ff:lpm_ff_component|dffs[4]                                                                  ; |kursach|cash:inst8|lpm_dff0:inst24|lpm_ff:lpm_ff_component|dffs[4]                                                                  ; regout           ;
; |kursach|cash:inst8|lpm_dff0:inst24|lpm_ff:lpm_ff_component|dffs[2]                                                                  ; |kursach|cash:inst8|lpm_dff0:inst24|lpm_ff:lpm_ff_component|dffs[2]                                                                  ; regout           ;
; |kursach|cash:inst8|lpm_bustri0:inst32|lpm_bustri:lpm_bustri_component|dout[7]                                                       ; |kursach|cash:inst8|lpm_bustri0:inst32|lpm_bustri:lpm_bustri_component|dout[7]                                                       ; out              ;
; |kursach|cash:inst8|lpm_bustri0:inst32|lpm_bustri:lpm_bustri_component|dout[5]                                                       ; |kursach|cash:inst8|lpm_bustri0:inst32|lpm_bustri:lpm_bustri_component|dout[5]                                                       ; out              ;
; |kursach|cash:inst8|lpm_bustri0:inst32|lpm_bustri:lpm_bustri_component|dout[4]                                                       ; |kursach|cash:inst8|lpm_bustri0:inst32|lpm_bustri:lpm_bustri_component|dout[4]                                                       ; out              ;
; |kursach|cash:inst8|lpm_bustri0:inst32|lpm_bustri:lpm_bustri_component|dout[2]                                                       ; |kursach|cash:inst8|lpm_bustri0:inst32|lpm_bustri:lpm_bustri_component|dout[2]                                                       ; out              ;
; |kursach|cash:inst8|lpm_dff0:inst26|lpm_ff:lpm_ff_component|dffs[6]                                                                  ; |kursach|cash:inst8|lpm_dff0:inst26|lpm_ff:lpm_ff_component|dffs[6]                                                                  ; regout           ;
; |kursach|cash:inst8|lpm_dff0:inst26|lpm_ff:lpm_ff_component|dffs[5]                                                                  ; |kursach|cash:inst8|lpm_dff0:inst26|lpm_ff:lpm_ff_component|dffs[5]                                                                  ; regout           ;
; |kursach|cash:inst8|lpm_dff0:inst26|lpm_ff:lpm_ff_component|dffs[4]                                                                  ; |kursach|cash:inst8|lpm_dff0:inst26|lpm_ff:lpm_ff_component|dffs[4]                                                                  ; regout           ;
; |kursach|cash:inst8|lpm_dff0:inst26|lpm_ff:lpm_ff_component|dffs[3]                                                                  ; |kursach|cash:inst8|lpm_dff0:inst26|lpm_ff:lpm_ff_component|dffs[3]                                                                  ; regout           ;
; |kursach|cash:inst8|lpm_dff0:inst26|lpm_ff:lpm_ff_component|dffs[0]                                                                  ; |kursach|cash:inst8|lpm_dff0:inst26|lpm_ff:lpm_ff_component|dffs[0]                                                                  ; regout           ;
; |kursach|cash:inst8|lpm_bustri0:inst29|lpm_bustri:lpm_bustri_component|dout[7]                                                       ; |kursach|cash:inst8|lpm_bustri0:inst29|lpm_bustri:lpm_bustri_component|dout[7]                                                       ; out              ;
; |kursach|cash:inst8|lpm_bustri2:inst61|lpm_bustri:lpm_bustri_component|dout[2]                                                       ; |kursach|cash:inst8|lpm_bustri2:inst61|lpm_bustri:lpm_bustri_component|dout[2]                                                       ; out              ;
; |kursach|cash:inst8|lpm_bustri2:inst61|lpm_bustri:lpm_bustri_component|dout[1]                                                       ; |kursach|cash:inst8|lpm_bustri2:inst61|lpm_bustri:lpm_bustri_component|dout[1]                                                       ; out              ;
; |kursach|cash:inst8|lpm_bustri2:inst61|lpm_bustri:lpm_bustri_component|dout[0]                                                       ; |kursach|cash:inst8|lpm_bustri2:inst61|lpm_bustri:lpm_bustri_component|dout[0]                                                       ; out              ;
; |kursach|cash:inst8|lpm_decode0:inst13|lpm_decode:lpm_decode_component|decode_5sf:auto_generated|w_anode18w[3]                       ; |kursach|cash:inst8|lpm_decode0:inst13|lpm_decode:lpm_decode_component|decode_5sf:auto_generated|w_anode18w[3]                       ; out0             ;
; |kursach|cash:inst8|lpm_decode0:inst13|lpm_decode:lpm_decode_component|decode_5sf:auto_generated|w_anode18w[2]                       ; |kursach|cash:inst8|lpm_decode0:inst13|lpm_decode:lpm_decode_component|decode_5sf:auto_generated|w_anode18w[2]                       ; out0             ;
; |kursach|cash:inst8|lpm_decode0:inst13|lpm_decode:lpm_decode_component|decode_5sf:auto_generated|w_anode18w[1]                       ; |kursach|cash:inst8|lpm_decode0:inst13|lpm_decode:lpm_decode_component|decode_5sf:auto_generated|w_anode18w[1]                       ; out0             ;
; |kursach|cash:inst8|lpm_decode0:inst13|lpm_decode:lpm_decode_component|decode_5sf:auto_generated|w_anode1w[3]                        ; |kursach|cash:inst8|lpm_decode0:inst13|lpm_decode:lpm_decode_component|decode_5sf:auto_generated|w_anode1w[3]                        ; out0             ;
; |kursach|cash:inst8|lpm_decode0:inst13|lpm_decode:lpm_decode_component|decode_5sf:auto_generated|w_anode1w[2]                        ; |kursach|cash:inst8|lpm_decode0:inst13|lpm_decode:lpm_decode_component|decode_5sf:auto_generated|w_anode1w[2]                        ; out0             ;
; |kursach|cash:inst8|lpm_decode0:inst13|lpm_decode:lpm_decode_component|decode_5sf:auto_generated|w_anode1w[1]                        ; |kursach|cash:inst8|lpm_decode0:inst13|lpm_decode:lpm_decode_component|decode_5sf:auto_generated|w_anode1w[1]                        ; out0             ;
; |kursach|cash:inst8|lpm_decode0:inst13|lpm_decode:lpm_decode_component|decode_5sf:auto_generated|w_anode28w[3]                       ; |kursach|cash:inst8|lpm_decode0:inst13|lpm_decode:lpm_decode_component|decode_5sf:auto_generated|w_anode28w[3]                       ; out0             ;
; |kursach|cash:inst8|lpm_decode0:inst13|lpm_decode:lpm_decode_component|decode_5sf:auto_generated|w_anode28w[2]                       ; |kursach|cash:inst8|lpm_decode0:inst13|lpm_decode:lpm_decode_component|decode_5sf:auto_generated|w_anode28w[2]                       ; out0             ;
; |kursach|cash:inst8|lpm_decode0:inst13|lpm_decode:lpm_decode_component|decode_5sf:auto_generated|w_anode28w[1]                       ; |kursach|cash:inst8|lpm_decode0:inst13|lpm_decode:lpm_decode_component|decode_5sf:auto_generated|w_anode28w[1]                       ; out0             ;
; |kursach|cash:inst8|lpm_decode0:inst13|lpm_decode:lpm_decode_component|decode_5sf:auto_generated|w_anode38w[3]                       ; |kursach|cash:inst8|lpm_decode0:inst13|lpm_decode:lpm_decode_component|decode_5sf:auto_generated|w_anode38w[3]                       ; out0             ;
; |kursach|cash:inst8|lpm_decode0:inst13|lpm_decode:lpm_decode_component|decode_5sf:auto_generated|w_anode38w[2]                       ; |kursach|cash:inst8|lpm_decode0:inst13|lpm_decode:lpm_decode_component|decode_5sf:auto_generated|w_anode38w[2]                       ; out0             ;
; |kursach|cash:inst8|lpm_decode0:inst13|lpm_decode:lpm_decode_component|decode_5sf:auto_generated|w_anode38w[1]                       ; |kursach|cash:inst8|lpm_decode0:inst13|lpm_decode:lpm_decode_component|decode_5sf:auto_generated|w_anode38w[1]                       ; out0             ;
; |kursach|cash:inst8|lpm_decode0:inst13|lpm_decode:lpm_decode_component|decode_5sf:auto_generated|w_anode48w[3]                       ; |kursach|cash:inst8|lpm_decode0:inst13|lpm_decode:lpm_decode_component|decode_5sf:auto_generated|w_anode48w[3]                       ; out0             ;
; |kursach|cash:inst8|lpm_decode0:inst13|lpm_decode:lpm_decode_component|decode_5sf:auto_generated|w_anode48w[2]                       ; |kursach|cash:inst8|lpm_decode0:inst13|lpm_decode:lpm_decode_component|decode_5sf:auto_generated|w_anode48w[2]                       ; out0             ;
; |kursach|cash:inst8|lpm_decode0:inst13|lpm_decode:lpm_decode_component|decode_5sf:auto_generated|w_anode48w[1]                       ; |kursach|cash:inst8|lpm_decode0:inst13|lpm_decode:lpm_decode_component|decode_5sf:auto_generated|w_anode48w[1]                       ; out0             ;
; |kursach|cash:inst8|lpm_decode0:inst13|lpm_decode:lpm_decode_component|decode_5sf:auto_generated|w_anode58w[3]                       ; |kursach|cash:inst8|lpm_decode0:inst13|lpm_decode:lpm_decode_component|decode_5sf:auto_generated|w_anode58w[3]                       ; out0             ;
; |kursach|cash:inst8|lpm_decode0:inst13|lpm_decode:lpm_decode_component|decode_5sf:auto_generated|w_anode58w[2]                       ; |kursach|cash:inst8|lpm_decode0:inst13|lpm_decode:lpm_decode_component|decode_5sf:auto_generated|w_anode58w[2]                       ; out0             ;
; |kursach|cash:inst8|lpm_decode0:inst13|lpm_decode:lpm_decode_component|decode_5sf:auto_generated|w_anode58w[1]                       ; |kursach|cash:inst8|lpm_decode0:inst13|lpm_decode:lpm_decode_component|decode_5sf:auto_generated|w_anode58w[1]                       ; out0             ;
; |kursach|cash:inst8|lpm_decode0:inst13|lpm_decode:lpm_decode_component|decode_5sf:auto_generated|w_anode68w[3]                       ; |kursach|cash:inst8|lpm_decode0:inst13|lpm_decode:lpm_decode_component|decode_5sf:auto_generated|w_anode68w[3]                       ; out0             ;
; |kursach|cash:inst8|lpm_decode0:inst13|lpm_decode:lpm_decode_component|decode_5sf:auto_generated|w_anode68w[2]                       ; |kursach|cash:inst8|lpm_decode0:inst13|lpm_decode:lpm_decode_component|decode_5sf:auto_generated|w_anode68w[2]                       ; out0             ;
; |kursach|cash:inst8|lpm_decode0:inst13|lpm_decode:lpm_decode_component|decode_5sf:auto_generated|w_anode68w[1]                       ; |kursach|cash:inst8|lpm_decode0:inst13|lpm_decode:lpm_decode_component|decode_5sf:auto_generated|w_anode68w[1]                       ; out0             ;
; |kursach|cash:inst8|lpm_decode0:inst13|lpm_decode:lpm_decode_component|decode_5sf:auto_generated|w_anode78w[3]                       ; |kursach|cash:inst8|lpm_decode0:inst13|lpm_decode:lpm_decode_component|decode_5sf:auto_generated|w_anode78w[3]                       ; out0             ;
; |kursach|cash:inst8|lpm_decode0:inst13|lpm_decode:lpm_decode_component|decode_5sf:auto_generated|w_anode78w[2]                       ; |kursach|cash:inst8|lpm_decode0:inst13|lpm_decode:lpm_decode_component|decode_5sf:auto_generated|w_anode78w[2]                       ; out0             ;
; |kursach|cash:inst8|lpm_decode0:inst13|lpm_decode:lpm_decode_component|decode_5sf:auto_generated|w_anode78w[1]                       ; |kursach|cash:inst8|lpm_decode0:inst13|lpm_decode:lpm_decode_component|decode_5sf:auto_generated|w_anode78w[1]                       ; out0             ;
; |kursach|cash:inst8|lpm_dff0:inst11|lpm_ff:lpm_ff_component|dffs[6]                                                                  ; |kursach|cash:inst8|lpm_dff0:inst11|lpm_ff:lpm_ff_component|dffs[6]                                                                  ; regout           ;
; |kursach|cash:inst8|lpm_dff0:inst11|lpm_ff:lpm_ff_component|dffs[5]                                                                  ; |kursach|cash:inst8|lpm_dff0:inst11|lpm_ff:lpm_ff_component|dffs[5]                                                                  ; regout           ;
; |kursach|cash:inst8|lpm_dff0:inst11|lpm_ff:lpm_ff_component|dffs[4]                                                                  ; |kursach|cash:inst8|lpm_dff0:inst11|lpm_ff:lpm_ff_component|dffs[4]                                                                  ; regout           ;
; |kursach|cash:inst8|lpm_dff0:inst11|lpm_ff:lpm_ff_component|dffs[3]                                                                  ; |kursach|cash:inst8|lpm_dff0:inst11|lpm_ff:lpm_ff_component|dffs[3]                                                                  ; regout           ;
; |kursach|cash:inst8|lpm_dff0:inst11|lpm_ff:lpm_ff_component|dffs[2]                                                                  ; |kursach|cash:inst8|lpm_dff0:inst11|lpm_ff:lpm_ff_component|dffs[2]                                                                  ; regout           ;
; |kursach|cash:inst8|lpm_dff0:inst11|lpm_ff:lpm_ff_component|dffs[1]                                                                  ; |kursach|cash:inst8|lpm_dff0:inst11|lpm_ff:lpm_ff_component|dffs[1]                                                                  ; regout           ;
; |kursach|cash:inst8|lpm_bustri2:inst426|lpm_bustri:lpm_bustri_component|dout[2]                                                      ; |kursach|cash:inst8|lpm_bustri2:inst426|lpm_bustri:lpm_bustri_component|dout[2]                                                      ; out              ;
; |kursach|cash:inst8|lpm_bustri2:inst426|lpm_bustri:lpm_bustri_component|dout[1]                                                      ; |kursach|cash:inst8|lpm_bustri2:inst426|lpm_bustri:lpm_bustri_component|dout[1]                                                      ; out              ;
; |kursach|cash:inst8|lpm_bustri2:inst426|lpm_bustri:lpm_bustri_component|dout[0]                                                      ; |kursach|cash:inst8|lpm_bustri2:inst426|lpm_bustri:lpm_bustri_component|dout[0]                                                      ; out              ;
; |kursach|cash:inst8|lpm_bustri2:inst425|lpm_bustri:lpm_bustri_component|dout[2]                                                      ; |kursach|cash:inst8|lpm_bustri2:inst425|lpm_bustri:lpm_bustri_component|dout[2]                                                      ; out              ;
; |kursach|cash:inst8|lpm_bustri2:inst425|lpm_bustri:lpm_bustri_component|dout[1]                                                      ; |kursach|cash:inst8|lpm_bustri2:inst425|lpm_bustri:lpm_bustri_component|dout[1]                                                      ; out              ;
; |kursach|cash:inst8|lpm_bustri2:inst425|lpm_bustri:lpm_bustri_component|dout[0]                                                      ; |kursach|cash:inst8|lpm_bustri2:inst425|lpm_bustri:lpm_bustri_component|dout[0]                                                      ; out              ;
; |kursach|cash:inst8|lpm_decode0:inst35|lpm_decode:lpm_decode_component|decode_5sf:auto_generated|w_anode18w[3]                       ; |kursach|cash:inst8|lpm_decode0:inst35|lpm_decode:lpm_decode_component|decode_5sf:auto_generated|w_anode18w[3]                       ; out0             ;
; |kursach|cash:inst8|lpm_decode0:inst35|lpm_decode:lpm_decode_component|decode_5sf:auto_generated|w_anode18w[2]                       ; |kursach|cash:inst8|lpm_decode0:inst35|lpm_decode:lpm_decode_component|decode_5sf:auto_generated|w_anode18w[2]                       ; out0             ;
; |kursach|cash:inst8|lpm_decode0:inst35|lpm_decode:lpm_decode_component|decode_5sf:auto_generated|w_anode18w[1]                       ; |kursach|cash:inst8|lpm_decode0:inst35|lpm_decode:lpm_decode_component|decode_5sf:auto_generated|w_anode18w[1]                       ; out0             ;
; |kursach|cash:inst8|lpm_decode0:inst35|lpm_decode:lpm_decode_component|decode_5sf:auto_generated|w_anode1w[3]                        ; |kursach|cash:inst8|lpm_decode0:inst35|lpm_decode:lpm_decode_component|decode_5sf:auto_generated|w_anode1w[3]                        ; out0             ;
; |kursach|cash:inst8|lpm_decode0:inst35|lpm_decode:lpm_decode_component|decode_5sf:auto_generated|w_anode1w[2]                        ; |kursach|cash:inst8|lpm_decode0:inst35|lpm_decode:lpm_decode_component|decode_5sf:auto_generated|w_anode1w[2]                        ; out0             ;
; |kursach|cash:inst8|lpm_decode0:inst35|lpm_decode:lpm_decode_component|decode_5sf:auto_generated|w_anode1w[1]                        ; |kursach|cash:inst8|lpm_decode0:inst35|lpm_decode:lpm_decode_component|decode_5sf:auto_generated|w_anode1w[1]                        ; out0             ;
; |kursach|cash:inst8|lpm_decode0:inst35|lpm_decode:lpm_decode_component|decode_5sf:auto_generated|w_anode28w[3]                       ; |kursach|cash:inst8|lpm_decode0:inst35|lpm_decode:lpm_decode_component|decode_5sf:auto_generated|w_anode28w[3]                       ; out0             ;
; |kursach|cash:inst8|lpm_decode0:inst35|lpm_decode:lpm_decode_component|decode_5sf:auto_generated|w_anode28w[2]                       ; |kursach|cash:inst8|lpm_decode0:inst35|lpm_decode:lpm_decode_component|decode_5sf:auto_generated|w_anode28w[2]                       ; out0             ;
; |kursach|cash:inst8|lpm_decode0:inst35|lpm_decode:lpm_decode_component|decode_5sf:auto_generated|w_anode28w[1]                       ; |kursach|cash:inst8|lpm_decode0:inst35|lpm_decode:lpm_decode_component|decode_5sf:auto_generated|w_anode28w[1]                       ; out0             ;
; |kursach|cash:inst8|lpm_decode0:inst35|lpm_decode:lpm_decode_component|decode_5sf:auto_generated|w_anode38w[3]                       ; |kursach|cash:inst8|lpm_decode0:inst35|lpm_decode:lpm_decode_component|decode_5sf:auto_generated|w_anode38w[3]                       ; out0             ;
; |kursach|cash:inst8|lpm_decode0:inst35|lpm_decode:lpm_decode_component|decode_5sf:auto_generated|w_anode38w[2]                       ; |kursach|cash:inst8|lpm_decode0:inst35|lpm_decode:lpm_decode_component|decode_5sf:auto_generated|w_anode38w[2]                       ; out0             ;
; |kursach|cash:inst8|lpm_decode0:inst35|lpm_decode:lpm_decode_component|decode_5sf:auto_generated|w_anode38w[1]                       ; |kursach|cash:inst8|lpm_decode0:inst35|lpm_decode:lpm_decode_component|decode_5sf:auto_generated|w_anode38w[1]                       ; out0             ;
; |kursach|cash:inst8|lpm_decode0:inst35|lpm_decode:lpm_decode_component|decode_5sf:auto_generated|w_anode48w[3]                       ; |kursach|cash:inst8|lpm_decode0:inst35|lpm_decode:lpm_decode_component|decode_5sf:auto_generated|w_anode48w[3]                       ; out0             ;
; |kursach|cash:inst8|lpm_decode0:inst35|lpm_decode:lpm_decode_component|decode_5sf:auto_generated|w_anode48w[2]                       ; |kursach|cash:inst8|lpm_decode0:inst35|lpm_decode:lpm_decode_component|decode_5sf:auto_generated|w_anode48w[2]                       ; out0             ;
; |kursach|cash:inst8|lpm_decode0:inst35|lpm_decode:lpm_decode_component|decode_5sf:auto_generated|w_anode48w[1]                       ; |kursach|cash:inst8|lpm_decode0:inst35|lpm_decode:lpm_decode_component|decode_5sf:auto_generated|w_anode48w[1]                       ; out0             ;
; |kursach|cash:inst8|lpm_decode0:inst35|lpm_decode:lpm_decode_component|decode_5sf:auto_generated|w_anode58w[3]                       ; |kursach|cash:inst8|lpm_decode0:inst35|lpm_decode:lpm_decode_component|decode_5sf:auto_generated|w_anode58w[3]                       ; out0             ;
; |kursach|cash:inst8|lpm_decode0:inst35|lpm_decode:lpm_decode_component|decode_5sf:auto_generated|w_anode58w[2]                       ; |kursach|cash:inst8|lpm_decode0:inst35|lpm_decode:lpm_decode_component|decode_5sf:auto_generated|w_anode58w[2]                       ; out0             ;
; |kursach|cash:inst8|lpm_decode0:inst35|lpm_decode:lpm_decode_component|decode_5sf:auto_generated|w_anode58w[1]                       ; |kursach|cash:inst8|lpm_decode0:inst35|lpm_decode:lpm_decode_component|decode_5sf:auto_generated|w_anode58w[1]                       ; out0             ;
; |kursach|cash:inst8|lpm_decode0:inst35|lpm_decode:lpm_decode_component|decode_5sf:auto_generated|w_anode68w[3]                       ; |kursach|cash:inst8|lpm_decode0:inst35|lpm_decode:lpm_decode_component|decode_5sf:auto_generated|w_anode68w[3]                       ; out0             ;
; |kursach|cash:inst8|lpm_decode0:inst35|lpm_decode:lpm_decode_component|decode_5sf:auto_generated|w_anode68w[2]                       ; |kursach|cash:inst8|lpm_decode0:inst35|lpm_decode:lpm_decode_component|decode_5sf:auto_generated|w_anode68w[2]                       ; out0             ;
; |kursach|cash:inst8|lpm_decode0:inst35|lpm_decode:lpm_decode_component|decode_5sf:auto_generated|w_anode68w[1]                       ; |kursach|cash:inst8|lpm_decode0:inst35|lpm_decode:lpm_decode_component|decode_5sf:auto_generated|w_anode68w[1]                       ; out0             ;
; |kursach|cash:inst8|lpm_decode0:inst35|lpm_decode:lpm_decode_component|decode_5sf:auto_generated|w_anode78w[3]                       ; |kursach|cash:inst8|lpm_decode0:inst35|lpm_decode:lpm_decode_component|decode_5sf:auto_generated|w_anode78w[3]                       ; out0             ;
; |kursach|cash:inst8|lpm_decode0:inst35|lpm_decode:lpm_decode_component|decode_5sf:auto_generated|w_anode78w[2]                       ; |kursach|cash:inst8|lpm_decode0:inst35|lpm_decode:lpm_decode_component|decode_5sf:auto_generated|w_anode78w[2]                       ; out0             ;
; |kursach|cash:inst8|lpm_decode0:inst35|lpm_decode:lpm_decode_component|decode_5sf:auto_generated|w_anode78w[1]                       ; |kursach|cash:inst8|lpm_decode0:inst35|lpm_decode:lpm_decode_component|decode_5sf:auto_generated|w_anode78w[1]                       ; out0             ;
; |kursach|cash:inst8|lpm_bustri0:inst417|lpm_bustri:lpm_bustri_component|dout[7]                                                      ; |kursach|cash:inst8|lpm_bustri0:inst417|lpm_bustri:lpm_bustri_component|dout[7]                                                      ; out              ;
; |kursach|cash:inst8|lpm_bustri0:inst417|lpm_bustri:lpm_bustri_component|dout[6]                                                      ; |kursach|cash:inst8|lpm_bustri0:inst417|lpm_bustri:lpm_bustri_component|dout[6]                                                      ; out              ;
; |kursach|cash:inst8|lpm_bustri0:inst417|lpm_bustri:lpm_bustri_component|dout[5]                                                      ; |kursach|cash:inst8|lpm_bustri0:inst417|lpm_bustri:lpm_bustri_component|dout[5]                                                      ; out              ;
; |kursach|cash:inst8|lpm_bustri0:inst417|lpm_bustri:lpm_bustri_component|dout[4]                                                      ; |kursach|cash:inst8|lpm_bustri0:inst417|lpm_bustri:lpm_bustri_component|dout[4]                                                      ; out              ;
; |kursach|cash:inst8|lpm_bustri0:inst417|lpm_bustri:lpm_bustri_component|dout[3]                                                      ; |kursach|cash:inst8|lpm_bustri0:inst417|lpm_bustri:lpm_bustri_component|dout[3]                                                      ; out              ;
; |kursach|cash:inst8|lpm_bustri0:inst417|lpm_bustri:lpm_bustri_component|dout[2]                                                      ; |kursach|cash:inst8|lpm_bustri0:inst417|lpm_bustri:lpm_bustri_component|dout[2]                                                      ; out              ;
; |kursach|cash:inst8|lpm_bustri0:inst417|lpm_bustri:lpm_bustri_component|dout[1]                                                      ; |kursach|cash:inst8|lpm_bustri0:inst417|lpm_bustri:lpm_bustri_component|dout[1]                                                      ; out              ;
; |kursach|cash:inst8|lpm_bustri0:inst417|lpm_bustri:lpm_bustri_component|dout[0]                                                      ; |kursach|cash:inst8|lpm_bustri0:inst417|lpm_bustri:lpm_bustri_component|dout[0]                                                      ; out              ;
; |kursach|cash:inst8|lpm_bustri0:inst296|lpm_bustri:lpm_bustri_component|dout[7]                                                      ; |kursach|cash:inst8|lpm_bustri0:inst296|lpm_bustri:lpm_bustri_component|dout[7]                                                      ; out              ;
; |kursach|cash:inst8|lpm_bustri0:inst296|lpm_bustri:lpm_bustri_component|dout[6]                                                      ; |kursach|cash:inst8|lpm_bustri0:inst296|lpm_bustri:lpm_bustri_component|dout[6]                                                      ; out              ;
; |kursach|cash:inst8|lpm_bustri0:inst296|lpm_bustri:lpm_bustri_component|dout[5]                                                      ; |kursach|cash:inst8|lpm_bustri0:inst296|lpm_bustri:lpm_bustri_component|dout[5]                                                      ; out              ;
; |kursach|cash:inst8|lpm_bustri0:inst296|lpm_bustri:lpm_bustri_component|dout[4]                                                      ; |kursach|cash:inst8|lpm_bustri0:inst296|lpm_bustri:lpm_bustri_component|dout[4]                                                      ; out              ;
; |kursach|cash:inst8|lpm_bustri0:inst296|lpm_bustri:lpm_bustri_component|dout[3]                                                      ; |kursach|cash:inst8|lpm_bustri0:inst296|lpm_bustri:lpm_bustri_component|dout[3]                                                      ; out              ;
; |kursach|cash:inst8|lpm_bustri0:inst296|lpm_bustri:lpm_bustri_component|dout[2]                                                      ; |kursach|cash:inst8|lpm_bustri0:inst296|lpm_bustri:lpm_bustri_component|dout[2]                                                      ; out              ;
; |kursach|cash:inst8|lpm_bustri0:inst296|lpm_bustri:lpm_bustri_component|dout[1]                                                      ; |kursach|cash:inst8|lpm_bustri0:inst296|lpm_bustri:lpm_bustri_component|dout[1]                                                      ; out              ;
; |kursach|cash:inst8|lpm_bustri0:inst296|lpm_bustri:lpm_bustri_component|dout[0]                                                      ; |kursach|cash:inst8|lpm_bustri0:inst296|lpm_bustri:lpm_bustri_component|dout[0]                                                      ; out              ;
; |kursach|cash:inst8|lpm_bustri3:inst123|lpm_bustri:lpm_bustri_component|dout[7]                                                      ; |kursach|cash:inst8|lpm_bustri3:inst123|lpm_bustri:lpm_bustri_component|dout[7]                                                      ; out              ;
; |kursach|cash:inst8|lpm_bustri3:inst123|lpm_bustri:lpm_bustri_component|dout[6]                                                      ; |kursach|cash:inst8|lpm_bustri3:inst123|lpm_bustri:lpm_bustri_component|dout[6]                                                      ; out              ;
; |kursach|cash:inst8|lpm_bustri3:inst123|lpm_bustri:lpm_bustri_component|dout[2]                                                      ; |kursach|cash:inst8|lpm_bustri3:inst123|lpm_bustri:lpm_bustri_component|dout[2]                                                      ; out              ;
; |kursach|cash:inst8|lpm_bustri3:inst123|lpm_bustri:lpm_bustri_component|dout[1]                                                      ; |kursach|cash:inst8|lpm_bustri3:inst123|lpm_bustri:lpm_bustri_component|dout[1]                                                      ; out              ;
; |kursach|cash:inst8|lpm_bustri3:inst123|lpm_bustri:lpm_bustri_component|dout[0]                                                      ; |kursach|cash:inst8|lpm_bustri3:inst123|lpm_bustri:lpm_bustri_component|dout[0]                                                      ; out              ;
; |kursach|cash:inst8|lpm_bustri1:inst97|lpm_bustri:lpm_bustri_component|dout[1]                                                       ; |kursach|cash:inst8|lpm_bustri1:inst97|lpm_bustri:lpm_bustri_component|dout[1]                                                       ; out              ;
; |kursach|cash:inst8|lpm_bustri4:inst132|lpm_bustri:lpm_bustri_component|dout[0]                                                      ; |kursach|cash:inst8|lpm_bustri4:inst132|lpm_bustri:lpm_bustri_component|dout[0]                                                      ; out              ;
; |kursach|cash:inst8|lpm_bustri1:inst96|lpm_bustri:lpm_bustri_component|dout[2]                                                       ; |kursach|cash:inst8|lpm_bustri1:inst96|lpm_bustri:lpm_bustri_component|dout[2]                                                       ; out              ;
; |kursach|cash:inst8|lpm_bustri3:inst124|lpm_bustri:lpm_bustri_component|dout[2]                                                      ; |kursach|cash:inst8|lpm_bustri3:inst124|lpm_bustri:lpm_bustri_component|dout[2]                                                      ; out              ;
; |kursach|cash:inst8|lpm_bustri3:inst124|lpm_bustri:lpm_bustri_component|dout[1]                                                      ; |kursach|cash:inst8|lpm_bustri3:inst124|lpm_bustri:lpm_bustri_component|dout[1]                                                      ; out              ;
; |kursach|cash:inst8|lpm_bustri3:inst124|lpm_bustri:lpm_bustri_component|dout[0]                                                      ; |kursach|cash:inst8|lpm_bustri3:inst124|lpm_bustri:lpm_bustri_component|dout[0]                                                      ; out              ;
; |kursach|cash:inst8|lpm_bustri1:inst17|lpm_bustri:lpm_bustri_component|dout[2]                                                       ; |kursach|cash:inst8|lpm_bustri1:inst17|lpm_bustri:lpm_bustri_component|dout[2]                                                       ; out              ;
; |kursach|cash:inst8|lpm_compare0:inst19|lpm_compare:lpm_compare_component|cmpr_cig:auto_generated|aneb_result_wire[0]~0              ; |kursach|cash:inst8|lpm_compare0:inst19|lpm_compare:lpm_compare_component|cmpr_cig:auto_generated|aneb_result_wire[0]~0              ; out0             ;
; |kursach|cash:inst8|lpm_compare0:inst19|lpm_compare:lpm_compare_component|cmpr_cig:auto_generated|aneb_result_wire[0]                ; |kursach|cash:inst8|lpm_compare0:inst19|lpm_compare:lpm_compare_component|cmpr_cig:auto_generated|aneb_result_wire[0]                ; out0             ;
; |kursach|cash:inst8|lpm_compare0:inst19|lpm_compare:lpm_compare_component|cmpr_cig:auto_generated|data_wire[1]~0                     ; |kursach|cash:inst8|lpm_compare0:inst19|lpm_compare:lpm_compare_component|cmpr_cig:auto_generated|data_wire[1]~0                     ; out0             ;
; |kursach|cash:inst8|lpm_compare0:inst19|lpm_compare:lpm_compare_component|cmpr_cig:auto_generated|data_wire[1]                       ; |kursach|cash:inst8|lpm_compare0:inst19|lpm_compare:lpm_compare_component|cmpr_cig:auto_generated|data_wire[1]                       ; out0             ;
; |kursach|cash:inst8|lpm_compare0:inst19|lpm_compare:lpm_compare_component|cmpr_cig:auto_generated|data_wire[0]~3                     ; |kursach|cash:inst8|lpm_compare0:inst19|lpm_compare:lpm_compare_component|cmpr_cig:auto_generated|data_wire[0]~3                     ; out0             ;
; |kursach|cash:inst8|lpm_compare0:inst19|lpm_compare:lpm_compare_component|cmpr_cig:auto_generated|data_wire[0]                       ; |kursach|cash:inst8|lpm_compare0:inst19|lpm_compare:lpm_compare_component|cmpr_cig:auto_generated|data_wire[0]                       ; out0             ;
; |kursach|cash:inst8|lpm_bustri1:inst67|lpm_bustri:lpm_bustri_component|dout[1]                                                       ; |kursach|cash:inst8|lpm_bustri1:inst67|lpm_bustri:lpm_bustri_component|dout[1]                                                       ; out              ;
; |kursach|cash:inst8|lpm_counter0:inst39|lpm_counter:lpm_counter_component|cntr_sej:auto_generated|cout_actual                        ; |kursach|cash:inst8|lpm_counter0:inst39|lpm_counter:lpm_counter_component|cntr_sej:auto_generated|cout_actual                        ; out0             ;
; |kursach|cash:inst8|lpm_counter0:inst39|lpm_counter:lpm_counter_component|cntr_sej:auto_generated|counter_comb_bita0                 ; |kursach|cash:inst8|lpm_counter0:inst39|lpm_counter:lpm_counter_component|cntr_sej:auto_generated|counter_comb_bita0                 ; sumout           ;
; |kursach|cash:inst8|lpm_counter0:inst39|lpm_counter:lpm_counter_component|cntr_sej:auto_generated|counter_comb_bita0                 ; |kursach|cash:inst8|lpm_counter0:inst39|lpm_counter:lpm_counter_component|cntr_sej:auto_generated|counter_comb_bita0~COUT            ; cout             ;
; |kursach|cash:inst8|lpm_counter0:inst39|lpm_counter:lpm_counter_component|cntr_sej:auto_generated|counter_comb_bita1                 ; |kursach|cash:inst8|lpm_counter0:inst39|lpm_counter:lpm_counter_component|cntr_sej:auto_generated|counter_comb_bita1                 ; sumout           ;
; |kursach|cash:inst8|lpm_counter0:inst39|lpm_counter:lpm_counter_component|cntr_sej:auto_generated|counter_comb_bita1                 ; |kursach|cash:inst8|lpm_counter0:inst39|lpm_counter:lpm_counter_component|cntr_sej:auto_generated|counter_comb_bita1~COUT            ; cout             ;
; |kursach|cash:inst8|lpm_counter0:inst39|lpm_counter:lpm_counter_component|cntr_sej:auto_generated|counter_comb_bita2                 ; |kursach|cash:inst8|lpm_counter0:inst39|lpm_counter:lpm_counter_component|cntr_sej:auto_generated|counter_comb_bita2                 ; sumout           ;
; |kursach|cash:inst8|lpm_counter0:inst39|lpm_counter:lpm_counter_component|cntr_sej:auto_generated|counter_comb_bita2                 ; |kursach|cash:inst8|lpm_counter0:inst39|lpm_counter:lpm_counter_component|cntr_sej:auto_generated|counter_comb_bita2~COUT            ; cout             ;
; |kursach|cash:inst8|lpm_counter0:inst39|lpm_counter:lpm_counter_component|cntr_sej:auto_generated|counter_comb_bita3                 ; |kursach|cash:inst8|lpm_counter0:inst39|lpm_counter:lpm_counter_component|cntr_sej:auto_generated|counter_comb_bita3                 ; sumout           ;
; |kursach|cash:inst8|lpm_counter0:inst39|lpm_counter:lpm_counter_component|cntr_sej:auto_generated|counter_comb_bita3                 ; |kursach|cash:inst8|lpm_counter0:inst39|lpm_counter:lpm_counter_component|cntr_sej:auto_generated|counter_comb_bita3~COUT            ; cout             ;
; |kursach|cash:inst8|lpm_counter0:inst39|lpm_counter:lpm_counter_component|cntr_sej:auto_generated|counter_reg_bit1a[3]               ; |kursach|cash:inst8|lpm_counter0:inst39|lpm_counter:lpm_counter_component|cntr_sej:auto_generated|safe_q[3]                          ; regout           ;
; |kursach|cash:inst8|lpm_counter0:inst39|lpm_counter:lpm_counter_component|cntr_sej:auto_generated|counter_reg_bit1a[2]               ; |kursach|cash:inst8|lpm_counter0:inst39|lpm_counter:lpm_counter_component|cntr_sej:auto_generated|safe_q[2]                          ; regout           ;
; |kursach|cash:inst8|lpm_counter0:inst39|lpm_counter:lpm_counter_component|cntr_sej:auto_generated|counter_reg_bit1a[1]               ; |kursach|cash:inst8|lpm_counter0:inst39|lpm_counter:lpm_counter_component|cntr_sej:auto_generated|safe_q[1]                          ; regout           ;
; |kursach|cash:inst8|lpm_counter0:inst39|lpm_counter:lpm_counter_component|cntr_sej:auto_generated|counter_reg_bit1a[0]               ; |kursach|cash:inst8|lpm_counter0:inst39|lpm_counter:lpm_counter_component|cntr_sej:auto_generated|safe_q[0]                          ; regout           ;
; |kursach|cash:inst8|lpm_counter0:inst39|lpm_counter:lpm_counter_component|cntr_sej:auto_generated|cmpr_adc:cmpr2|aneb_result_wire[0] ; |kursach|cash:inst8|lpm_counter0:inst39|lpm_counter:lpm_counter_component|cntr_sej:auto_generated|cmpr_adc:cmpr2|aneb_result_wire[0] ; out0             ;
; |kursach|cash:inst8|lpm_counter0:inst39|lpm_counter:lpm_counter_component|cntr_sej:auto_generated|cmpr_adc:cmpr2|data_wire[1]        ; |kursach|cash:inst8|lpm_counter0:inst39|lpm_counter:lpm_counter_component|cntr_sej:auto_generated|cmpr_adc:cmpr2|data_wire[1]        ; out0             ;
; |kursach|cash:inst8|lpm_counter0:inst39|lpm_counter:lpm_counter_component|cntr_sej:auto_generated|cmpr_adc:cmpr2|data_wire[0]        ; |kursach|cash:inst8|lpm_counter0:inst39|lpm_counter:lpm_counter_component|cntr_sej:auto_generated|cmpr_adc:cmpr2|data_wire[0]        ; out0             ;
; |kursach|cash:inst8|lpm_dff1:inst63|lpm_ff:lpm_ff_component|dffs[1]                                                                  ; |kursach|cash:inst8|lpm_dff1:inst63|lpm_ff:lpm_ff_component|dffs[1]                                                                  ; regout           ;
; |kursach|cash:inst8|lpm_dff1:inst63|lpm_ff:lpm_ff_component|dffs[0]                                                                  ; |kursach|cash:inst8|lpm_dff1:inst63|lpm_ff:lpm_ff_component|dffs[0]                                                                  ; regout           ;
; |kursach|cash:inst8|lpm_bustri1:inst90|tridata[1]~3                                                                                  ; |kursach|cash:inst8|lpm_bustri1:inst90|tridata[1]~3                                                                                  ; out0             ;
; |kursach|cash:inst8|lpm_bustri1:inst90|tridata[0]~4                                                                                  ; |kursach|cash:inst8|lpm_bustri1:inst90|tridata[0]~4                                                                                  ; out0             ;
; |kursach|cash:inst8|lpm_bustri1:inst90|lpm_bustri:lpm_bustri_component|dout[1]                                                       ; |kursach|cash:inst8|lpm_bustri1:inst90|lpm_bustri:lpm_bustri_component|dout[1]                                                       ; out              ;
; |kursach|cash:inst8|lpm_bustri1:inst90|lpm_bustri:lpm_bustri_component|dout[0]                                                       ; |kursach|cash:inst8|lpm_bustri1:inst90|lpm_bustri:lpm_bustri_component|dout[0]                                                       ; out              ;
; |kursach|cash:inst8|lpm_compare0:inst36|lpm_compare:lpm_compare_component|cmpr_cig:auto_generated|aneb_result_wire[0]~0              ; |kursach|cash:inst8|lpm_compare0:inst36|lpm_compare:lpm_compare_component|cmpr_cig:auto_generated|aneb_result_wire[0]~0              ; out0             ;
; |kursach|cash:inst8|lpm_compare0:inst36|lpm_compare:lpm_compare_component|cmpr_cig:auto_generated|aneb_result_wire[0]                ; |kursach|cash:inst8|lpm_compare0:inst36|lpm_compare:lpm_compare_component|cmpr_cig:auto_generated|aneb_result_wire[0]                ; out0             ;
; |kursach|cash:inst8|lpm_compare0:inst36|lpm_compare:lpm_compare_component|cmpr_cig:auto_generated|data_wire[1]~0                     ; |kursach|cash:inst8|lpm_compare0:inst36|lpm_compare:lpm_compare_component|cmpr_cig:auto_generated|data_wire[1]~0                     ; out0             ;
; |kursach|cash:inst8|lpm_compare0:inst36|lpm_compare:lpm_compare_component|cmpr_cig:auto_generated|data_wire[1]                       ; |kursach|cash:inst8|lpm_compare0:inst36|lpm_compare:lpm_compare_component|cmpr_cig:auto_generated|data_wire[1]                       ; out0             ;
; |kursach|cash:inst8|lpm_compare0:inst36|lpm_compare:lpm_compare_component|cmpr_cig:auto_generated|data_wire[0]~3                     ; |kursach|cash:inst8|lpm_compare0:inst36|lpm_compare:lpm_compare_component|cmpr_cig:auto_generated|data_wire[0]~3                     ; out0             ;
; |kursach|cash:inst8|lpm_compare0:inst36|lpm_compare:lpm_compare_component|cmpr_cig:auto_generated|data_wire[0]                       ; |kursach|cash:inst8|lpm_compare0:inst36|lpm_compare:lpm_compare_component|cmpr_cig:auto_generated|data_wire[0]                       ; out0             ;
; |kursach|cash:inst8|lpm_add_sub1:inst93|lpm_add_sub:lpm_add_sub_component|add_sub_uph:auto_generated|op_1~0                          ; |kursach|cash:inst8|lpm_add_sub1:inst93|lpm_add_sub:lpm_add_sub_component|add_sub_uph:auto_generated|op_1~0                          ; out0             ;
; |kursach|cash:inst8|lpm_add_sub1:inst93|lpm_add_sub:lpm_add_sub_component|add_sub_uph:auto_generated|op_1~1                          ; |kursach|cash:inst8|lpm_add_sub1:inst93|lpm_add_sub:lpm_add_sub_component|add_sub_uph:auto_generated|op_1~1                          ; out0             ;
; |kursach|cash:inst8|lpm_add_sub1:inst93|lpm_add_sub:lpm_add_sub_component|add_sub_uph:auto_generated|op_1~2                          ; |kursach|cash:inst8|lpm_add_sub1:inst93|lpm_add_sub:lpm_add_sub_component|add_sub_uph:auto_generated|op_1~2                          ; out0             ;
; |kursach|cash:inst8|lpm_add_sub1:inst93|lpm_add_sub:lpm_add_sub_component|add_sub_uph:auto_generated|op_1~3                          ; |kursach|cash:inst8|lpm_add_sub1:inst93|lpm_add_sub:lpm_add_sub_component|add_sub_uph:auto_generated|op_1~3                          ; out0             ;
; |kursach|cash:inst8|lpm_add_sub1:inst60|lpm_add_sub:lpm_add_sub_component|add_sub_uph:auto_generated|op_1~0                          ; |kursach|cash:inst8|lpm_add_sub1:inst60|lpm_add_sub:lpm_add_sub_component|add_sub_uph:auto_generated|op_1~0                          ; out0             ;
; |kursach|cash:inst8|lpm_add_sub1:inst60|lpm_add_sub:lpm_add_sub_component|add_sub_uph:auto_generated|op_1~1                          ; |kursach|cash:inst8|lpm_add_sub1:inst60|lpm_add_sub:lpm_add_sub_component|add_sub_uph:auto_generated|op_1~1                          ; out0             ;
; |kursach|cash:inst8|lpm_add_sub1:inst60|lpm_add_sub:lpm_add_sub_component|add_sub_uph:auto_generated|op_1~2                          ; |kursach|cash:inst8|lpm_add_sub1:inst60|lpm_add_sub:lpm_add_sub_component|add_sub_uph:auto_generated|op_1~2                          ; out0             ;
; |kursach|cash:inst8|lpm_add_sub1:inst60|lpm_add_sub:lpm_add_sub_component|add_sub_uph:auto_generated|op_1~3                          ; |kursach|cash:inst8|lpm_add_sub1:inst60|lpm_add_sub:lpm_add_sub_component|add_sub_uph:auto_generated|op_1~3                          ; out0             ;
+--------------------------------------------------------------------------------------------------------------------------------------+--------------------------------------------------------------------------------------------------------------------------------------+------------------+


The following table displays output ports that do not toggle to 1 during simulation.
+--------------------------------------------------------------------------------------------------------------------------------------------------------------------------------------------------------------------------------------------------------+
; Missing 1-Value Coverage                                                                                                                                                                                                                               ;
+------------------------------------------------------------------------------------------------------------------+------------------------------------------------------------------------------------------------------------------+------------------+
; Node Name                                                                                                        ; Output Port Name                                                                                                 ; Output Port Type ;
+------------------------------------------------------------------------------------------------------------------+------------------------------------------------------------------------------------------------------------------+------------------+
; |kursach|address[9]                                                                                              ; |kursach|address[9]                                                                                              ; out              ;
; |kursach|address[8]                                                                                              ; |kursach|address[8]                                                                                              ; out              ;
; |kursach|address[5]                                                                                              ; |kursach|address[5]                                                                                              ; out              ;
; |kursach|address[4]                                                                                              ; |kursach|address[4]                                                                                              ; out              ;
; |kursach|address[3]                                                                                              ; |kursach|address[3]                                                                                              ; out              ;
; |kursach|read_write_per                                                                                          ; |kursach|read_write_per                                                                                          ; out              ;
; |kursach|per_strob                                                                                               ; |kursach|per_strob                                                                                               ; out              ;
; |kursach|gdfx_temp1[9]                                                                                           ; |kursach|gdfx_temp1[9]                                                                                           ; out0             ;
; |kursach|gdfx_temp1[8]                                                                                           ; |kursach|gdfx_temp1[8]                                                                                           ; out0             ;
; |kursach|gdfx_temp1[5]                                                                                           ; |kursach|gdfx_temp1[5]                                                                                           ; out0             ;
; |kursach|gdfx_temp1[4]                                                                                           ; |kursach|gdfx_temp1[4]                                                                                           ; out0             ;
; |kursach|gdfx_temp1[3]                                                                                           ; |kursach|gdfx_temp1[3]                                                                                           ; out0             ;
; |kursach|per_address[9]                                                                                          ; |kursach|per_address[9]                                                                                          ; out              ;
; |kursach|per_address[8]                                                                                          ; |kursach|per_address[8]                                                                                          ; out              ;
; |kursach|per_address[7]                                                                                          ; |kursach|per_address[7]                                                                                          ; out              ;
; |kursach|per_address[6]                                                                                          ; |kursach|per_address[6]                                                                                          ; out              ;
; |kursach|per_address[5]                                                                                          ; |kursach|per_address[5]                                                                                          ; out              ;
; |kursach|per_address[4]                                                                                          ; |kursach|per_address[4]                                                                                          ; out              ;
; |kursach|per_address[3]                                                                                          ; |kursach|per_address[3]                                                                                          ; out              ;
; |kursach|per_address[2]                                                                                          ; |kursach|per_address[2]                                                                                          ; out              ;
; |kursach|per_address[1]                                                                                          ; |kursach|per_address[1]                                                                                          ; out              ;
; |kursach|per_address[0]                                                                                          ; |kursach|per_address[0]                                                                                          ; out              ;
; |kursach|address_o[9]                                                                                            ; |kursach|address_o[9]                                                                                            ; pin_out          ;
; |kursach|address_o[8]                                                                                            ; |kursach|address_o[8]                                                                                            ; pin_out          ;
; |kursach|address_o[5]                                                                                            ; |kursach|address_o[5]                                                                                            ; pin_out          ;
; |kursach|address_o[4]                                                                                            ; |kursach|address_o[4]                                                                                            ; pin_out          ;
; |kursach|address_o[3]                                                                                            ; |kursach|address_o[3]                                                                                            ; pin_out          ;
; |kursach|per_data[7]                                                                                             ; |kursach|per_data[7]                                                                                             ; out              ;
; |kursach|per_data[6]                                                                                             ; |kursach|per_data[6]                                                                                             ; out              ;
; |kursach|per_data[5]                                                                                             ; |kursach|per_data[5]                                                                                             ; out              ;
; |kursach|per_data[4]                                                                                             ; |kursach|per_data[4]                                                                                             ; out              ;
; |kursach|per_data[3]                                                                                             ; |kursach|per_data[3]                                                                                             ; out              ;
; |kursach|per_data[2]                                                                                             ; |kursach|per_data[2]                                                                                             ; out              ;
; |kursach|per_data[1]                                                                                             ; |kursach|per_data[1]                                                                                             ; out              ;
; |kursach|per_data[0]                                                                                             ; |kursach|per_data[0]                                                                                             ; out              ;
; |kursach|write[6]                                                                                                ; |kursach|write[6]                                                                                                ; out              ;
; |kursach|write[3]                                                                                                ; |kursach|write[3]                                                                                                ; out              ;
; |kursach|write[2]                                                                                                ; |kursach|write[2]                                                                                                ; out              ;
; |kursach|write[1]                                                                                                ; |kursach|write[1]                                                                                                ; out              ;
; |kursach|ad[9]                                                                                                   ; |kursach|ad[9]                                                                                                   ; pin_out          ;
; |kursach|ad[8]                                                                                                   ; |kursach|ad[8]                                                                                                   ; pin_out          ;
; |kursach|ad[5]                                                                                                   ; |kursach|ad[5]                                                                                                   ; pin_out          ;
; |kursach|ad[4]                                                                                                   ; |kursach|ad[4]                                                                                                   ; pin_out          ;
; |kursach|ad[3]                                                                                                   ; |kursach|ad[3]                                                                                                   ; pin_out          ;
; |kursach|dff0[0]                                                                                                 ; |kursach|dff0[0]                                                                                                 ; pin_out          ;
; |kursach|dff1[6]                                                                                                 ; |kursach|dff1[6]                                                                                                 ; pin_out          ;
; |kursach|dff1[5]                                                                                                 ; |kursach|dff1[5]                                                                                                 ; pin_out          ;
; |kursach|dff1[4]                                                                                                 ; |kursach|dff1[4]                                                                                                 ; pin_out          ;
; |kursach|dff1[3]                                                                                                 ; |kursach|dff1[3]                                                                                                 ; pin_out          ;
; |kursach|dff1[2]                                                                                                 ; |kursach|dff1[2]                                                                                                 ; pin_out          ;
; |kursach|dff1[1]                                                                                                 ; |kursach|dff1[1]                                                                                                 ; pin_out          ;
; |kursach|dff10[7]                                                                                                ; |kursach|dff10[7]                                                                                                ; pin_out          ;
; |kursach|dff10[5]                                                                                                ; |kursach|dff10[5]                                                                                                ; pin_out          ;
; |kursach|dff10[4]                                                                                                ; |kursach|dff10[4]                                                                                                ; pin_out          ;
; |kursach|dff10[3]                                                                                                ; |kursach|dff10[3]                                                                                                ; pin_out          ;
; |kursach|dff10[2]                                                                                                ; |kursach|dff10[2]                                                                                                ; pin_out          ;
; |kursach|dff10[0]                                                                                                ; |kursach|dff10[0]                                                                                                ; pin_out          ;
; |kursach|dff11[7]                                                                                                ; |kursach|dff11[7]                                                                                                ; pin_out          ;
; |kursach|dff11[5]                                                                                                ; |kursach|dff11[5]                                                                                                ; pin_out          ;
; |kursach|dff11[4]                                                                                                ; |kursach|dff11[4]                                                                                                ; pin_out          ;
; |kursach|dff11[3]                                                                                                ; |kursach|dff11[3]                                                                                                ; pin_out          ;
; |kursach|dff11[2]                                                                                                ; |kursach|dff11[2]                                                                                                ; pin_out          ;
; |kursach|dff12[7]                                                                                                ; |kursach|dff12[7]                                                                                                ; pin_out          ;
; |kursach|dff12[5]                                                                                                ; |kursach|dff12[5]                                                                                                ; pin_out          ;
; |kursach|dff12[4]                                                                                                ; |kursach|dff12[4]                                                                                                ; pin_out          ;
; |kursach|dff12[3]                                                                                                ; |kursach|dff12[3]                                                                                                ; pin_out          ;
; |kursach|dff12[1]                                                                                                ; |kursach|dff12[1]                                                                                                ; pin_out          ;
; |kursach|dff12[0]                                                                                                ; |kursach|dff12[0]                                                                                                ; pin_out          ;
; |kursach|dff13[3]                                                                                                ; |kursach|dff13[3]                                                                                                ; pin_out          ;
; |kursach|dff13[1]                                                                                                ; |kursach|dff13[1]                                                                                                ; pin_out          ;
; |kursach|dff14[7]                                                                                                ; |kursach|dff14[7]                                                                                                ; pin_out          ;
; |kursach|dff14[5]                                                                                                ; |kursach|dff14[5]                                                                                                ; pin_out          ;
; |kursach|dff14[4]                                                                                                ; |kursach|dff14[4]                                                                                                ; pin_out          ;
; |kursach|dff14[3]                                                                                                ; |kursach|dff14[3]                                                                                                ; pin_out          ;
; |kursach|dff14[0]                                                                                                ; |kursach|dff14[0]                                                                                                ; pin_out          ;
; |kursach|dff2[6]                                                                                                 ; |kursach|dff2[6]                                                                                                 ; pin_out          ;
; |kursach|dff2[5]                                                                                                 ; |kursach|dff2[5]                                                                                                 ; pin_out          ;
; |kursach|dff2[4]                                                                                                 ; |kursach|dff2[4]                                                                                                 ; pin_out          ;
; |kursach|dff2[3]                                                                                                 ; |kursach|dff2[3]                                                                                                 ; pin_out          ;
; |kursach|dff2[2]                                                                                                 ; |kursach|dff2[2]                                                                                                 ; pin_out          ;
; |kursach|dff2[0]                                                                                                 ; |kursach|dff2[0]                                                                                                 ; pin_out          ;
; |kursach|dff3[6]                                                                                                 ; |kursach|dff3[6]                                                                                                 ; pin_out          ;
; |kursach|dff3[5]                                                                                                 ; |kursach|dff3[5]                                                                                                 ; pin_out          ;
; |kursach|dff3[4]                                                                                                 ; |kursach|dff3[4]                                                                                                 ; pin_out          ;
; |kursach|dff3[3]                                                                                                 ; |kursach|dff3[3]                                                                                                 ; pin_out          ;
; |kursach|dff3[2]                                                                                                 ; |kursach|dff3[2]                                                                                                 ; pin_out          ;
; |kursach|dff4[6]                                                                                                 ; |kursach|dff4[6]                                                                                                 ; pin_out          ;
; |kursach|dff4[5]                                                                                                 ; |kursach|dff4[5]                                                                                                 ; pin_out          ;
; |kursach|dff4[4]                                                                                                 ; |kursach|dff4[4]                                                                                                 ; pin_out          ;
; |kursach|dff4[3]                                                                                                 ; |kursach|dff4[3]                                                                                                 ; pin_out          ;
; |kursach|dff4[1]                                                                                                 ; |kursach|dff4[1]                                                                                                 ; pin_out          ;
; |kursach|dff4[0]                                                                                                 ; |kursach|dff4[0]                                                                                                 ; pin_out          ;
; |kursach|dff5[6]                                                                                                 ; |kursach|dff5[6]                                                                                                 ; pin_out          ;
; |kursach|dff5[3]                                                                                                 ; |kursach|dff5[3]                                                                                                 ; pin_out          ;
; |kursach|dff5[1]                                                                                                 ; |kursach|dff5[1]                                                                                                 ; pin_out          ;
; |kursach|dff6[6]                                                                                                 ; |kursach|dff6[6]                                                                                                 ; pin_out          ;
; |kursach|dff6[5]                                                                                                 ; |kursach|dff6[5]                                                                                                 ; pin_out          ;
; |kursach|dff6[4]                                                                                                 ; |kursach|dff6[4]                                                                                                 ; pin_out          ;
; |kursach|dff6[3]                                                                                                 ; |kursach|dff6[3]                                                                                                 ; pin_out          ;
; |kursach|dff6[0]                                                                                                 ; |kursach|dff6[0]                                                                                                 ; pin_out          ;
; |kursach|dff8[0]                                                                                                 ; |kursach|dff8[0]                                                                                                 ; pin_out          ;
; |kursach|dff9[7]                                                                                                 ; |kursach|dff9[7]                                                                                                 ; pin_out          ;
; |kursach|dff9[5]                                                                                                 ; |kursach|dff9[5]                                                                                                 ; pin_out          ;
; |kursach|dff9[4]                                                                                                 ; |kursach|dff9[4]                                                                                                 ; pin_out          ;
; |kursach|dff9[3]                                                                                                 ; |kursach|dff9[3]                                                                                                 ; pin_out          ;
; |kursach|dff9[2]                                                                                                 ; |kursach|dff9[2]                                                                                                 ; pin_out          ;
; |kursach|dff9[1]                                                                                                 ; |kursach|dff9[1]                                                                                                 ; pin_out          ;
; |kursach|lpm_bustri0:inst5|lpm_bustri:lpm_bustri_component|dout[7]                                               ; |kursach|lpm_bustri0:inst5|lpm_bustri:lpm_bustri_component|dout[7]                                               ; out              ;
; |kursach|lpm_bustri0:inst5|lpm_bustri:lpm_bustri_component|dout[6]                                               ; |kursach|lpm_bustri0:inst5|lpm_bustri:lpm_bustri_component|dout[6]                                               ; out              ;
; |kursach|lpm_bustri0:inst5|lpm_bustri:lpm_bustri_component|dout[5]                                               ; |kursach|lpm_bustri0:inst5|lpm_bustri:lpm_bustri_component|dout[5]                                               ; out              ;
; |kursach|lpm_bustri0:inst5|lpm_bustri:lpm_bustri_component|dout[4]                                               ; |kursach|lpm_bustri0:inst5|lpm_bustri:lpm_bustri_component|dout[4]                                               ; out              ;
; |kursach|lpm_bustri0:inst5|lpm_bustri:lpm_bustri_component|dout[3]                                               ; |kursach|lpm_bustri0:inst5|lpm_bustri:lpm_bustri_component|dout[3]                                               ; out              ;
; |kursach|lpm_bustri0:inst5|lpm_bustri:lpm_bustri_component|dout[2]                                               ; |kursach|lpm_bustri0:inst5|lpm_bustri:lpm_bustri_component|dout[2]                                               ; out              ;
; |kursach|lpm_bustri0:inst5|lpm_bustri:lpm_bustri_component|dout[1]                                               ; |kursach|lpm_bustri0:inst5|lpm_bustri:lpm_bustri_component|dout[1]                                               ; out              ;
; |kursach|lpm_bustri0:inst5|lpm_bustri:lpm_bustri_component|dout[0]                                               ; |kursach|lpm_bustri0:inst5|lpm_bustri:lpm_bustri_component|dout[0]                                               ; out              ;
; |kursach|lpm_bustri3:inst4|lpm_bustri:lpm_bustri_component|dout[9]                                               ; |kursach|lpm_bustri3:inst4|lpm_bustri:lpm_bustri_component|dout[9]                                               ; out              ;
; |kursach|lpm_bustri3:inst4|lpm_bustri:lpm_bustri_component|dout[8]                                               ; |kursach|lpm_bustri3:inst4|lpm_bustri:lpm_bustri_component|dout[8]                                               ; out              ;
; |kursach|lpm_bustri3:inst4|lpm_bustri:lpm_bustri_component|dout[5]                                               ; |kursach|lpm_bustri3:inst4|lpm_bustri:lpm_bustri_component|dout[5]                                               ; out              ;
; |kursach|lpm_bustri3:inst4|lpm_bustri:lpm_bustri_component|dout[4]                                               ; |kursach|lpm_bustri3:inst4|lpm_bustri:lpm_bustri_component|dout[4]                                               ; out              ;
; |kursach|lpm_bustri3:inst4|lpm_bustri:lpm_bustri_component|dout[3]                                               ; |kursach|lpm_bustri3:inst4|lpm_bustri:lpm_bustri_component|dout[3]                                               ; out              ;
; |kursach|lpm_bustri3:inst3|lpm_bustri:lpm_bustri_component|dout[9]                                               ; |kursach|lpm_bustri3:inst3|lpm_bustri:lpm_bustri_component|dout[9]                                               ; out              ;
; |kursach|lpm_bustri3:inst3|lpm_bustri:lpm_bustri_component|dout[8]                                               ; |kursach|lpm_bustri3:inst3|lpm_bustri:lpm_bustri_component|dout[8]                                               ; out              ;
; |kursach|lpm_bustri3:inst3|lpm_bustri:lpm_bustri_component|dout[7]                                               ; |kursach|lpm_bustri3:inst3|lpm_bustri:lpm_bustri_component|dout[7]                                               ; out              ;
; |kursach|lpm_bustri3:inst3|lpm_bustri:lpm_bustri_component|dout[6]                                               ; |kursach|lpm_bustri3:inst3|lpm_bustri:lpm_bustri_component|dout[6]                                               ; out              ;
; |kursach|lpm_bustri3:inst3|lpm_bustri:lpm_bustri_component|dout[5]                                               ; |kursach|lpm_bustri3:inst3|lpm_bustri:lpm_bustri_component|dout[5]                                               ; out              ;
; |kursach|lpm_bustri3:inst3|lpm_bustri:lpm_bustri_component|dout[4]                                               ; |kursach|lpm_bustri3:inst3|lpm_bustri:lpm_bustri_component|dout[4]                                               ; out              ;
; |kursach|lpm_bustri3:inst3|lpm_bustri:lpm_bustri_component|dout[3]                                               ; |kursach|lpm_bustri3:inst3|lpm_bustri:lpm_bustri_component|dout[3]                                               ; out              ;
; |kursach|lpm_bustri3:inst3|lpm_bustri:lpm_bustri_component|dout[2]                                               ; |kursach|lpm_bustri3:inst3|lpm_bustri:lpm_bustri_component|dout[2]                                               ; out              ;
; |kursach|lpm_bustri3:inst3|lpm_bustri:lpm_bustri_component|dout[1]                                               ; |kursach|lpm_bustri3:inst3|lpm_bustri:lpm_bustri_component|dout[1]                                               ; out              ;
; |kursach|lpm_bustri3:inst3|lpm_bustri:lpm_bustri_component|dout[0]                                               ; |kursach|lpm_bustri3:inst3|lpm_bustri:lpm_bustri_component|dout[0]                                               ; out              ;
; |kursach|arbitr:inst2|inst4                                                                                      ; |kursach|arbitr:inst2|inst4                                                                                      ; out0             ;
; |kursach|arbitr:inst2|inst                                                                                       ; |kursach|arbitr:inst2|inst                                                                                       ; out0             ;
; |kursach|cash:inst8|gdfx_temp4[4]                                                                                ; |kursach|cash:inst8|gdfx_temp4[4]                                                                                ; out0             ;
; |kursach|cash:inst8|gdfx_temp4[3]                                                                                ; |kursach|cash:inst8|gdfx_temp4[3]                                                                                ; out0             ;
; |kursach|cash:inst8|gdfx_temp4[2]                                                                                ; |kursach|cash:inst8|gdfx_temp4[2]                                                                                ; out0             ;
; |kursach|cash:inst8|gdfx_temp1[4]                                                                                ; |kursach|cash:inst8|gdfx_temp1[4]                                                                                ; out0             ;
; |kursach|cash:inst8|gdfx_temp1[3]                                                                                ; |kursach|cash:inst8|gdfx_temp1[3]                                                                                ; out0             ;
; |kursach|cash:inst8|gdfx_temp1[1]                                                                                ; |kursach|cash:inst8|gdfx_temp1[1]                                                                                ; out0             ;
; |kursach|cash:inst8|inst127                                                                                      ; |kursach|cash:inst8|inst127                                                                                      ; out0             ;
; |kursach|cash:inst8|gdfx_temp0[9]                                                                                ; |kursach|cash:inst8|gdfx_temp0[9]                                                                                ; out0             ;
; |kursach|cash:inst8|gdfx_temp0[8]                                                                                ; |kursach|cash:inst8|gdfx_temp0[8]                                                                                ; out0             ;
; |kursach|cash:inst8|gdfx_temp0[5]                                                                                ; |kursach|cash:inst8|gdfx_temp0[5]                                                                                ; out0             ;
; |kursach|cash:inst8|gdfx_temp0[4]                                                                                ; |kursach|cash:inst8|gdfx_temp0[4]                                                                                ; out0             ;
; |kursach|cash:inst8|gdfx_temp0[3]                                                                                ; |kursach|cash:inst8|gdfx_temp0[3]                                                                                ; out0             ;
; |kursach|cash:inst8|ttt[4]                                                                                       ; |kursach|cash:inst8|ttt[4]                                                                                       ; out0             ;
; |kursach|cash:inst8|ttt[3]                                                                                       ; |kursach|cash:inst8|ttt[3]                                                                                       ; out0             ;
; |kursach|cash:inst8|inst130                                                                                      ; |kursach|cash:inst8|inst130                                                                                      ; out0             ;
; |kursach|cash:inst8|inst353                                                                                      ; |kursach|cash:inst8|inst353                                                                                      ; out0             ;
; |kursach|cash:inst8|lpm_bustri0:inst420|lpm_bustri:lpm_bustri_component|dout[7]                                  ; |kursach|cash:inst8|lpm_bustri0:inst420|lpm_bustri:lpm_bustri_component|dout[7]                                  ; out              ;
; |kursach|cash:inst8|lpm_bustri0:inst420|lpm_bustri:lpm_bustri_component|dout[6]                                  ; |kursach|cash:inst8|lpm_bustri0:inst420|lpm_bustri:lpm_bustri_component|dout[6]                                  ; out              ;
; |kursach|cash:inst8|lpm_bustri0:inst420|lpm_bustri:lpm_bustri_component|dout[5]                                  ; |kursach|cash:inst8|lpm_bustri0:inst420|lpm_bustri:lpm_bustri_component|dout[5]                                  ; out              ;
; |kursach|cash:inst8|lpm_bustri0:inst420|lpm_bustri:lpm_bustri_component|dout[4]                                  ; |kursach|cash:inst8|lpm_bustri0:inst420|lpm_bustri:lpm_bustri_component|dout[4]                                  ; out              ;
; |kursach|cash:inst8|lpm_bustri0:inst420|lpm_bustri:lpm_bustri_component|dout[3]                                  ; |kursach|cash:inst8|lpm_bustri0:inst420|lpm_bustri:lpm_bustri_component|dout[3]                                  ; out              ;
; |kursach|cash:inst8|lpm_bustri0:inst420|lpm_bustri:lpm_bustri_component|dout[2]                                  ; |kursach|cash:inst8|lpm_bustri0:inst420|lpm_bustri:lpm_bustri_component|dout[2]                                  ; out              ;
; |kursach|cash:inst8|lpm_bustri0:inst420|lpm_bustri:lpm_bustri_component|dout[1]                                  ; |kursach|cash:inst8|lpm_bustri0:inst420|lpm_bustri:lpm_bustri_component|dout[1]                                  ; out              ;
; |kursach|cash:inst8|lpm_bustri0:inst420|lpm_bustri:lpm_bustri_component|dout[0]                                  ; |kursach|cash:inst8|lpm_bustri0:inst420|lpm_bustri:lpm_bustri_component|dout[0]                                  ; out              ;
; |kursach|cash:inst8|lpm_bustri0:inst302|lpm_bustri:lpm_bustri_component|dout[6]                                  ; |kursach|cash:inst8|lpm_bustri0:inst302|lpm_bustri:lpm_bustri_component|dout[6]                                  ; out              ;
; |kursach|cash:inst8|lpm_bustri0:inst302|lpm_bustri:lpm_bustri_component|dout[3]                                  ; |kursach|cash:inst8|lpm_bustri0:inst302|lpm_bustri:lpm_bustri_component|dout[3]                                  ; out              ;
; |kursach|cash:inst8|lpm_bustri0:inst302|lpm_bustri:lpm_bustri_component|dout[2]                                  ; |kursach|cash:inst8|lpm_bustri0:inst302|lpm_bustri:lpm_bustri_component|dout[2]                                  ; out              ;
; |kursach|cash:inst8|lpm_bustri0:inst302|lpm_bustri:lpm_bustri_component|dout[1]                                  ; |kursach|cash:inst8|lpm_bustri0:inst302|lpm_bustri:lpm_bustri_component|dout[1]                                  ; out              ;
; |kursach|cash:inst8|lpm_bustri0:inst86|lpm_bustri:lpm_bustri_component|dout[7]                                   ; |kursach|cash:inst8|lpm_bustri0:inst86|lpm_bustri:lpm_bustri_component|dout[7]                                   ; out              ;
; |kursach|cash:inst8|lpm_bustri0:inst86|lpm_bustri:lpm_bustri_component|dout[6]                                   ; |kursach|cash:inst8|lpm_bustri0:inst86|lpm_bustri:lpm_bustri_component|dout[6]                                   ; out              ;
; |kursach|cash:inst8|lpm_bustri0:inst86|lpm_bustri:lpm_bustri_component|dout[5]                                   ; |kursach|cash:inst8|lpm_bustri0:inst86|lpm_bustri:lpm_bustri_component|dout[5]                                   ; out              ;
; |kursach|cash:inst8|lpm_bustri0:inst86|lpm_bustri:lpm_bustri_component|dout[4]                                   ; |kursach|cash:inst8|lpm_bustri0:inst86|lpm_bustri:lpm_bustri_component|dout[4]                                   ; out              ;
; |kursach|cash:inst8|lpm_bustri0:inst86|lpm_bustri:lpm_bustri_component|dout[3]                                   ; |kursach|cash:inst8|lpm_bustri0:inst86|lpm_bustri:lpm_bustri_component|dout[3]                                   ; out              ;
; |kursach|cash:inst8|lpm_bustri0:inst86|lpm_bustri:lpm_bustri_component|dout[2]                                   ; |kursach|cash:inst8|lpm_bustri0:inst86|lpm_bustri:lpm_bustri_component|dout[2]                                   ; out              ;
; |kursach|cash:inst8|lpm_bustri0:inst86|lpm_bustri:lpm_bustri_component|dout[1]                                   ; |kursach|cash:inst8|lpm_bustri0:inst86|lpm_bustri:lpm_bustri_component|dout[1]                                   ; out              ;
; |kursach|cash:inst8|lpm_bustri0:inst86|lpm_bustri:lpm_bustri_component|dout[0]                                   ; |kursach|cash:inst8|lpm_bustri0:inst86|lpm_bustri:lpm_bustri_component|dout[0]                                   ; out              ;
; |kursach|cash:inst8|lpm_dff0:inst77|lpm_ff:lpm_ff_component|dffs[7]                                              ; |kursach|cash:inst8|lpm_dff0:inst77|lpm_ff:lpm_ff_component|dffs[7]                                              ; regout           ;
; |kursach|cash:inst8|lpm_dff0:inst77|lpm_ff:lpm_ff_component|dffs[5]                                              ; |kursach|cash:inst8|lpm_dff0:inst77|lpm_ff:lpm_ff_component|dffs[5]                                              ; regout           ;
; |kursach|cash:inst8|lpm_dff0:inst77|lpm_ff:lpm_ff_component|dffs[4]                                              ; |kursach|cash:inst8|lpm_dff0:inst77|lpm_ff:lpm_ff_component|dffs[4]                                              ; regout           ;
; |kursach|cash:inst8|lpm_dff0:inst77|lpm_ff:lpm_ff_component|dffs[3]                                              ; |kursach|cash:inst8|lpm_dff0:inst77|lpm_ff:lpm_ff_component|dffs[3]                                              ; regout           ;
; |kursach|cash:inst8|lpm_dff0:inst77|lpm_ff:lpm_ff_component|dffs[0]                                              ; |kursach|cash:inst8|lpm_dff0:inst77|lpm_ff:lpm_ff_component|dffs[0]                                              ; regout           ;
; |kursach|cash:inst8|lpm_bustri0:inst85|lpm_bustri:lpm_bustri_component|dout[7]                                   ; |kursach|cash:inst8|lpm_bustri0:inst85|lpm_bustri:lpm_bustri_component|dout[7]                                   ; out              ;
; |kursach|cash:inst8|lpm_bustri0:inst85|lpm_bustri:lpm_bustri_component|dout[5]                                   ; |kursach|cash:inst8|lpm_bustri0:inst85|lpm_bustri:lpm_bustri_component|dout[5]                                   ; out              ;
; |kursach|cash:inst8|lpm_bustri0:inst85|lpm_bustri:lpm_bustri_component|dout[4]                                   ; |kursach|cash:inst8|lpm_bustri0:inst85|lpm_bustri:lpm_bustri_component|dout[4]                                   ; out              ;
; |kursach|cash:inst8|lpm_bustri0:inst85|lpm_bustri:lpm_bustri_component|dout[3]                                   ; |kursach|cash:inst8|lpm_bustri0:inst85|lpm_bustri:lpm_bustri_component|dout[3]                                   ; out              ;
; |kursach|cash:inst8|lpm_bustri0:inst85|lpm_bustri:lpm_bustri_component|dout[0]                                   ; |kursach|cash:inst8|lpm_bustri0:inst85|lpm_bustri:lpm_bustri_component|dout[0]                                   ; out              ;
; |kursach|cash:inst8|lpm_dff0:inst76|lpm_ff:lpm_ff_component|dffs[3]                                              ; |kursach|cash:inst8|lpm_dff0:inst76|lpm_ff:lpm_ff_component|dffs[3]                                              ; regout           ;
; |kursach|cash:inst8|lpm_dff0:inst76|lpm_ff:lpm_ff_component|dffs[1]                                              ; |kursach|cash:inst8|lpm_dff0:inst76|lpm_ff:lpm_ff_component|dffs[1]                                              ; regout           ;
; |kursach|cash:inst8|lpm_bustri0:inst84|lpm_bustri:lpm_bustri_component|dout[7]                                   ; |kursach|cash:inst8|lpm_bustri0:inst84|lpm_bustri:lpm_bustri_component|dout[7]                                   ; out              ;
; |kursach|cash:inst8|lpm_bustri0:inst84|lpm_bustri:lpm_bustri_component|dout[6]                                   ; |kursach|cash:inst8|lpm_bustri0:inst84|lpm_bustri:lpm_bustri_component|dout[6]                                   ; out              ;
; |kursach|cash:inst8|lpm_bustri0:inst84|lpm_bustri:lpm_bustri_component|dout[5]                                   ; |kursach|cash:inst8|lpm_bustri0:inst84|lpm_bustri:lpm_bustri_component|dout[5]                                   ; out              ;
; |kursach|cash:inst8|lpm_bustri0:inst84|lpm_bustri:lpm_bustri_component|dout[4]                                   ; |kursach|cash:inst8|lpm_bustri0:inst84|lpm_bustri:lpm_bustri_component|dout[4]                                   ; out              ;
; |kursach|cash:inst8|lpm_bustri0:inst84|lpm_bustri:lpm_bustri_component|dout[3]                                   ; |kursach|cash:inst8|lpm_bustri0:inst84|lpm_bustri:lpm_bustri_component|dout[3]                                   ; out              ;
; |kursach|cash:inst8|lpm_bustri0:inst84|lpm_bustri:lpm_bustri_component|dout[2]                                   ; |kursach|cash:inst8|lpm_bustri0:inst84|lpm_bustri:lpm_bustri_component|dout[2]                                   ; out              ;
; |kursach|cash:inst8|lpm_bustri0:inst84|lpm_bustri:lpm_bustri_component|dout[1]                                   ; |kursach|cash:inst8|lpm_bustri0:inst84|lpm_bustri:lpm_bustri_component|dout[1]                                   ; out              ;
; |kursach|cash:inst8|lpm_bustri0:inst84|lpm_bustri:lpm_bustri_component|dout[0]                                   ; |kursach|cash:inst8|lpm_bustri0:inst84|lpm_bustri:lpm_bustri_component|dout[0]                                   ; out              ;
; |kursach|cash:inst8|lpm_dff0:inst75|lpm_ff:lpm_ff_component|dffs[7]                                              ; |kursach|cash:inst8|lpm_dff0:inst75|lpm_ff:lpm_ff_component|dffs[7]                                              ; regout           ;
; |kursach|cash:inst8|lpm_dff0:inst75|lpm_ff:lpm_ff_component|dffs[5]                                              ; |kursach|cash:inst8|lpm_dff0:inst75|lpm_ff:lpm_ff_component|dffs[5]                                              ; regout           ;
; |kursach|cash:inst8|lpm_dff0:inst75|lpm_ff:lpm_ff_component|dffs[4]                                              ; |kursach|cash:inst8|lpm_dff0:inst75|lpm_ff:lpm_ff_component|dffs[4]                                              ; regout           ;
; |kursach|cash:inst8|lpm_dff0:inst75|lpm_ff:lpm_ff_component|dffs[3]                                              ; |kursach|cash:inst8|lpm_dff0:inst75|lpm_ff:lpm_ff_component|dffs[3]                                              ; regout           ;
; |kursach|cash:inst8|lpm_dff0:inst75|lpm_ff:lpm_ff_component|dffs[1]                                              ; |kursach|cash:inst8|lpm_dff0:inst75|lpm_ff:lpm_ff_component|dffs[1]                                              ; regout           ;
; |kursach|cash:inst8|lpm_dff0:inst75|lpm_ff:lpm_ff_component|dffs[0]                                              ; |kursach|cash:inst8|lpm_dff0:inst75|lpm_ff:lpm_ff_component|dffs[0]                                              ; regout           ;
; |kursach|cash:inst8|lpm_bustri0:inst83|lpm_bustri:lpm_bustri_component|dout[7]                                   ; |kursach|cash:inst8|lpm_bustri0:inst83|lpm_bustri:lpm_bustri_component|dout[7]                                   ; out              ;
; |kursach|cash:inst8|lpm_bustri0:inst83|lpm_bustri:lpm_bustri_component|dout[6]                                   ; |kursach|cash:inst8|lpm_bustri0:inst83|lpm_bustri:lpm_bustri_component|dout[6]                                   ; out              ;
; |kursach|cash:inst8|lpm_bustri0:inst83|lpm_bustri:lpm_bustri_component|dout[5]                                   ; |kursach|cash:inst8|lpm_bustri0:inst83|lpm_bustri:lpm_bustri_component|dout[5]                                   ; out              ;
; |kursach|cash:inst8|lpm_bustri0:inst83|lpm_bustri:lpm_bustri_component|dout[4]                                   ; |kursach|cash:inst8|lpm_bustri0:inst83|lpm_bustri:lpm_bustri_component|dout[4]                                   ; out              ;
; |kursach|cash:inst8|lpm_bustri0:inst83|lpm_bustri:lpm_bustri_component|dout[3]                                   ; |kursach|cash:inst8|lpm_bustri0:inst83|lpm_bustri:lpm_bustri_component|dout[3]                                   ; out              ;
; |kursach|cash:inst8|lpm_bustri0:inst83|lpm_bustri:lpm_bustri_component|dout[2]                                   ; |kursach|cash:inst8|lpm_bustri0:inst83|lpm_bustri:lpm_bustri_component|dout[2]                                   ; out              ;
; |kursach|cash:inst8|lpm_bustri0:inst83|lpm_bustri:lpm_bustri_component|dout[1]                                   ; |kursach|cash:inst8|lpm_bustri0:inst83|lpm_bustri:lpm_bustri_component|dout[1]                                   ; out              ;
; |kursach|cash:inst8|lpm_bustri0:inst83|lpm_bustri:lpm_bustri_component|dout[0]                                   ; |kursach|cash:inst8|lpm_bustri0:inst83|lpm_bustri:lpm_bustri_component|dout[0]                                   ; out              ;
; |kursach|cash:inst8|lpm_dff0:inst74|lpm_ff:lpm_ff_component|dffs[7]                                              ; |kursach|cash:inst8|lpm_dff0:inst74|lpm_ff:lpm_ff_component|dffs[7]                                              ; regout           ;
; |kursach|cash:inst8|lpm_dff0:inst74|lpm_ff:lpm_ff_component|dffs[5]                                              ; |kursach|cash:inst8|lpm_dff0:inst74|lpm_ff:lpm_ff_component|dffs[5]                                              ; regout           ;
; |kursach|cash:inst8|lpm_dff0:inst74|lpm_ff:lpm_ff_component|dffs[4]                                              ; |kursach|cash:inst8|lpm_dff0:inst74|lpm_ff:lpm_ff_component|dffs[4]                                              ; regout           ;
; |kursach|cash:inst8|lpm_dff0:inst74|lpm_ff:lpm_ff_component|dffs[3]                                              ; |kursach|cash:inst8|lpm_dff0:inst74|lpm_ff:lpm_ff_component|dffs[3]                                              ; regout           ;
; |kursach|cash:inst8|lpm_dff0:inst74|lpm_ff:lpm_ff_component|dffs[2]                                              ; |kursach|cash:inst8|lpm_dff0:inst74|lpm_ff:lpm_ff_component|dffs[2]                                              ; regout           ;
; |kursach|cash:inst8|lpm_bustri0:inst82|lpm_bustri:lpm_bustri_component|dout[7]                                   ; |kursach|cash:inst8|lpm_bustri0:inst82|lpm_bustri:lpm_bustri_component|dout[7]                                   ; out              ;
; |kursach|cash:inst8|lpm_bustri0:inst82|lpm_bustri:lpm_bustri_component|dout[6]                                   ; |kursach|cash:inst8|lpm_bustri0:inst82|lpm_bustri:lpm_bustri_component|dout[6]                                   ; out              ;
; |kursach|cash:inst8|lpm_bustri0:inst82|lpm_bustri:lpm_bustri_component|dout[5]                                   ; |kursach|cash:inst8|lpm_bustri0:inst82|lpm_bustri:lpm_bustri_component|dout[5]                                   ; out              ;
; |kursach|cash:inst8|lpm_bustri0:inst82|lpm_bustri:lpm_bustri_component|dout[4]                                   ; |kursach|cash:inst8|lpm_bustri0:inst82|lpm_bustri:lpm_bustri_component|dout[4]                                   ; out              ;
; |kursach|cash:inst8|lpm_bustri0:inst82|lpm_bustri:lpm_bustri_component|dout[3]                                   ; |kursach|cash:inst8|lpm_bustri0:inst82|lpm_bustri:lpm_bustri_component|dout[3]                                   ; out              ;
; |kursach|cash:inst8|lpm_bustri0:inst82|lpm_bustri:lpm_bustri_component|dout[2]                                   ; |kursach|cash:inst8|lpm_bustri0:inst82|lpm_bustri:lpm_bustri_component|dout[2]                                   ; out              ;
; |kursach|cash:inst8|lpm_bustri0:inst82|lpm_bustri:lpm_bustri_component|dout[1]                                   ; |kursach|cash:inst8|lpm_bustri0:inst82|lpm_bustri:lpm_bustri_component|dout[1]                                   ; out              ;
; |kursach|cash:inst8|lpm_bustri0:inst82|lpm_bustri:lpm_bustri_component|dout[0]                                   ; |kursach|cash:inst8|lpm_bustri0:inst82|lpm_bustri:lpm_bustri_component|dout[0]                                   ; out              ;
; |kursach|cash:inst8|lpm_dff0:inst73|lpm_ff:lpm_ff_component|dffs[7]                                              ; |kursach|cash:inst8|lpm_dff0:inst73|lpm_ff:lpm_ff_component|dffs[7]                                              ; regout           ;
; |kursach|cash:inst8|lpm_dff0:inst73|lpm_ff:lpm_ff_component|dffs[5]                                              ; |kursach|cash:inst8|lpm_dff0:inst73|lpm_ff:lpm_ff_component|dffs[5]                                              ; regout           ;
; |kursach|cash:inst8|lpm_dff0:inst73|lpm_ff:lpm_ff_component|dffs[4]                                              ; |kursach|cash:inst8|lpm_dff0:inst73|lpm_ff:lpm_ff_component|dffs[4]                                              ; regout           ;
; |kursach|cash:inst8|lpm_dff0:inst73|lpm_ff:lpm_ff_component|dffs[3]                                              ; |kursach|cash:inst8|lpm_dff0:inst73|lpm_ff:lpm_ff_component|dffs[3]                                              ; regout           ;
; |kursach|cash:inst8|lpm_dff0:inst73|lpm_ff:lpm_ff_component|dffs[2]                                              ; |kursach|cash:inst8|lpm_dff0:inst73|lpm_ff:lpm_ff_component|dffs[2]                                              ; regout           ;
; |kursach|cash:inst8|lpm_dff0:inst73|lpm_ff:lpm_ff_component|dffs[0]                                              ; |kursach|cash:inst8|lpm_dff0:inst73|lpm_ff:lpm_ff_component|dffs[0]                                              ; regout           ;
; |kursach|cash:inst8|lpm_bustri0:inst81|lpm_bustri:lpm_bustri_component|dout[7]                                   ; |kursach|cash:inst8|lpm_bustri0:inst81|lpm_bustri:lpm_bustri_component|dout[7]                                   ; out              ;
; |kursach|cash:inst8|lpm_bustri0:inst81|lpm_bustri:lpm_bustri_component|dout[6]                                   ; |kursach|cash:inst8|lpm_bustri0:inst81|lpm_bustri:lpm_bustri_component|dout[6]                                   ; out              ;
; |kursach|cash:inst8|lpm_bustri0:inst81|lpm_bustri:lpm_bustri_component|dout[5]                                   ; |kursach|cash:inst8|lpm_bustri0:inst81|lpm_bustri:lpm_bustri_component|dout[5]                                   ; out              ;
; |kursach|cash:inst8|lpm_bustri0:inst81|lpm_bustri:lpm_bustri_component|dout[4]                                   ; |kursach|cash:inst8|lpm_bustri0:inst81|lpm_bustri:lpm_bustri_component|dout[4]                                   ; out              ;
; |kursach|cash:inst8|lpm_bustri0:inst81|lpm_bustri:lpm_bustri_component|dout[3]                                   ; |kursach|cash:inst8|lpm_bustri0:inst81|lpm_bustri:lpm_bustri_component|dout[3]                                   ; out              ;
; |kursach|cash:inst8|lpm_bustri0:inst81|lpm_bustri:lpm_bustri_component|dout[2]                                   ; |kursach|cash:inst8|lpm_bustri0:inst81|lpm_bustri:lpm_bustri_component|dout[2]                                   ; out              ;
; |kursach|cash:inst8|lpm_bustri0:inst81|lpm_bustri:lpm_bustri_component|dout[1]                                   ; |kursach|cash:inst8|lpm_bustri0:inst81|lpm_bustri:lpm_bustri_component|dout[1]                                   ; out              ;
; |kursach|cash:inst8|lpm_bustri0:inst81|lpm_bustri:lpm_bustri_component|dout[0]                                   ; |kursach|cash:inst8|lpm_bustri0:inst81|lpm_bustri:lpm_bustri_component|dout[0]                                   ; out              ;
; |kursach|cash:inst8|lpm_dff0:inst72|lpm_ff:lpm_ff_component|dffs[7]                                              ; |kursach|cash:inst8|lpm_dff0:inst72|lpm_ff:lpm_ff_component|dffs[7]                                              ; regout           ;
; |kursach|cash:inst8|lpm_dff0:inst72|lpm_ff:lpm_ff_component|dffs[5]                                              ; |kursach|cash:inst8|lpm_dff0:inst72|lpm_ff:lpm_ff_component|dffs[5]                                              ; regout           ;
; |kursach|cash:inst8|lpm_dff0:inst72|lpm_ff:lpm_ff_component|dffs[4]                                              ; |kursach|cash:inst8|lpm_dff0:inst72|lpm_ff:lpm_ff_component|dffs[4]                                              ; regout           ;
; |kursach|cash:inst8|lpm_dff0:inst72|lpm_ff:lpm_ff_component|dffs[3]                                              ; |kursach|cash:inst8|lpm_dff0:inst72|lpm_ff:lpm_ff_component|dffs[3]                                              ; regout           ;
; |kursach|cash:inst8|lpm_dff0:inst72|lpm_ff:lpm_ff_component|dffs[2]                                              ; |kursach|cash:inst8|lpm_dff0:inst72|lpm_ff:lpm_ff_component|dffs[2]                                              ; regout           ;
; |kursach|cash:inst8|lpm_dff0:inst72|lpm_ff:lpm_ff_component|dffs[1]                                              ; |kursach|cash:inst8|lpm_dff0:inst72|lpm_ff:lpm_ff_component|dffs[1]                                              ; regout           ;
; |kursach|cash:inst8|lpm_bustri0:inst80|lpm_bustri:lpm_bustri_component|dout[7]                                   ; |kursach|cash:inst8|lpm_bustri0:inst80|lpm_bustri:lpm_bustri_component|dout[7]                                   ; out              ;
; |kursach|cash:inst8|lpm_bustri0:inst80|lpm_bustri:lpm_bustri_component|dout[6]                                   ; |kursach|cash:inst8|lpm_bustri0:inst80|lpm_bustri:lpm_bustri_component|dout[6]                                   ; out              ;
; |kursach|cash:inst8|lpm_bustri0:inst80|lpm_bustri:lpm_bustri_component|dout[5]                                   ; |kursach|cash:inst8|lpm_bustri0:inst80|lpm_bustri:lpm_bustri_component|dout[5]                                   ; out              ;
; |kursach|cash:inst8|lpm_bustri0:inst80|lpm_bustri:lpm_bustri_component|dout[4]                                   ; |kursach|cash:inst8|lpm_bustri0:inst80|lpm_bustri:lpm_bustri_component|dout[4]                                   ; out              ;
; |kursach|cash:inst8|lpm_bustri0:inst80|lpm_bustri:lpm_bustri_component|dout[3]                                   ; |kursach|cash:inst8|lpm_bustri0:inst80|lpm_bustri:lpm_bustri_component|dout[3]                                   ; out              ;
; |kursach|cash:inst8|lpm_bustri0:inst80|lpm_bustri:lpm_bustri_component|dout[2]                                   ; |kursach|cash:inst8|lpm_bustri0:inst80|lpm_bustri:lpm_bustri_component|dout[2]                                   ; out              ;
; |kursach|cash:inst8|lpm_bustri0:inst80|lpm_bustri:lpm_bustri_component|dout[1]                                   ; |kursach|cash:inst8|lpm_bustri0:inst80|lpm_bustri:lpm_bustri_component|dout[1]                                   ; out              ;
; |kursach|cash:inst8|lpm_bustri0:inst80|lpm_bustri:lpm_bustri_component|dout[0]                                   ; |kursach|cash:inst8|lpm_bustri0:inst80|lpm_bustri:lpm_bustri_component|dout[0]                                   ; out              ;
; |kursach|cash:inst8|lpm_bustri2:inst92|lpm_bustri:lpm_bustri_component|dout[2]                                   ; |kursach|cash:inst8|lpm_bustri2:inst92|lpm_bustri:lpm_bustri_component|dout[2]                                   ; out              ;
; |kursach|cash:inst8|lpm_bustri2:inst92|lpm_bustri:lpm_bustri_component|dout[1]                                   ; |kursach|cash:inst8|lpm_bustri2:inst92|lpm_bustri:lpm_bustri_component|dout[1]                                   ; out              ;
; |kursach|cash:inst8|lpm_bustri2:inst92|lpm_bustri:lpm_bustri_component|dout[0]                                   ; |kursach|cash:inst8|lpm_bustri2:inst92|lpm_bustri:lpm_bustri_component|dout[0]                                   ; out              ;
; |kursach|cash:inst8|lpm_dff0:inst40|lpm_ff:lpm_ff_component|dffs[0]                                              ; |kursach|cash:inst8|lpm_dff0:inst40|lpm_ff:lpm_ff_component|dffs[0]                                              ; regout           ;
; |kursach|cash:inst8|lpm_decode0:inst87|lpm_decode:lpm_decode_component|decode_5sf:auto_generated|w_anode18w[3]   ; |kursach|cash:inst8|lpm_decode0:inst87|lpm_decode:lpm_decode_component|decode_5sf:auto_generated|w_anode18w[3]   ; out0             ;
; |kursach|cash:inst8|lpm_decode0:inst87|lpm_decode:lpm_decode_component|decode_5sf:auto_generated|w_anode18w[2]   ; |kursach|cash:inst8|lpm_decode0:inst87|lpm_decode:lpm_decode_component|decode_5sf:auto_generated|w_anode18w[2]   ; out0             ;
; |kursach|cash:inst8|lpm_decode0:inst87|lpm_decode:lpm_decode_component|decode_5sf:auto_generated|w_anode18w[1]   ; |kursach|cash:inst8|lpm_decode0:inst87|lpm_decode:lpm_decode_component|decode_5sf:auto_generated|w_anode18w[1]   ; out0             ;
; |kursach|cash:inst8|lpm_decode0:inst87|lpm_decode:lpm_decode_component|decode_5sf:auto_generated|w_anode28w[3]   ; |kursach|cash:inst8|lpm_decode0:inst87|lpm_decode:lpm_decode_component|decode_5sf:auto_generated|w_anode28w[3]   ; out0             ;
; |kursach|cash:inst8|lpm_decode0:inst87|lpm_decode:lpm_decode_component|decode_5sf:auto_generated|w_anode38w[3]   ; |kursach|cash:inst8|lpm_decode0:inst87|lpm_decode:lpm_decode_component|decode_5sf:auto_generated|w_anode38w[3]   ; out0             ;
; |kursach|cash:inst8|lpm_decode0:inst87|lpm_decode:lpm_decode_component|decode_5sf:auto_generated|w_anode38w[2]   ; |kursach|cash:inst8|lpm_decode0:inst87|lpm_decode:lpm_decode_component|decode_5sf:auto_generated|w_anode38w[2]   ; out0             ;
; |kursach|cash:inst8|lpm_decode0:inst87|lpm_decode:lpm_decode_component|decode_5sf:auto_generated|w_anode38w[1]   ; |kursach|cash:inst8|lpm_decode0:inst87|lpm_decode:lpm_decode_component|decode_5sf:auto_generated|w_anode38w[1]   ; out0             ;
; |kursach|cash:inst8|lpm_decode0:inst87|lpm_decode:lpm_decode_component|decode_5sf:auto_generated|w_anode48w[3]   ; |kursach|cash:inst8|lpm_decode0:inst87|lpm_decode:lpm_decode_component|decode_5sf:auto_generated|w_anode48w[3]   ; out0             ;
; |kursach|cash:inst8|lpm_decode0:inst87|lpm_decode:lpm_decode_component|decode_5sf:auto_generated|w_anode58w[3]   ; |kursach|cash:inst8|lpm_decode0:inst87|lpm_decode:lpm_decode_component|decode_5sf:auto_generated|w_anode58w[3]   ; out0             ;
; |kursach|cash:inst8|lpm_decode0:inst87|lpm_decode:lpm_decode_component|decode_5sf:auto_generated|w_anode58w[2]   ; |kursach|cash:inst8|lpm_decode0:inst87|lpm_decode:lpm_decode_component|decode_5sf:auto_generated|w_anode58w[2]   ; out0             ;
; |kursach|cash:inst8|lpm_decode0:inst87|lpm_decode:lpm_decode_component|decode_5sf:auto_generated|w_anode58w[1]   ; |kursach|cash:inst8|lpm_decode0:inst87|lpm_decode:lpm_decode_component|decode_5sf:auto_generated|w_anode58w[1]   ; out0             ;
; |kursach|cash:inst8|lpm_decode0:inst87|lpm_decode:lpm_decode_component|decode_5sf:auto_generated|w_anode78w[3]   ; |kursach|cash:inst8|lpm_decode0:inst87|lpm_decode:lpm_decode_component|decode_5sf:auto_generated|w_anode78w[3]   ; out0             ;
; |kursach|cash:inst8|lpm_decode0:inst87|lpm_decode:lpm_decode_component|decode_5sf:auto_generated|w_anode78w[2]   ; |kursach|cash:inst8|lpm_decode0:inst87|lpm_decode:lpm_decode_component|decode_5sf:auto_generated|w_anode78w[2]   ; out0             ;
; |kursach|cash:inst8|lpm_decode0:inst87|lpm_decode:lpm_decode_component|decode_5sf:auto_generated|w_anode78w[1]   ; |kursach|cash:inst8|lpm_decode0:inst87|lpm_decode:lpm_decode_component|decode_5sf:auto_generated|w_anode78w[1]   ; out0             ;
; |kursach|cash:inst8|lpm_bustri0:inst79|lpm_bustri:lpm_bustri_component|dout[0]                                   ; |kursach|cash:inst8|lpm_bustri0:inst79|lpm_bustri:lpm_bustri_component|dout[0]                                   ; out              ;
; |kursach|cash:inst8|lpm_dff0:inst22|lpm_ff:lpm_ff_component|dffs[6]                                              ; |kursach|cash:inst8|lpm_dff0:inst22|lpm_ff:lpm_ff_component|dffs[6]                                              ; regout           ;
; |kursach|cash:inst8|lpm_dff0:inst22|lpm_ff:lpm_ff_component|dffs[5]                                              ; |kursach|cash:inst8|lpm_dff0:inst22|lpm_ff:lpm_ff_component|dffs[5]                                              ; regout           ;
; |kursach|cash:inst8|lpm_dff0:inst22|lpm_ff:lpm_ff_component|dffs[4]                                              ; |kursach|cash:inst8|lpm_dff0:inst22|lpm_ff:lpm_ff_component|dffs[4]                                              ; regout           ;
; |kursach|cash:inst8|lpm_dff0:inst22|lpm_ff:lpm_ff_component|dffs[3]                                              ; |kursach|cash:inst8|lpm_dff0:inst22|lpm_ff:lpm_ff_component|dffs[3]                                              ; regout           ;
; |kursach|cash:inst8|lpm_dff0:inst22|lpm_ff:lpm_ff_component|dffs[2]                                              ; |kursach|cash:inst8|lpm_dff0:inst22|lpm_ff:lpm_ff_component|dffs[2]                                              ; regout           ;
; |kursach|cash:inst8|lpm_bustri0:inst30|lpm_bustri:lpm_bustri_component|dout[7]                                   ; |kursach|cash:inst8|lpm_bustri0:inst30|lpm_bustri:lpm_bustri_component|dout[7]                                   ; out              ;
; |kursach|cash:inst8|lpm_bustri0:inst30|lpm_bustri:lpm_bustri_component|dout[6]                                   ; |kursach|cash:inst8|lpm_bustri0:inst30|lpm_bustri:lpm_bustri_component|dout[6]                                   ; out              ;
; |kursach|cash:inst8|lpm_bustri0:inst30|lpm_bustri:lpm_bustri_component|dout[5]                                   ; |kursach|cash:inst8|lpm_bustri0:inst30|lpm_bustri:lpm_bustri_component|dout[5]                                   ; out              ;
; |kursach|cash:inst8|lpm_bustri0:inst30|lpm_bustri:lpm_bustri_component|dout[4]                                   ; |kursach|cash:inst8|lpm_bustri0:inst30|lpm_bustri:lpm_bustri_component|dout[4]                                   ; out              ;
; |kursach|cash:inst8|lpm_bustri0:inst30|lpm_bustri:lpm_bustri_component|dout[3]                                   ; |kursach|cash:inst8|lpm_bustri0:inst30|lpm_bustri:lpm_bustri_component|dout[3]                                   ; out              ;
; |kursach|cash:inst8|lpm_bustri0:inst30|lpm_bustri:lpm_bustri_component|dout[2]                                   ; |kursach|cash:inst8|lpm_bustri0:inst30|lpm_bustri:lpm_bustri_component|dout[2]                                   ; out              ;
; |kursach|cash:inst8|lpm_dff0:inst23|lpm_ff:lpm_ff_component|dffs[6]                                              ; |kursach|cash:inst8|lpm_dff0:inst23|lpm_ff:lpm_ff_component|dffs[6]                                              ; regout           ;
; |kursach|cash:inst8|lpm_dff0:inst23|lpm_ff:lpm_ff_component|dffs[5]                                              ; |kursach|cash:inst8|lpm_dff0:inst23|lpm_ff:lpm_ff_component|dffs[5]                                              ; regout           ;
; |kursach|cash:inst8|lpm_dff0:inst23|lpm_ff:lpm_ff_component|dffs[4]                                              ; |kursach|cash:inst8|lpm_dff0:inst23|lpm_ff:lpm_ff_component|dffs[4]                                              ; regout           ;
; |kursach|cash:inst8|lpm_dff0:inst23|lpm_ff:lpm_ff_component|dffs[3]                                              ; |kursach|cash:inst8|lpm_dff0:inst23|lpm_ff:lpm_ff_component|dffs[3]                                              ; regout           ;
; |kursach|cash:inst8|lpm_dff0:inst23|lpm_ff:lpm_ff_component|dffs[1]                                              ; |kursach|cash:inst8|lpm_dff0:inst23|lpm_ff:lpm_ff_component|dffs[1]                                              ; regout           ;
; |kursach|cash:inst8|lpm_dff0:inst23|lpm_ff:lpm_ff_component|dffs[0]                                              ; |kursach|cash:inst8|lpm_dff0:inst23|lpm_ff:lpm_ff_component|dffs[0]                                              ; regout           ;
; |kursach|cash:inst8|lpm_bustri0:inst31|lpm_bustri:lpm_bustri_component|dout[7]                                   ; |kursach|cash:inst8|lpm_bustri0:inst31|lpm_bustri:lpm_bustri_component|dout[7]                                   ; out              ;
; |kursach|cash:inst8|lpm_bustri0:inst31|lpm_bustri:lpm_bustri_component|dout[6]                                   ; |kursach|cash:inst8|lpm_bustri0:inst31|lpm_bustri:lpm_bustri_component|dout[6]                                   ; out              ;
; |kursach|cash:inst8|lpm_bustri0:inst31|lpm_bustri:lpm_bustri_component|dout[5]                                   ; |kursach|cash:inst8|lpm_bustri0:inst31|lpm_bustri:lpm_bustri_component|dout[5]                                   ; out              ;
; |kursach|cash:inst8|lpm_bustri0:inst31|lpm_bustri:lpm_bustri_component|dout[4]                                   ; |kursach|cash:inst8|lpm_bustri0:inst31|lpm_bustri:lpm_bustri_component|dout[4]                                   ; out              ;
; |kursach|cash:inst8|lpm_bustri0:inst31|lpm_bustri:lpm_bustri_component|dout[3]                                   ; |kursach|cash:inst8|lpm_bustri0:inst31|lpm_bustri:lpm_bustri_component|dout[3]                                   ; out              ;
; |kursach|cash:inst8|lpm_bustri0:inst31|lpm_bustri:lpm_bustri_component|dout[1]                                   ; |kursach|cash:inst8|lpm_bustri0:inst31|lpm_bustri:lpm_bustri_component|dout[1]                                   ; out              ;
; |kursach|cash:inst8|lpm_bustri0:inst31|lpm_bustri:lpm_bustri_component|dout[0]                                   ; |kursach|cash:inst8|lpm_bustri0:inst31|lpm_bustri:lpm_bustri_component|dout[0]                                   ; out              ;
; |kursach|cash:inst8|lpm_dff0:inst24|lpm_ff:lpm_ff_component|dffs[6]                                              ; |kursach|cash:inst8|lpm_dff0:inst24|lpm_ff:lpm_ff_component|dffs[6]                                              ; regout           ;
; |kursach|cash:inst8|lpm_dff0:inst24|lpm_ff:lpm_ff_component|dffs[3]                                              ; |kursach|cash:inst8|lpm_dff0:inst24|lpm_ff:lpm_ff_component|dffs[3]                                              ; regout           ;
; |kursach|cash:inst8|lpm_dff0:inst24|lpm_ff:lpm_ff_component|dffs[1]                                              ; |kursach|cash:inst8|lpm_dff0:inst24|lpm_ff:lpm_ff_component|dffs[1]                                              ; regout           ;
; |kursach|cash:inst8|lpm_bustri0:inst32|lpm_bustri:lpm_bustri_component|dout[6]                                   ; |kursach|cash:inst8|lpm_bustri0:inst32|lpm_bustri:lpm_bustri_component|dout[6]                                   ; out              ;
; |kursach|cash:inst8|lpm_bustri0:inst32|lpm_bustri:lpm_bustri_component|dout[3]                                   ; |kursach|cash:inst8|lpm_bustri0:inst32|lpm_bustri:lpm_bustri_component|dout[3]                                   ; out              ;
; |kursach|cash:inst8|lpm_bustri0:inst32|lpm_bustri:lpm_bustri_component|dout[1]                                   ; |kursach|cash:inst8|lpm_bustri0:inst32|lpm_bustri:lpm_bustri_component|dout[1]                                   ; out              ;
; |kursach|cash:inst8|lpm_bustri0:inst34|lpm_bustri:lpm_bustri_component|dout[7]                                   ; |kursach|cash:inst8|lpm_bustri0:inst34|lpm_bustri:lpm_bustri_component|dout[7]                                   ; out              ;
; |kursach|cash:inst8|lpm_bustri0:inst34|lpm_bustri:lpm_bustri_component|dout[6]                                   ; |kursach|cash:inst8|lpm_bustri0:inst34|lpm_bustri:lpm_bustri_component|dout[6]                                   ; out              ;
; |kursach|cash:inst8|lpm_bustri0:inst34|lpm_bustri:lpm_bustri_component|dout[5]                                   ; |kursach|cash:inst8|lpm_bustri0:inst34|lpm_bustri:lpm_bustri_component|dout[5]                                   ; out              ;
; |kursach|cash:inst8|lpm_bustri0:inst34|lpm_bustri:lpm_bustri_component|dout[4]                                   ; |kursach|cash:inst8|lpm_bustri0:inst34|lpm_bustri:lpm_bustri_component|dout[4]                                   ; out              ;
; |kursach|cash:inst8|lpm_bustri0:inst34|lpm_bustri:lpm_bustri_component|dout[3]                                   ; |kursach|cash:inst8|lpm_bustri0:inst34|lpm_bustri:lpm_bustri_component|dout[3]                                   ; out              ;
; |kursach|cash:inst8|lpm_dff0:inst25|lpm_ff:lpm_ff_component|dffs[6]                                              ; |kursach|cash:inst8|lpm_dff0:inst25|lpm_ff:lpm_ff_component|dffs[6]                                              ; regout           ;
; |kursach|cash:inst8|lpm_dff0:inst25|lpm_ff:lpm_ff_component|dffs[5]                                              ; |kursach|cash:inst8|lpm_dff0:inst25|lpm_ff:lpm_ff_component|dffs[5]                                              ; regout           ;
; |kursach|cash:inst8|lpm_dff0:inst25|lpm_ff:lpm_ff_component|dffs[4]                                              ; |kursach|cash:inst8|lpm_dff0:inst25|lpm_ff:lpm_ff_component|dffs[4]                                              ; regout           ;
; |kursach|cash:inst8|lpm_dff0:inst25|lpm_ff:lpm_ff_component|dffs[3]                                              ; |kursach|cash:inst8|lpm_dff0:inst25|lpm_ff:lpm_ff_component|dffs[3]                                              ; regout           ;
; |kursach|cash:inst8|lpm_dff0:inst25|lpm_ff:lpm_ff_component|dffs[0]                                              ; |kursach|cash:inst8|lpm_dff0:inst25|lpm_ff:lpm_ff_component|dffs[0]                                              ; regout           ;
; |kursach|cash:inst8|lpm_bustri0:inst33|lpm_bustri:lpm_bustri_component|dout[7]                                   ; |kursach|cash:inst8|lpm_bustri0:inst33|lpm_bustri:lpm_bustri_component|dout[7]                                   ; out              ;
; |kursach|cash:inst8|lpm_bustri0:inst33|lpm_bustri:lpm_bustri_component|dout[6]                                   ; |kursach|cash:inst8|lpm_bustri0:inst33|lpm_bustri:lpm_bustri_component|dout[6]                                   ; out              ;
; |kursach|cash:inst8|lpm_bustri0:inst33|lpm_bustri:lpm_bustri_component|dout[5]                                   ; |kursach|cash:inst8|lpm_bustri0:inst33|lpm_bustri:lpm_bustri_component|dout[5]                                   ; out              ;
; |kursach|cash:inst8|lpm_bustri0:inst33|lpm_bustri:lpm_bustri_component|dout[4]                                   ; |kursach|cash:inst8|lpm_bustri0:inst33|lpm_bustri:lpm_bustri_component|dout[4]                                   ; out              ;
; |kursach|cash:inst8|lpm_bustri0:inst33|lpm_bustri:lpm_bustri_component|dout[3]                                   ; |kursach|cash:inst8|lpm_bustri0:inst33|lpm_bustri:lpm_bustri_component|dout[3]                                   ; out              ;
; |kursach|cash:inst8|lpm_bustri0:inst33|lpm_bustri:lpm_bustri_component|dout[0]                                   ; |kursach|cash:inst8|lpm_bustri0:inst33|lpm_bustri:lpm_bustri_component|dout[0]                                   ; out              ;
; |kursach|cash:inst8|lpm_dff0:inst21|lpm_ff:lpm_ff_component|dffs[6]                                              ; |kursach|cash:inst8|lpm_dff0:inst21|lpm_ff:lpm_ff_component|dffs[6]                                              ; regout           ;
; |kursach|cash:inst8|lpm_dff0:inst21|lpm_ff:lpm_ff_component|dffs[5]                                              ; |kursach|cash:inst8|lpm_dff0:inst21|lpm_ff:lpm_ff_component|dffs[5]                                              ; regout           ;
; |kursach|cash:inst8|lpm_dff0:inst21|lpm_ff:lpm_ff_component|dffs[4]                                              ; |kursach|cash:inst8|lpm_dff0:inst21|lpm_ff:lpm_ff_component|dffs[4]                                              ; regout           ;
; |kursach|cash:inst8|lpm_dff0:inst21|lpm_ff:lpm_ff_component|dffs[3]                                              ; |kursach|cash:inst8|lpm_dff0:inst21|lpm_ff:lpm_ff_component|dffs[3]                                              ; regout           ;
; |kursach|cash:inst8|lpm_dff0:inst21|lpm_ff:lpm_ff_component|dffs[2]                                              ; |kursach|cash:inst8|lpm_dff0:inst21|lpm_ff:lpm_ff_component|dffs[2]                                              ; regout           ;
; |kursach|cash:inst8|lpm_dff0:inst21|lpm_ff:lpm_ff_component|dffs[0]                                              ; |kursach|cash:inst8|lpm_dff0:inst21|lpm_ff:lpm_ff_component|dffs[0]                                              ; regout           ;
; |kursach|cash:inst8|lpm_bustri0:inst29|lpm_bustri:lpm_bustri_component|dout[6]                                   ; |kursach|cash:inst8|lpm_bustri0:inst29|lpm_bustri:lpm_bustri_component|dout[6]                                   ; out              ;
; |kursach|cash:inst8|lpm_bustri0:inst29|lpm_bustri:lpm_bustri_component|dout[5]                                   ; |kursach|cash:inst8|lpm_bustri0:inst29|lpm_bustri:lpm_bustri_component|dout[5]                                   ; out              ;
; |kursach|cash:inst8|lpm_bustri0:inst29|lpm_bustri:lpm_bustri_component|dout[4]                                   ; |kursach|cash:inst8|lpm_bustri0:inst29|lpm_bustri:lpm_bustri_component|dout[4]                                   ; out              ;
; |kursach|cash:inst8|lpm_bustri0:inst29|lpm_bustri:lpm_bustri_component|dout[3]                                   ; |kursach|cash:inst8|lpm_bustri0:inst29|lpm_bustri:lpm_bustri_component|dout[3]                                   ; out              ;
; |kursach|cash:inst8|lpm_bustri0:inst29|lpm_bustri:lpm_bustri_component|dout[2]                                   ; |kursach|cash:inst8|lpm_bustri0:inst29|lpm_bustri:lpm_bustri_component|dout[2]                                   ; out              ;
; |kursach|cash:inst8|lpm_bustri0:inst29|lpm_bustri:lpm_bustri_component|dout[0]                                   ; |kursach|cash:inst8|lpm_bustri0:inst29|lpm_bustri:lpm_bustri_component|dout[0]                                   ; out              ;
; |kursach|cash:inst8|lpm_dff0:inst20|lpm_ff:lpm_ff_component|dffs[6]                                              ; |kursach|cash:inst8|lpm_dff0:inst20|lpm_ff:lpm_ff_component|dffs[6]                                              ; regout           ;
; |kursach|cash:inst8|lpm_dff0:inst20|lpm_ff:lpm_ff_component|dffs[5]                                              ; |kursach|cash:inst8|lpm_dff0:inst20|lpm_ff:lpm_ff_component|dffs[5]                                              ; regout           ;
; |kursach|cash:inst8|lpm_dff0:inst20|lpm_ff:lpm_ff_component|dffs[4]                                              ; |kursach|cash:inst8|lpm_dff0:inst20|lpm_ff:lpm_ff_component|dffs[4]                                              ; regout           ;
; |kursach|cash:inst8|lpm_dff0:inst20|lpm_ff:lpm_ff_component|dffs[3]                                              ; |kursach|cash:inst8|lpm_dff0:inst20|lpm_ff:lpm_ff_component|dffs[3]                                              ; regout           ;
; |kursach|cash:inst8|lpm_dff0:inst20|lpm_ff:lpm_ff_component|dffs[2]                                              ; |kursach|cash:inst8|lpm_dff0:inst20|lpm_ff:lpm_ff_component|dffs[2]                                              ; regout           ;
; |kursach|cash:inst8|lpm_dff0:inst20|lpm_ff:lpm_ff_component|dffs[1]                                              ; |kursach|cash:inst8|lpm_dff0:inst20|lpm_ff:lpm_ff_component|dffs[1]                                              ; regout           ;
; |kursach|cash:inst8|lpm_bustri0:inst28|lpm_bustri:lpm_bustri_component|dout[7]                                   ; |kursach|cash:inst8|lpm_bustri0:inst28|lpm_bustri:lpm_bustri_component|dout[7]                                   ; out              ;
; |kursach|cash:inst8|lpm_bustri0:inst28|lpm_bustri:lpm_bustri_component|dout[6]                                   ; |kursach|cash:inst8|lpm_bustri0:inst28|lpm_bustri:lpm_bustri_component|dout[6]                                   ; out              ;
; |kursach|cash:inst8|lpm_bustri0:inst28|lpm_bustri:lpm_bustri_component|dout[5]                                   ; |kursach|cash:inst8|lpm_bustri0:inst28|lpm_bustri:lpm_bustri_component|dout[5]                                   ; out              ;
; |kursach|cash:inst8|lpm_bustri0:inst28|lpm_bustri:lpm_bustri_component|dout[4]                                   ; |kursach|cash:inst8|lpm_bustri0:inst28|lpm_bustri:lpm_bustri_component|dout[4]                                   ; out              ;
; |kursach|cash:inst8|lpm_bustri0:inst28|lpm_bustri:lpm_bustri_component|dout[3]                                   ; |kursach|cash:inst8|lpm_bustri0:inst28|lpm_bustri:lpm_bustri_component|dout[3]                                   ; out              ;
; |kursach|cash:inst8|lpm_bustri0:inst28|lpm_bustri:lpm_bustri_component|dout[2]                                   ; |kursach|cash:inst8|lpm_bustri0:inst28|lpm_bustri:lpm_bustri_component|dout[2]                                   ; out              ;
; |kursach|cash:inst8|lpm_bustri0:inst28|lpm_bustri:lpm_bustri_component|dout[1]                                   ; |kursach|cash:inst8|lpm_bustri0:inst28|lpm_bustri:lpm_bustri_component|dout[1]                                   ; out              ;
; |kursach|cash:inst8|lpm_bustri2:inst62|lpm_bustri:lpm_bustri_component|dout[1]                                   ; |kursach|cash:inst8|lpm_bustri2:inst62|lpm_bustri:lpm_bustri_component|dout[1]                                   ; out              ;
; |kursach|cash:inst8|lpm_dff0:inst11|lpm_ff:lpm_ff_component|dffs[0]                                              ; |kursach|cash:inst8|lpm_dff0:inst11|lpm_ff:lpm_ff_component|dffs[0]                                              ; regout           ;
; |kursach|cash:inst8|lpm_bustri0:inst27|lpm_bustri:lpm_bustri_component|dout[0]                                   ; |kursach|cash:inst8|lpm_bustri0:inst27|lpm_bustri:lpm_bustri_component|dout[0]                                   ; out              ;
; |kursach|cash:inst8|lpm_bustri3:inst123|lpm_bustri:lpm_bustri_component|dout[9]                                  ; |kursach|cash:inst8|lpm_bustri3:inst123|lpm_bustri:lpm_bustri_component|dout[9]                                  ; out              ;
; |kursach|cash:inst8|lpm_bustri3:inst123|lpm_bustri:lpm_bustri_component|dout[8]                                  ; |kursach|cash:inst8|lpm_bustri3:inst123|lpm_bustri:lpm_bustri_component|dout[8]                                  ; out              ;
; |kursach|cash:inst8|lpm_bustri3:inst123|lpm_bustri:lpm_bustri_component|dout[5]                                  ; |kursach|cash:inst8|lpm_bustri3:inst123|lpm_bustri:lpm_bustri_component|dout[5]                                  ; out              ;
; |kursach|cash:inst8|lpm_bustri3:inst123|lpm_bustri:lpm_bustri_component|dout[4]                                  ; |kursach|cash:inst8|lpm_bustri3:inst123|lpm_bustri:lpm_bustri_component|dout[4]                                  ; out              ;
; |kursach|cash:inst8|lpm_bustri3:inst123|lpm_bustri:lpm_bustri_component|dout[3]                                  ; |kursach|cash:inst8|lpm_bustri3:inst123|lpm_bustri:lpm_bustri_component|dout[3]                                  ; out              ;
; |kursach|cash:inst8|lpm_bustri1:inst97|lpm_bustri:lpm_bustri_component|dout[4]                                   ; |kursach|cash:inst8|lpm_bustri1:inst97|lpm_bustri:lpm_bustri_component|dout[4]                                   ; out              ;
; |kursach|cash:inst8|lpm_bustri1:inst97|lpm_bustri:lpm_bustri_component|dout[3]                                   ; |kursach|cash:inst8|lpm_bustri1:inst97|lpm_bustri:lpm_bustri_component|dout[3]                                   ; out              ;
; |kursach|cash:inst8|lpm_bustri1:inst97|lpm_bustri:lpm_bustri_component|dout[2]                                   ; |kursach|cash:inst8|lpm_bustri1:inst97|lpm_bustri:lpm_bustri_component|dout[2]                                   ; out              ;
; |kursach|cash:inst8|lpm_bustri1:inst96|lpm_bustri:lpm_bustri_component|dout[4]                                   ; |kursach|cash:inst8|lpm_bustri1:inst96|lpm_bustri:lpm_bustri_component|dout[4]                                   ; out              ;
; |kursach|cash:inst8|lpm_bustri1:inst96|lpm_bustri:lpm_bustri_component|dout[3]                                   ; |kursach|cash:inst8|lpm_bustri1:inst96|lpm_bustri:lpm_bustri_component|dout[3]                                   ; out              ;
; |kursach|cash:inst8|lpm_bustri1:inst96|lpm_bustri:lpm_bustri_component|dout[1]                                   ; |kursach|cash:inst8|lpm_bustri1:inst96|lpm_bustri:lpm_bustri_component|dout[1]                                   ; out              ;
; |kursach|cash:inst8|lpm_bustri3:inst124|lpm_bustri:lpm_bustri_component|dout[9]                                  ; |kursach|cash:inst8|lpm_bustri3:inst124|lpm_bustri:lpm_bustri_component|dout[9]                                  ; out              ;
; |kursach|cash:inst8|lpm_bustri3:inst124|lpm_bustri:lpm_bustri_component|dout[8]                                  ; |kursach|cash:inst8|lpm_bustri3:inst124|lpm_bustri:lpm_bustri_component|dout[8]                                  ; out              ;
; |kursach|cash:inst8|lpm_bustri3:inst124|lpm_bustri:lpm_bustri_component|dout[7]                                  ; |kursach|cash:inst8|lpm_bustri3:inst124|lpm_bustri:lpm_bustri_component|dout[7]                                  ; out              ;
; |kursach|cash:inst8|lpm_bustri3:inst124|lpm_bustri:lpm_bustri_component|dout[6]                                  ; |kursach|cash:inst8|lpm_bustri3:inst124|lpm_bustri:lpm_bustri_component|dout[6]                                  ; out              ;
; |kursach|cash:inst8|lpm_bustri3:inst124|lpm_bustri:lpm_bustri_component|dout[5]                                  ; |kursach|cash:inst8|lpm_bustri3:inst124|lpm_bustri:lpm_bustri_component|dout[5]                                  ; out              ;
; |kursach|cash:inst8|lpm_bustri3:inst124|lpm_bustri:lpm_bustri_component|dout[4]                                  ; |kursach|cash:inst8|lpm_bustri3:inst124|lpm_bustri:lpm_bustri_component|dout[4]                                  ; out              ;
; |kursach|cash:inst8|lpm_bustri3:inst124|lpm_bustri:lpm_bustri_component|dout[3]                                  ; |kursach|cash:inst8|lpm_bustri3:inst124|lpm_bustri:lpm_bustri_component|dout[3]                                  ; out              ;
; |kursach|cash:inst8|lpm_bustri1:inst17|lpm_bustri:lpm_bustri_component|dout[4]                                   ; |kursach|cash:inst8|lpm_bustri1:inst17|lpm_bustri:lpm_bustri_component|dout[4]                                   ; out              ;
; |kursach|cash:inst8|lpm_bustri1:inst17|lpm_bustri:lpm_bustri_component|dout[3]                                   ; |kursach|cash:inst8|lpm_bustri1:inst17|lpm_bustri:lpm_bustri_component|dout[3]                                   ; out              ;
; |kursach|cash:inst8|lpm_bustri1:inst17|lpm_bustri:lpm_bustri_component|dout[1]                                   ; |kursach|cash:inst8|lpm_bustri1:inst17|lpm_bustri:lpm_bustri_component|dout[1]                                   ; out              ;
; |kursach|cash:inst8|lpm_bustri1:inst1|lpm_bustri:lpm_bustri_component|dout[4]                                    ; |kursach|cash:inst8|lpm_bustri1:inst1|lpm_bustri:lpm_bustri_component|dout[4]                                    ; out              ;
; |kursach|cash:inst8|lpm_bustri1:inst1|lpm_bustri:lpm_bustri_component|dout[3]                                    ; |kursach|cash:inst8|lpm_bustri1:inst1|lpm_bustri:lpm_bustri_component|dout[3]                                    ; out              ;
; |kursach|cash:inst8|lpm_bustri1:inst1|lpm_bustri:lpm_bustri_component|dout[2]                                    ; |kursach|cash:inst8|lpm_bustri1:inst1|lpm_bustri:lpm_bustri_component|dout[2]                                    ; out              ;
; |kursach|cash:inst8|lpm_bustri1:inst1|lpm_bustri:lpm_bustri_component|dout[1]                                    ; |kursach|cash:inst8|lpm_bustri1:inst1|lpm_bustri:lpm_bustri_component|dout[1]                                    ; out              ;
; |kursach|cash:inst8|lpm_bustri1:inst1|lpm_bustri:lpm_bustri_component|dout[0]                                    ; |kursach|cash:inst8|lpm_bustri1:inst1|lpm_bustri:lpm_bustri_component|dout[0]                                    ; out              ;
; |kursach|cash:inst8|lpm_dff1:inst14|lpm_ff:lpm_ff_component|dffs[4]                                              ; |kursach|cash:inst8|lpm_dff1:inst14|lpm_ff:lpm_ff_component|dffs[4]                                              ; regout           ;
; |kursach|cash:inst8|lpm_dff1:inst14|lpm_ff:lpm_ff_component|dffs[3]                                              ; |kursach|cash:inst8|lpm_dff1:inst14|lpm_ff:lpm_ff_component|dffs[3]                                              ; regout           ;
; |kursach|cash:inst8|lpm_dff1:inst14|lpm_ff:lpm_ff_component|dffs[1]                                              ; |kursach|cash:inst8|lpm_dff1:inst14|lpm_ff:lpm_ff_component|dffs[1]                                              ; regout           ;
; |kursach|cash:inst8|lpm_bustri1:inst41|tridata[4]~0                                                              ; |kursach|cash:inst8|lpm_bustri1:inst41|tridata[4]~0                                                              ; out0             ;
; |kursach|cash:inst8|lpm_bustri1:inst41|tridata[3]~1                                                              ; |kursach|cash:inst8|lpm_bustri1:inst41|tridata[3]~1                                                              ; out0             ;
; |kursach|cash:inst8|lpm_bustri1:inst41|tridata[1]~3                                                              ; |kursach|cash:inst8|lpm_bustri1:inst41|tridata[1]~3                                                              ; out0             ;
; |kursach|cash:inst8|lpm_bustri1:inst41|lpm_bustri:lpm_bustri_component|dout[4]                                   ; |kursach|cash:inst8|lpm_bustri1:inst41|lpm_bustri:lpm_bustri_component|dout[4]                                   ; out              ;
; |kursach|cash:inst8|lpm_bustri1:inst41|lpm_bustri:lpm_bustri_component|dout[3]                                   ; |kursach|cash:inst8|lpm_bustri1:inst41|lpm_bustri:lpm_bustri_component|dout[3]                                   ; out              ;
; |kursach|cash:inst8|lpm_bustri1:inst41|lpm_bustri:lpm_bustri_component|dout[1]                                   ; |kursach|cash:inst8|lpm_bustri1:inst41|lpm_bustri:lpm_bustri_component|dout[1]                                   ; out              ;
; |kursach|cash:inst8|lpm_compare0:inst19|lpm_compare:lpm_compare_component|cmpr_cig:auto_generated|data_wire[2]   ; |kursach|cash:inst8|lpm_compare0:inst19|lpm_compare:lpm_compare_component|cmpr_cig:auto_generated|data_wire[2]   ; out0             ;
; |kursach|cash:inst8|lpm_compare0:inst19|lpm_compare:lpm_compare_component|cmpr_cig:auto_generated|data_wire[1]~1 ; |kursach|cash:inst8|lpm_compare0:inst19|lpm_compare:lpm_compare_component|cmpr_cig:auto_generated|data_wire[1]~1 ; out0             ;
; |kursach|cash:inst8|lpm_bustri1:inst67|lpm_bustri:lpm_bustri_component|dout[4]                                   ; |kursach|cash:inst8|lpm_bustri1:inst67|lpm_bustri:lpm_bustri_component|dout[4]                                   ; out              ;
; |kursach|cash:inst8|lpm_bustri1:inst67|lpm_bustri:lpm_bustri_component|dout[3]                                   ; |kursach|cash:inst8|lpm_bustri1:inst67|lpm_bustri:lpm_bustri_component|dout[3]                                   ; out              ;
; |kursach|cash:inst8|lpm_bustri1:inst67|lpm_bustri:lpm_bustri_component|dout[2]                                   ; |kursach|cash:inst8|lpm_bustri1:inst67|lpm_bustri:lpm_bustri_component|dout[2]                                   ; out              ;
; |kursach|cash:inst8|lpm_bustri1:inst64|lpm_bustri:lpm_bustri_component|dout[4]                                   ; |kursach|cash:inst8|lpm_bustri1:inst64|lpm_bustri:lpm_bustri_component|dout[4]                                   ; out              ;
; |kursach|cash:inst8|lpm_bustri1:inst64|lpm_bustri:lpm_bustri_component|dout[3]                                   ; |kursach|cash:inst8|lpm_bustri1:inst64|lpm_bustri:lpm_bustri_component|dout[3]                                   ; out              ;
; |kursach|cash:inst8|lpm_bustri1:inst64|lpm_bustri:lpm_bustri_component|dout[2]                                   ; |kursach|cash:inst8|lpm_bustri1:inst64|lpm_bustri:lpm_bustri_component|dout[2]                                   ; out              ;
; |kursach|cash:inst8|lpm_bustri1:inst64|lpm_bustri:lpm_bustri_component|dout[1]                                   ; |kursach|cash:inst8|lpm_bustri1:inst64|lpm_bustri:lpm_bustri_component|dout[1]                                   ; out              ;
; |kursach|cash:inst8|lpm_bustri1:inst64|lpm_bustri:lpm_bustri_component|dout[0]                                   ; |kursach|cash:inst8|lpm_bustri1:inst64|lpm_bustri:lpm_bustri_component|dout[0]                                   ; out              ;
; |kursach|cash:inst8|lpm_dff1:inst63|lpm_ff:lpm_ff_component|dffs[4]                                              ; |kursach|cash:inst8|lpm_dff1:inst63|lpm_ff:lpm_ff_component|dffs[4]                                              ; regout           ;
; |kursach|cash:inst8|lpm_dff1:inst63|lpm_ff:lpm_ff_component|dffs[3]                                              ; |kursach|cash:inst8|lpm_dff1:inst63|lpm_ff:lpm_ff_component|dffs[3]                                              ; regout           ;
; |kursach|cash:inst8|lpm_dff1:inst63|lpm_ff:lpm_ff_component|dffs[2]                                              ; |kursach|cash:inst8|lpm_dff1:inst63|lpm_ff:lpm_ff_component|dffs[2]                                              ; regout           ;
; |kursach|cash:inst8|lpm_decode0:inst12|lpm_decode:lpm_decode_component|decode_5sf:auto_generated|w_anode1w[3]    ; |kursach|cash:inst8|lpm_decode0:inst12|lpm_decode:lpm_decode_component|decode_5sf:auto_generated|w_anode1w[3]    ; out0             ;
; |kursach|cash:inst8|lpm_decode0:inst12|lpm_decode:lpm_decode_component|decode_5sf:auto_generated|w_anode1w[2]    ; |kursach|cash:inst8|lpm_decode0:inst12|lpm_decode:lpm_decode_component|decode_5sf:auto_generated|w_anode1w[2]    ; out0             ;
; |kursach|cash:inst8|lpm_bustri1:inst90|tridata[4]~0                                                              ; |kursach|cash:inst8|lpm_bustri1:inst90|tridata[4]~0                                                              ; out0             ;
; |kursach|cash:inst8|lpm_bustri1:inst90|tridata[3]~1                                                              ; |kursach|cash:inst8|lpm_bustri1:inst90|tridata[3]~1                                                              ; out0             ;
; |kursach|cash:inst8|lpm_bustri1:inst90|tridata[2]~2                                                              ; |kursach|cash:inst8|lpm_bustri1:inst90|tridata[2]~2                                                              ; out0             ;
; |kursach|cash:inst8|lpm_bustri1:inst90|lpm_bustri:lpm_bustri_component|dout[4]                                   ; |kursach|cash:inst8|lpm_bustri1:inst90|lpm_bustri:lpm_bustri_component|dout[4]                                   ; out              ;
; |kursach|cash:inst8|lpm_bustri1:inst90|lpm_bustri:lpm_bustri_component|dout[3]                                   ; |kursach|cash:inst8|lpm_bustri1:inst90|lpm_bustri:lpm_bustri_component|dout[3]                                   ; out              ;
; |kursach|cash:inst8|lpm_bustri1:inst90|lpm_bustri:lpm_bustri_component|dout[2]                                   ; |kursach|cash:inst8|lpm_bustri1:inst90|lpm_bustri:lpm_bustri_component|dout[2]                                   ; out              ;
; |kursach|cash:inst8|lpm_compare0:inst36|lpm_compare:lpm_compare_component|cmpr_cig:auto_generated|data_wire[2]   ; |kursach|cash:inst8|lpm_compare0:inst36|lpm_compare:lpm_compare_component|cmpr_cig:auto_generated|data_wire[2]   ; out0             ;
; |kursach|cash:inst8|lpm_compare0:inst36|lpm_compare:lpm_compare_component|cmpr_cig:auto_generated|data_wire[1]~1 ; |kursach|cash:inst8|lpm_compare0:inst36|lpm_compare:lpm_compare_component|cmpr_cig:auto_generated|data_wire[1]~1 ; out0             ;
+------------------------------------------------------------------------------------------------------------------+------------------------------------------------------------------------------------------------------------------+------------------+


The following table displays output ports that do not toggle to 0 during simulation.
+--------------------------------------------------------------------------------------------------------------------------------------------------------------------------------------------------------------------------------------------------------+
; Missing 0-Value Coverage                                                                                                                                                                                                                               ;
+------------------------------------------------------------------------------------------------------------------+------------------------------------------------------------------------------------------------------------------+------------------+
; Node Name                                                                                                        ; Output Port Name                                                                                                 ; Output Port Type ;
+------------------------------------------------------------------------------------------------------------------+------------------------------------------------------------------------------------------------------------------+------------------+
; |kursach|address[9]                                                                                              ; |kursach|address[9]                                                                                              ; out              ;
; |kursach|address[8]                                                                                              ; |kursach|address[8]                                                                                              ; out              ;
; |kursach|address[5]                                                                                              ; |kursach|address[5]                                                                                              ; out              ;
; |kursach|address[4]                                                                                              ; |kursach|address[4]                                                                                              ; out              ;
; |kursach|address[3]                                                                                              ; |kursach|address[3]                                                                                              ; out              ;
; |kursach|read_write_per                                                                                          ; |kursach|read_write_per                                                                                          ; out              ;
; |kursach|per_strob                                                                                               ; |kursach|per_strob                                                                                               ; out              ;
; |kursach|per_address[9]                                                                                          ; |kursach|per_address[9]                                                                                          ; out              ;
; |kursach|per_address[8]                                                                                          ; |kursach|per_address[8]                                                                                          ; out              ;
; |kursach|per_address[7]                                                                                          ; |kursach|per_address[7]                                                                                          ; out              ;
; |kursach|per_address[6]                                                                                          ; |kursach|per_address[6]                                                                                          ; out              ;
; |kursach|per_address[5]                                                                                          ; |kursach|per_address[5]                                                                                          ; out              ;
; |kursach|per_address[4]                                                                                          ; |kursach|per_address[4]                                                                                          ; out              ;
; |kursach|per_address[3]                                                                                          ; |kursach|per_address[3]                                                                                          ; out              ;
; |kursach|per_address[2]                                                                                          ; |kursach|per_address[2]                                                                                          ; out              ;
; |kursach|per_address[1]                                                                                          ; |kursach|per_address[1]                                                                                          ; out              ;
; |kursach|per_address[0]                                                                                          ; |kursach|per_address[0]                                                                                          ; out              ;
; |kursach|address_o[9]                                                                                            ; |kursach|address_o[9]                                                                                            ; pin_out          ;
; |kursach|address_o[8]                                                                                            ; |kursach|address_o[8]                                                                                            ; pin_out          ;
; |kursach|address_o[5]                                                                                            ; |kursach|address_o[5]                                                                                            ; pin_out          ;
; |kursach|address_o[4]                                                                                            ; |kursach|address_o[4]                                                                                            ; pin_out          ;
; |kursach|address_o[3]                                                                                            ; |kursach|address_o[3]                                                                                            ; pin_out          ;
; |kursach|per_data[7]                                                                                             ; |kursach|per_data[7]                                                                                             ; out              ;
; |kursach|per_data[6]                                                                                             ; |kursach|per_data[6]                                                                                             ; out              ;
; |kursach|per_data[5]                                                                                             ; |kursach|per_data[5]                                                                                             ; out              ;
; |kursach|per_data[4]                                                                                             ; |kursach|per_data[4]                                                                                             ; out              ;
; |kursach|per_data[3]                                                                                             ; |kursach|per_data[3]                                                                                             ; out              ;
; |kursach|per_data[2]                                                                                             ; |kursach|per_data[2]                                                                                             ; out              ;
; |kursach|per_data[1]                                                                                             ; |kursach|per_data[1]                                                                                             ; out              ;
; |kursach|per_data[0]                                                                                             ; |kursach|per_data[0]                                                                                             ; out              ;
; |kursach|write[6]                                                                                                ; |kursach|write[6]                                                                                                ; out              ;
; |kursach|write[3]                                                                                                ; |kursach|write[3]                                                                                                ; out              ;
; |kursach|write[2]                                                                                                ; |kursach|write[2]                                                                                                ; out              ;
; |kursach|write[1]                                                                                                ; |kursach|write[1]                                                                                                ; out              ;
; |kursach|ad[9]                                                                                                   ; |kursach|ad[9]                                                                                                   ; pin_out          ;
; |kursach|ad[8]                                                                                                   ; |kursach|ad[8]                                                                                                   ; pin_out          ;
; |kursach|ad[5]                                                                                                   ; |kursach|ad[5]                                                                                                   ; pin_out          ;
; |kursach|ad[4]                                                                                                   ; |kursach|ad[4]                                                                                                   ; pin_out          ;
; |kursach|ad[3]                                                                                                   ; |kursach|ad[3]                                                                                                   ; pin_out          ;
; |kursach|dff0[7]                                                                                                 ; |kursach|dff0[7]                                                                                                 ; pin_out          ;
; |kursach|dff0[0]                                                                                                 ; |kursach|dff0[0]                                                                                                 ; pin_out          ;
; |kursach|dff1[7]                                                                                                 ; |kursach|dff1[7]                                                                                                 ; pin_out          ;
; |kursach|dff1[6]                                                                                                 ; |kursach|dff1[6]                                                                                                 ; pin_out          ;
; |kursach|dff1[5]                                                                                                 ; |kursach|dff1[5]                                                                                                 ; pin_out          ;
; |kursach|dff1[4]                                                                                                 ; |kursach|dff1[4]                                                                                                 ; pin_out          ;
; |kursach|dff1[3]                                                                                                 ; |kursach|dff1[3]                                                                                                 ; pin_out          ;
; |kursach|dff1[2]                                                                                                 ; |kursach|dff1[2]                                                                                                 ; pin_out          ;
; |kursach|dff1[1]                                                                                                 ; |kursach|dff1[1]                                                                                                 ; pin_out          ;
; |kursach|dff1[0]                                                                                                 ; |kursach|dff1[0]                                                                                                 ; pin_out          ;
; |kursach|dff10[7]                                                                                                ; |kursach|dff10[7]                                                                                                ; pin_out          ;
; |kursach|dff10[5]                                                                                                ; |kursach|dff10[5]                                                                                                ; pin_out          ;
; |kursach|dff10[4]                                                                                                ; |kursach|dff10[4]                                                                                                ; pin_out          ;
; |kursach|dff10[3]                                                                                                ; |kursach|dff10[3]                                                                                                ; pin_out          ;
; |kursach|dff10[2]                                                                                                ; |kursach|dff10[2]                                                                                                ; pin_out          ;
; |kursach|dff10[1]                                                                                                ; |kursach|dff10[1]                                                                                                ; pin_out          ;
; |kursach|dff10[0]                                                                                                ; |kursach|dff10[0]                                                                                                ; pin_out          ;
; |kursach|dff11[7]                                                                                                ; |kursach|dff11[7]                                                                                                ; pin_out          ;
; |kursach|dff11[5]                                                                                                ; |kursach|dff11[5]                                                                                                ; pin_out          ;
; |kursach|dff11[4]                                                                                                ; |kursach|dff11[4]                                                                                                ; pin_out          ;
; |kursach|dff11[3]                                                                                                ; |kursach|dff11[3]                                                                                                ; pin_out          ;
; |kursach|dff11[2]                                                                                                ; |kursach|dff11[2]                                                                                                ; pin_out          ;
; |kursach|dff11[1]                                                                                                ; |kursach|dff11[1]                                                                                                ; pin_out          ;
; |kursach|dff11[0]                                                                                                ; |kursach|dff11[0]                                                                                                ; pin_out          ;
; |kursach|dff12[7]                                                                                                ; |kursach|dff12[7]                                                                                                ; pin_out          ;
; |kursach|dff12[5]                                                                                                ; |kursach|dff12[5]                                                                                                ; pin_out          ;
; |kursach|dff12[4]                                                                                                ; |kursach|dff12[4]                                                                                                ; pin_out          ;
; |kursach|dff12[3]                                                                                                ; |kursach|dff12[3]                                                                                                ; pin_out          ;
; |kursach|dff12[2]                                                                                                ; |kursach|dff12[2]                                                                                                ; pin_out          ;
; |kursach|dff12[1]                                                                                                ; |kursach|dff12[1]                                                                                                ; pin_out          ;
; |kursach|dff12[0]                                                                                                ; |kursach|dff12[0]                                                                                                ; pin_out          ;
; |kursach|dff13[7]                                                                                                ; |kursach|dff13[7]                                                                                                ; pin_out          ;
; |kursach|dff13[5]                                                                                                ; |kursach|dff13[5]                                                                                                ; pin_out          ;
; |kursach|dff13[4]                                                                                                ; |kursach|dff13[4]                                                                                                ; pin_out          ;
; |kursach|dff13[3]                                                                                                ; |kursach|dff13[3]                                                                                                ; pin_out          ;
; |kursach|dff13[1]                                                                                                ; |kursach|dff13[1]                                                                                                ; pin_out          ;
; |kursach|dff13[0]                                                                                                ; |kursach|dff13[0]                                                                                                ; pin_out          ;
; |kursach|dff14[7]                                                                                                ; |kursach|dff14[7]                                                                                                ; pin_out          ;
; |kursach|dff14[5]                                                                                                ; |kursach|dff14[5]                                                                                                ; pin_out          ;
; |kursach|dff14[4]                                                                                                ; |kursach|dff14[4]                                                                                                ; pin_out          ;
; |kursach|dff14[3]                                                                                                ; |kursach|dff14[3]                                                                                                ; pin_out          ;
; |kursach|dff14[2]                                                                                                ; |kursach|dff14[2]                                                                                                ; pin_out          ;
; |kursach|dff14[1]                                                                                                ; |kursach|dff14[1]                                                                                                ; pin_out          ;
; |kursach|dff14[0]                                                                                                ; |kursach|dff14[0]                                                                                                ; pin_out          ;
; |kursach|dff2[7]                                                                                                 ; |kursach|dff2[7]                                                                                                 ; pin_out          ;
; |kursach|dff2[6]                                                                                                 ; |kursach|dff2[6]                                                                                                 ; pin_out          ;
; |kursach|dff2[5]                                                                                                 ; |kursach|dff2[5]                                                                                                 ; pin_out          ;
; |kursach|dff2[4]                                                                                                 ; |kursach|dff2[4]                                                                                                 ; pin_out          ;
; |kursach|dff2[3]                                                                                                 ; |kursach|dff2[3]                                                                                                 ; pin_out          ;
; |kursach|dff2[2]                                                                                                 ; |kursach|dff2[2]                                                                                                 ; pin_out          ;
; |kursach|dff2[1]                                                                                                 ; |kursach|dff2[1]                                                                                                 ; pin_out          ;
; |kursach|dff2[0]                                                                                                 ; |kursach|dff2[0]                                                                                                 ; pin_out          ;
; |kursach|dff3[7]                                                                                                 ; |kursach|dff3[7]                                                                                                 ; pin_out          ;
; |kursach|dff3[6]                                                                                                 ; |kursach|dff3[6]                                                                                                 ; pin_out          ;
; |kursach|dff3[5]                                                                                                 ; |kursach|dff3[5]                                                                                                 ; pin_out          ;
; |kursach|dff3[4]                                                                                                 ; |kursach|dff3[4]                                                                                                 ; pin_out          ;
; |kursach|dff3[3]                                                                                                 ; |kursach|dff3[3]                                                                                                 ; pin_out          ;
; |kursach|dff3[2]                                                                                                 ; |kursach|dff3[2]                                                                                                 ; pin_out          ;
; |kursach|dff3[1]                                                                                                 ; |kursach|dff3[1]                                                                                                 ; pin_out          ;
; |kursach|dff3[0]                                                                                                 ; |kursach|dff3[0]                                                                                                 ; pin_out          ;
; |kursach|dff4[7]                                                                                                 ; |kursach|dff4[7]                                                                                                 ; pin_out          ;
; |kursach|dff4[6]                                                                                                 ; |kursach|dff4[6]                                                                                                 ; pin_out          ;
; |kursach|dff4[5]                                                                                                 ; |kursach|dff4[5]                                                                                                 ; pin_out          ;
; |kursach|dff4[4]                                                                                                 ; |kursach|dff4[4]                                                                                                 ; pin_out          ;
; |kursach|dff4[3]                                                                                                 ; |kursach|dff4[3]                                                                                                 ; pin_out          ;
; |kursach|dff4[2]                                                                                                 ; |kursach|dff4[2]                                                                                                 ; pin_out          ;
; |kursach|dff4[1]                                                                                                 ; |kursach|dff4[1]                                                                                                 ; pin_out          ;
; |kursach|dff4[0]                                                                                                 ; |kursach|dff4[0]                                                                                                 ; pin_out          ;
; |kursach|dff5[7]                                                                                                 ; |kursach|dff5[7]                                                                                                 ; pin_out          ;
; |kursach|dff5[6]                                                                                                 ; |kursach|dff5[6]                                                                                                 ; pin_out          ;
; |kursach|dff5[3]                                                                                                 ; |kursach|dff5[3]                                                                                                 ; pin_out          ;
; |kursach|dff5[1]                                                                                                 ; |kursach|dff5[1]                                                                                                 ; pin_out          ;
; |kursach|dff5[0]                                                                                                 ; |kursach|dff5[0]                                                                                                 ; pin_out          ;
; |kursach|dff6[7]                                                                                                 ; |kursach|dff6[7]                                                                                                 ; pin_out          ;
; |kursach|dff6[6]                                                                                                 ; |kursach|dff6[6]                                                                                                 ; pin_out          ;
; |kursach|dff6[5]                                                                                                 ; |kursach|dff6[5]                                                                                                 ; pin_out          ;
; |kursach|dff6[4]                                                                                                 ; |kursach|dff6[4]                                                                                                 ; pin_out          ;
; |kursach|dff6[3]                                                                                                 ; |kursach|dff6[3]                                                                                                 ; pin_out          ;
; |kursach|dff6[2]                                                                                                 ; |kursach|dff6[2]                                                                                                 ; pin_out          ;
; |kursach|dff6[1]                                                                                                 ; |kursach|dff6[1]                                                                                                 ; pin_out          ;
; |kursach|dff6[0]                                                                                                 ; |kursach|dff6[0]                                                                                                 ; pin_out          ;
; |kursach|dff7[7]                                                                                                 ; |kursach|dff7[7]                                                                                                 ; pin_out          ;
; |kursach|dff7[2]                                                                                                 ; |kursach|dff7[2]                                                                                                 ; pin_out          ;
; |kursach|dff7[1]                                                                                                 ; |kursach|dff7[1]                                                                                                 ; pin_out          ;
; |kursach|dff8[7]                                                                                                 ; |kursach|dff8[7]                                                                                                 ; pin_out          ;
; |kursach|dff8[6]                                                                                                 ; |kursach|dff8[6]                                                                                                 ; pin_out          ;
; |kursach|dff8[5]                                                                                                 ; |kursach|dff8[5]                                                                                                 ; pin_out          ;
; |kursach|dff8[4]                                                                                                 ; |kursach|dff8[4]                                                                                                 ; pin_out          ;
; |kursach|dff8[3]                                                                                                 ; |kursach|dff8[3]                                                                                                 ; pin_out          ;
; |kursach|dff8[2]                                                                                                 ; |kursach|dff8[2]                                                                                                 ; pin_out          ;
; |kursach|dff8[1]                                                                                                 ; |kursach|dff8[1]                                                                                                 ; pin_out          ;
; |kursach|dff8[0]                                                                                                 ; |kursach|dff8[0]                                                                                                 ; pin_out          ;
; |kursach|dff9[7]                                                                                                 ; |kursach|dff9[7]                                                                                                 ; pin_out          ;
; |kursach|dff9[5]                                                                                                 ; |kursach|dff9[5]                                                                                                 ; pin_out          ;
; |kursach|dff9[4]                                                                                                 ; |kursach|dff9[4]                                                                                                 ; pin_out          ;
; |kursach|dff9[3]                                                                                                 ; |kursach|dff9[3]                                                                                                 ; pin_out          ;
; |kursach|dff9[2]                                                                                                 ; |kursach|dff9[2]                                                                                                 ; pin_out          ;
; |kursach|dff9[1]                                                                                                 ; |kursach|dff9[1]                                                                                                 ; pin_out          ;
; |kursach|dff9[0]                                                                                                 ; |kursach|dff9[0]                                                                                                 ; pin_out          ;
; |kursach|lpm_bustri0:inst5|lpm_bustri:lpm_bustri_component|dout[7]                                               ; |kursach|lpm_bustri0:inst5|lpm_bustri:lpm_bustri_component|dout[7]                                               ; out              ;
; |kursach|lpm_bustri0:inst5|lpm_bustri:lpm_bustri_component|dout[6]                                               ; |kursach|lpm_bustri0:inst5|lpm_bustri:lpm_bustri_component|dout[6]                                               ; out              ;
; |kursach|lpm_bustri0:inst5|lpm_bustri:lpm_bustri_component|dout[5]                                               ; |kursach|lpm_bustri0:inst5|lpm_bustri:lpm_bustri_component|dout[5]                                               ; out              ;
; |kursach|lpm_bustri0:inst5|lpm_bustri:lpm_bustri_component|dout[4]                                               ; |kursach|lpm_bustri0:inst5|lpm_bustri:lpm_bustri_component|dout[4]                                               ; out              ;
; |kursach|lpm_bustri0:inst5|lpm_bustri:lpm_bustri_component|dout[3]                                               ; |kursach|lpm_bustri0:inst5|lpm_bustri:lpm_bustri_component|dout[3]                                               ; out              ;
; |kursach|lpm_bustri0:inst5|lpm_bustri:lpm_bustri_component|dout[2]                                               ; |kursach|lpm_bustri0:inst5|lpm_bustri:lpm_bustri_component|dout[2]                                               ; out              ;
; |kursach|lpm_bustri0:inst5|lpm_bustri:lpm_bustri_component|dout[1]                                               ; |kursach|lpm_bustri0:inst5|lpm_bustri:lpm_bustri_component|dout[1]                                               ; out              ;
; |kursach|lpm_bustri0:inst5|lpm_bustri:lpm_bustri_component|dout[0]                                               ; |kursach|lpm_bustri0:inst5|lpm_bustri:lpm_bustri_component|dout[0]                                               ; out              ;
; |kursach|lpm_bustri3:inst3|lpm_bustri:lpm_bustri_component|dout[9]                                               ; |kursach|lpm_bustri3:inst3|lpm_bustri:lpm_bustri_component|dout[9]                                               ; out              ;
; |kursach|lpm_bustri3:inst3|lpm_bustri:lpm_bustri_component|dout[8]                                               ; |kursach|lpm_bustri3:inst3|lpm_bustri:lpm_bustri_component|dout[8]                                               ; out              ;
; |kursach|lpm_bustri3:inst3|lpm_bustri:lpm_bustri_component|dout[7]                                               ; |kursach|lpm_bustri3:inst3|lpm_bustri:lpm_bustri_component|dout[7]                                               ; out              ;
; |kursach|lpm_bustri3:inst3|lpm_bustri:lpm_bustri_component|dout[6]                                               ; |kursach|lpm_bustri3:inst3|lpm_bustri:lpm_bustri_component|dout[6]                                               ; out              ;
; |kursach|lpm_bustri3:inst3|lpm_bustri:lpm_bustri_component|dout[5]                                               ; |kursach|lpm_bustri3:inst3|lpm_bustri:lpm_bustri_component|dout[5]                                               ; out              ;
; |kursach|lpm_bustri3:inst3|lpm_bustri:lpm_bustri_component|dout[4]                                               ; |kursach|lpm_bustri3:inst3|lpm_bustri:lpm_bustri_component|dout[4]                                               ; out              ;
; |kursach|lpm_bustri3:inst3|lpm_bustri:lpm_bustri_component|dout[3]                                               ; |kursach|lpm_bustri3:inst3|lpm_bustri:lpm_bustri_component|dout[3]                                               ; out              ;
; |kursach|lpm_bustri3:inst3|lpm_bustri:lpm_bustri_component|dout[2]                                               ; |kursach|lpm_bustri3:inst3|lpm_bustri:lpm_bustri_component|dout[2]                                               ; out              ;
; |kursach|lpm_bustri3:inst3|lpm_bustri:lpm_bustri_component|dout[1]                                               ; |kursach|lpm_bustri3:inst3|lpm_bustri:lpm_bustri_component|dout[1]                                               ; out              ;
; |kursach|lpm_bustri3:inst3|lpm_bustri:lpm_bustri_component|dout[0]                                               ; |kursach|lpm_bustri3:inst3|lpm_bustri:lpm_bustri_component|dout[0]                                               ; out              ;
; |kursach|arbitr:inst2|inst4                                                                                      ; |kursach|arbitr:inst2|inst4                                                                                      ; out0             ;
; |kursach|arbitr:inst2|inst                                                                                       ; |kursach|arbitr:inst2|inst                                                                                       ; out0             ;
; |kursach|cash:inst8|gdfx_temp4[4]                                                                                ; |kursach|cash:inst8|gdfx_temp4[4]                                                                                ; out0             ;
; |kursach|cash:inst8|gdfx_temp4[3]                                                                                ; |kursach|cash:inst8|gdfx_temp4[3]                                                                                ; out0             ;
; |kursach|cash:inst8|gdfx_temp4[2]                                                                                ; |kursach|cash:inst8|gdfx_temp4[2]                                                                                ; out0             ;
; |kursach|cash:inst8|gdfx_temp1[4]                                                                                ; |kursach|cash:inst8|gdfx_temp1[4]                                                                                ; out0             ;
; |kursach|cash:inst8|gdfx_temp1[3]                                                                                ; |kursach|cash:inst8|gdfx_temp1[3]                                                                                ; out0             ;
; |kursach|cash:inst8|gdfx_temp1[1]                                                                                ; |kursach|cash:inst8|gdfx_temp1[1]                                                                                ; out0             ;
; |kursach|cash:inst8|inst127                                                                                      ; |kursach|cash:inst8|inst127                                                                                      ; out0             ;
; |kursach|cash:inst8|gdfx_temp0[9]                                                                                ; |kursach|cash:inst8|gdfx_temp0[9]                                                                                ; out0             ;
; |kursach|cash:inst8|gdfx_temp0[8]                                                                                ; |kursach|cash:inst8|gdfx_temp0[8]                                                                                ; out0             ;
; |kursach|cash:inst8|gdfx_temp0[5]                                                                                ; |kursach|cash:inst8|gdfx_temp0[5]                                                                                ; out0             ;
; |kursach|cash:inst8|gdfx_temp0[4]                                                                                ; |kursach|cash:inst8|gdfx_temp0[4]                                                                                ; out0             ;
; |kursach|cash:inst8|gdfx_temp0[3]                                                                                ; |kursach|cash:inst8|gdfx_temp0[3]                                                                                ; out0             ;
; |kursach|cash:inst8|ttt[4]                                                                                       ; |kursach|cash:inst8|ttt[4]                                                                                       ; out0             ;
; |kursach|cash:inst8|ttt[3]                                                                                       ; |kursach|cash:inst8|ttt[3]                                                                                       ; out0             ;
; |kursach|cash:inst8|inst130                                                                                      ; |kursach|cash:inst8|inst130                                                                                      ; out0             ;
; |kursach|cash:inst8|inst353                                                                                      ; |kursach|cash:inst8|inst353                                                                                      ; out0             ;
; |kursach|cash:inst8|lpm_bustri0:inst420|lpm_bustri:lpm_bustri_component|dout[7]                                  ; |kursach|cash:inst8|lpm_bustri0:inst420|lpm_bustri:lpm_bustri_component|dout[7]                                  ; out              ;
; |kursach|cash:inst8|lpm_bustri0:inst420|lpm_bustri:lpm_bustri_component|dout[6]                                  ; |kursach|cash:inst8|lpm_bustri0:inst420|lpm_bustri:lpm_bustri_component|dout[6]                                  ; out              ;
; |kursach|cash:inst8|lpm_bustri0:inst420|lpm_bustri:lpm_bustri_component|dout[5]                                  ; |kursach|cash:inst8|lpm_bustri0:inst420|lpm_bustri:lpm_bustri_component|dout[5]                                  ; out              ;
; |kursach|cash:inst8|lpm_bustri0:inst420|lpm_bustri:lpm_bustri_component|dout[4]                                  ; |kursach|cash:inst8|lpm_bustri0:inst420|lpm_bustri:lpm_bustri_component|dout[4]                                  ; out              ;
; |kursach|cash:inst8|lpm_bustri0:inst420|lpm_bustri:lpm_bustri_component|dout[3]                                  ; |kursach|cash:inst8|lpm_bustri0:inst420|lpm_bustri:lpm_bustri_component|dout[3]                                  ; out              ;
; |kursach|cash:inst8|lpm_bustri0:inst420|lpm_bustri:lpm_bustri_component|dout[2]                                  ; |kursach|cash:inst8|lpm_bustri0:inst420|lpm_bustri:lpm_bustri_component|dout[2]                                  ; out              ;
; |kursach|cash:inst8|lpm_bustri0:inst420|lpm_bustri:lpm_bustri_component|dout[1]                                  ; |kursach|cash:inst8|lpm_bustri0:inst420|lpm_bustri:lpm_bustri_component|dout[1]                                  ; out              ;
; |kursach|cash:inst8|lpm_bustri0:inst420|lpm_bustri:lpm_bustri_component|dout[0]                                  ; |kursach|cash:inst8|lpm_bustri0:inst420|lpm_bustri:lpm_bustri_component|dout[0]                                  ; out              ;
; |kursach|cash:inst8|lpm_bustri0:inst86|lpm_bustri:lpm_bustri_component|dout[7]                                   ; |kursach|cash:inst8|lpm_bustri0:inst86|lpm_bustri:lpm_bustri_component|dout[7]                                   ; out              ;
; |kursach|cash:inst8|lpm_bustri0:inst86|lpm_bustri:lpm_bustri_component|dout[6]                                   ; |kursach|cash:inst8|lpm_bustri0:inst86|lpm_bustri:lpm_bustri_component|dout[6]                                   ; out              ;
; |kursach|cash:inst8|lpm_bustri0:inst86|lpm_bustri:lpm_bustri_component|dout[5]                                   ; |kursach|cash:inst8|lpm_bustri0:inst86|lpm_bustri:lpm_bustri_component|dout[5]                                   ; out              ;
; |kursach|cash:inst8|lpm_bustri0:inst86|lpm_bustri:lpm_bustri_component|dout[4]                                   ; |kursach|cash:inst8|lpm_bustri0:inst86|lpm_bustri:lpm_bustri_component|dout[4]                                   ; out              ;
; |kursach|cash:inst8|lpm_bustri0:inst86|lpm_bustri:lpm_bustri_component|dout[3]                                   ; |kursach|cash:inst8|lpm_bustri0:inst86|lpm_bustri:lpm_bustri_component|dout[3]                                   ; out              ;
; |kursach|cash:inst8|lpm_bustri0:inst86|lpm_bustri:lpm_bustri_component|dout[2]                                   ; |kursach|cash:inst8|lpm_bustri0:inst86|lpm_bustri:lpm_bustri_component|dout[2]                                   ; out              ;
; |kursach|cash:inst8|lpm_bustri0:inst86|lpm_bustri:lpm_bustri_component|dout[1]                                   ; |kursach|cash:inst8|lpm_bustri0:inst86|lpm_bustri:lpm_bustri_component|dout[1]                                   ; out              ;
; |kursach|cash:inst8|lpm_bustri0:inst86|lpm_bustri:lpm_bustri_component|dout[0]                                   ; |kursach|cash:inst8|lpm_bustri0:inst86|lpm_bustri:lpm_bustri_component|dout[0]                                   ; out              ;
; |kursach|cash:inst8|lpm_dff0:inst77|lpm_ff:lpm_ff_component|dffs[7]                                              ; |kursach|cash:inst8|lpm_dff0:inst77|lpm_ff:lpm_ff_component|dffs[7]                                              ; regout           ;
; |kursach|cash:inst8|lpm_dff0:inst77|lpm_ff:lpm_ff_component|dffs[5]                                              ; |kursach|cash:inst8|lpm_dff0:inst77|lpm_ff:lpm_ff_component|dffs[5]                                              ; regout           ;
; |kursach|cash:inst8|lpm_dff0:inst77|lpm_ff:lpm_ff_component|dffs[4]                                              ; |kursach|cash:inst8|lpm_dff0:inst77|lpm_ff:lpm_ff_component|dffs[4]                                              ; regout           ;
; |kursach|cash:inst8|lpm_dff0:inst77|lpm_ff:lpm_ff_component|dffs[3]                                              ; |kursach|cash:inst8|lpm_dff0:inst77|lpm_ff:lpm_ff_component|dffs[3]                                              ; regout           ;
; |kursach|cash:inst8|lpm_dff0:inst77|lpm_ff:lpm_ff_component|dffs[2]                                              ; |kursach|cash:inst8|lpm_dff0:inst77|lpm_ff:lpm_ff_component|dffs[2]                                              ; regout           ;
; |kursach|cash:inst8|lpm_dff0:inst77|lpm_ff:lpm_ff_component|dffs[1]                                              ; |kursach|cash:inst8|lpm_dff0:inst77|lpm_ff:lpm_ff_component|dffs[1]                                              ; regout           ;
; |kursach|cash:inst8|lpm_dff0:inst77|lpm_ff:lpm_ff_component|dffs[0]                                              ; |kursach|cash:inst8|lpm_dff0:inst77|lpm_ff:lpm_ff_component|dffs[0]                                              ; regout           ;
; |kursach|cash:inst8|lpm_bustri0:inst85|lpm_bustri:lpm_bustri_component|dout[6]                                   ; |kursach|cash:inst8|lpm_bustri0:inst85|lpm_bustri:lpm_bustri_component|dout[6]                                   ; out              ;
; |kursach|cash:inst8|lpm_bustri0:inst85|lpm_bustri:lpm_bustri_component|dout[2]                                   ; |kursach|cash:inst8|lpm_bustri0:inst85|lpm_bustri:lpm_bustri_component|dout[2]                                   ; out              ;
; |kursach|cash:inst8|lpm_bustri0:inst85|lpm_bustri:lpm_bustri_component|dout[1]                                   ; |kursach|cash:inst8|lpm_bustri0:inst85|lpm_bustri:lpm_bustri_component|dout[1]                                   ; out              ;
; |kursach|cash:inst8|lpm_dff0:inst76|lpm_ff:lpm_ff_component|dffs[7]                                              ; |kursach|cash:inst8|lpm_dff0:inst76|lpm_ff:lpm_ff_component|dffs[7]                                              ; regout           ;
; |kursach|cash:inst8|lpm_dff0:inst76|lpm_ff:lpm_ff_component|dffs[5]                                              ; |kursach|cash:inst8|lpm_dff0:inst76|lpm_ff:lpm_ff_component|dffs[5]                                              ; regout           ;
; |kursach|cash:inst8|lpm_dff0:inst76|lpm_ff:lpm_ff_component|dffs[4]                                              ; |kursach|cash:inst8|lpm_dff0:inst76|lpm_ff:lpm_ff_component|dffs[4]                                              ; regout           ;
; |kursach|cash:inst8|lpm_dff0:inst76|lpm_ff:lpm_ff_component|dffs[3]                                              ; |kursach|cash:inst8|lpm_dff0:inst76|lpm_ff:lpm_ff_component|dffs[3]                                              ; regout           ;
; |kursach|cash:inst8|lpm_dff0:inst76|lpm_ff:lpm_ff_component|dffs[1]                                              ; |kursach|cash:inst8|lpm_dff0:inst76|lpm_ff:lpm_ff_component|dffs[1]                                              ; regout           ;
; |kursach|cash:inst8|lpm_dff0:inst76|lpm_ff:lpm_ff_component|dffs[0]                                              ; |kursach|cash:inst8|lpm_dff0:inst76|lpm_ff:lpm_ff_component|dffs[0]                                              ; regout           ;
; |kursach|cash:inst8|lpm_bustri0:inst84|lpm_bustri:lpm_bustri_component|dout[7]                                   ; |kursach|cash:inst8|lpm_bustri0:inst84|lpm_bustri:lpm_bustri_component|dout[7]                                   ; out              ;
; |kursach|cash:inst8|lpm_bustri0:inst84|lpm_bustri:lpm_bustri_component|dout[6]                                   ; |kursach|cash:inst8|lpm_bustri0:inst84|lpm_bustri:lpm_bustri_component|dout[6]                                   ; out              ;
; |kursach|cash:inst8|lpm_bustri0:inst84|lpm_bustri:lpm_bustri_component|dout[5]                                   ; |kursach|cash:inst8|lpm_bustri0:inst84|lpm_bustri:lpm_bustri_component|dout[5]                                   ; out              ;
; |kursach|cash:inst8|lpm_bustri0:inst84|lpm_bustri:lpm_bustri_component|dout[4]                                   ; |kursach|cash:inst8|lpm_bustri0:inst84|lpm_bustri:lpm_bustri_component|dout[4]                                   ; out              ;
; |kursach|cash:inst8|lpm_bustri0:inst84|lpm_bustri:lpm_bustri_component|dout[3]                                   ; |kursach|cash:inst8|lpm_bustri0:inst84|lpm_bustri:lpm_bustri_component|dout[3]                                   ; out              ;
; |kursach|cash:inst8|lpm_bustri0:inst84|lpm_bustri:lpm_bustri_component|dout[2]                                   ; |kursach|cash:inst8|lpm_bustri0:inst84|lpm_bustri:lpm_bustri_component|dout[2]                                   ; out              ;
; |kursach|cash:inst8|lpm_bustri0:inst84|lpm_bustri:lpm_bustri_component|dout[1]                                   ; |kursach|cash:inst8|lpm_bustri0:inst84|lpm_bustri:lpm_bustri_component|dout[1]                                   ; out              ;
; |kursach|cash:inst8|lpm_bustri0:inst84|lpm_bustri:lpm_bustri_component|dout[0]                                   ; |kursach|cash:inst8|lpm_bustri0:inst84|lpm_bustri:lpm_bustri_component|dout[0]                                   ; out              ;
; |kursach|cash:inst8|lpm_dff0:inst75|lpm_ff:lpm_ff_component|dffs[7]                                              ; |kursach|cash:inst8|lpm_dff0:inst75|lpm_ff:lpm_ff_component|dffs[7]                                              ; regout           ;
; |kursach|cash:inst8|lpm_dff0:inst75|lpm_ff:lpm_ff_component|dffs[5]                                              ; |kursach|cash:inst8|lpm_dff0:inst75|lpm_ff:lpm_ff_component|dffs[5]                                              ; regout           ;
; |kursach|cash:inst8|lpm_dff0:inst75|lpm_ff:lpm_ff_component|dffs[4]                                              ; |kursach|cash:inst8|lpm_dff0:inst75|lpm_ff:lpm_ff_component|dffs[4]                                              ; regout           ;
; |kursach|cash:inst8|lpm_dff0:inst75|lpm_ff:lpm_ff_component|dffs[3]                                              ; |kursach|cash:inst8|lpm_dff0:inst75|lpm_ff:lpm_ff_component|dffs[3]                                              ; regout           ;
; |kursach|cash:inst8|lpm_dff0:inst75|lpm_ff:lpm_ff_component|dffs[2]                                              ; |kursach|cash:inst8|lpm_dff0:inst75|lpm_ff:lpm_ff_component|dffs[2]                                              ; regout           ;
; |kursach|cash:inst8|lpm_dff0:inst75|lpm_ff:lpm_ff_component|dffs[1]                                              ; |kursach|cash:inst8|lpm_dff0:inst75|lpm_ff:lpm_ff_component|dffs[1]                                              ; regout           ;
; |kursach|cash:inst8|lpm_dff0:inst75|lpm_ff:lpm_ff_component|dffs[0]                                              ; |kursach|cash:inst8|lpm_dff0:inst75|lpm_ff:lpm_ff_component|dffs[0]                                              ; regout           ;
; |kursach|cash:inst8|lpm_bustri0:inst83|lpm_bustri:lpm_bustri_component|dout[7]                                   ; |kursach|cash:inst8|lpm_bustri0:inst83|lpm_bustri:lpm_bustri_component|dout[7]                                   ; out              ;
; |kursach|cash:inst8|lpm_bustri0:inst83|lpm_bustri:lpm_bustri_component|dout[6]                                   ; |kursach|cash:inst8|lpm_bustri0:inst83|lpm_bustri:lpm_bustri_component|dout[6]                                   ; out              ;
; |kursach|cash:inst8|lpm_bustri0:inst83|lpm_bustri:lpm_bustri_component|dout[5]                                   ; |kursach|cash:inst8|lpm_bustri0:inst83|lpm_bustri:lpm_bustri_component|dout[5]                                   ; out              ;
; |kursach|cash:inst8|lpm_bustri0:inst83|lpm_bustri:lpm_bustri_component|dout[4]                                   ; |kursach|cash:inst8|lpm_bustri0:inst83|lpm_bustri:lpm_bustri_component|dout[4]                                   ; out              ;
; |kursach|cash:inst8|lpm_bustri0:inst83|lpm_bustri:lpm_bustri_component|dout[3]                                   ; |kursach|cash:inst8|lpm_bustri0:inst83|lpm_bustri:lpm_bustri_component|dout[3]                                   ; out              ;
; |kursach|cash:inst8|lpm_bustri0:inst83|lpm_bustri:lpm_bustri_component|dout[2]                                   ; |kursach|cash:inst8|lpm_bustri0:inst83|lpm_bustri:lpm_bustri_component|dout[2]                                   ; out              ;
; |kursach|cash:inst8|lpm_bustri0:inst83|lpm_bustri:lpm_bustri_component|dout[1]                                   ; |kursach|cash:inst8|lpm_bustri0:inst83|lpm_bustri:lpm_bustri_component|dout[1]                                   ; out              ;
; |kursach|cash:inst8|lpm_bustri0:inst83|lpm_bustri:lpm_bustri_component|dout[0]                                   ; |kursach|cash:inst8|lpm_bustri0:inst83|lpm_bustri:lpm_bustri_component|dout[0]                                   ; out              ;
; |kursach|cash:inst8|lpm_dff0:inst74|lpm_ff:lpm_ff_component|dffs[7]                                              ; |kursach|cash:inst8|lpm_dff0:inst74|lpm_ff:lpm_ff_component|dffs[7]                                              ; regout           ;
; |kursach|cash:inst8|lpm_dff0:inst74|lpm_ff:lpm_ff_component|dffs[5]                                              ; |kursach|cash:inst8|lpm_dff0:inst74|lpm_ff:lpm_ff_component|dffs[5]                                              ; regout           ;
; |kursach|cash:inst8|lpm_dff0:inst74|lpm_ff:lpm_ff_component|dffs[4]                                              ; |kursach|cash:inst8|lpm_dff0:inst74|lpm_ff:lpm_ff_component|dffs[4]                                              ; regout           ;
; |kursach|cash:inst8|lpm_dff0:inst74|lpm_ff:lpm_ff_component|dffs[3]                                              ; |kursach|cash:inst8|lpm_dff0:inst74|lpm_ff:lpm_ff_component|dffs[3]                                              ; regout           ;
; |kursach|cash:inst8|lpm_dff0:inst74|lpm_ff:lpm_ff_component|dffs[2]                                              ; |kursach|cash:inst8|lpm_dff0:inst74|lpm_ff:lpm_ff_component|dffs[2]                                              ; regout           ;
; |kursach|cash:inst8|lpm_dff0:inst74|lpm_ff:lpm_ff_component|dffs[1]                                              ; |kursach|cash:inst8|lpm_dff0:inst74|lpm_ff:lpm_ff_component|dffs[1]                                              ; regout           ;
; |kursach|cash:inst8|lpm_dff0:inst74|lpm_ff:lpm_ff_component|dffs[0]                                              ; |kursach|cash:inst8|lpm_dff0:inst74|lpm_ff:lpm_ff_component|dffs[0]                                              ; regout           ;
; |kursach|cash:inst8|lpm_bustri0:inst82|lpm_bustri:lpm_bustri_component|dout[7]                                   ; |kursach|cash:inst8|lpm_bustri0:inst82|lpm_bustri:lpm_bustri_component|dout[7]                                   ; out              ;
; |kursach|cash:inst8|lpm_bustri0:inst82|lpm_bustri:lpm_bustri_component|dout[6]                                   ; |kursach|cash:inst8|lpm_bustri0:inst82|lpm_bustri:lpm_bustri_component|dout[6]                                   ; out              ;
; |kursach|cash:inst8|lpm_bustri0:inst82|lpm_bustri:lpm_bustri_component|dout[5]                                   ; |kursach|cash:inst8|lpm_bustri0:inst82|lpm_bustri:lpm_bustri_component|dout[5]                                   ; out              ;
; |kursach|cash:inst8|lpm_bustri0:inst82|lpm_bustri:lpm_bustri_component|dout[4]                                   ; |kursach|cash:inst8|lpm_bustri0:inst82|lpm_bustri:lpm_bustri_component|dout[4]                                   ; out              ;
; |kursach|cash:inst8|lpm_bustri0:inst82|lpm_bustri:lpm_bustri_component|dout[3]                                   ; |kursach|cash:inst8|lpm_bustri0:inst82|lpm_bustri:lpm_bustri_component|dout[3]                                   ; out              ;
; |kursach|cash:inst8|lpm_bustri0:inst82|lpm_bustri:lpm_bustri_component|dout[2]                                   ; |kursach|cash:inst8|lpm_bustri0:inst82|lpm_bustri:lpm_bustri_component|dout[2]                                   ; out              ;
; |kursach|cash:inst8|lpm_bustri0:inst82|lpm_bustri:lpm_bustri_component|dout[1]                                   ; |kursach|cash:inst8|lpm_bustri0:inst82|lpm_bustri:lpm_bustri_component|dout[1]                                   ; out              ;
; |kursach|cash:inst8|lpm_bustri0:inst82|lpm_bustri:lpm_bustri_component|dout[0]                                   ; |kursach|cash:inst8|lpm_bustri0:inst82|lpm_bustri:lpm_bustri_component|dout[0]                                   ; out              ;
; |kursach|cash:inst8|lpm_dff0:inst73|lpm_ff:lpm_ff_component|dffs[7]                                              ; |kursach|cash:inst8|lpm_dff0:inst73|lpm_ff:lpm_ff_component|dffs[7]                                              ; regout           ;
; |kursach|cash:inst8|lpm_dff0:inst73|lpm_ff:lpm_ff_component|dffs[5]                                              ; |kursach|cash:inst8|lpm_dff0:inst73|lpm_ff:lpm_ff_component|dffs[5]                                              ; regout           ;
; |kursach|cash:inst8|lpm_dff0:inst73|lpm_ff:lpm_ff_component|dffs[4]                                              ; |kursach|cash:inst8|lpm_dff0:inst73|lpm_ff:lpm_ff_component|dffs[4]                                              ; regout           ;
; |kursach|cash:inst8|lpm_dff0:inst73|lpm_ff:lpm_ff_component|dffs[3]                                              ; |kursach|cash:inst8|lpm_dff0:inst73|lpm_ff:lpm_ff_component|dffs[3]                                              ; regout           ;
; |kursach|cash:inst8|lpm_dff0:inst73|lpm_ff:lpm_ff_component|dffs[2]                                              ; |kursach|cash:inst8|lpm_dff0:inst73|lpm_ff:lpm_ff_component|dffs[2]                                              ; regout           ;
; |kursach|cash:inst8|lpm_dff0:inst73|lpm_ff:lpm_ff_component|dffs[1]                                              ; |kursach|cash:inst8|lpm_dff0:inst73|lpm_ff:lpm_ff_component|dffs[1]                                              ; regout           ;
; |kursach|cash:inst8|lpm_dff0:inst73|lpm_ff:lpm_ff_component|dffs[0]                                              ; |kursach|cash:inst8|lpm_dff0:inst73|lpm_ff:lpm_ff_component|dffs[0]                                              ; regout           ;
; |kursach|cash:inst8|lpm_bustri0:inst81|lpm_bustri:lpm_bustri_component|dout[7]                                   ; |kursach|cash:inst8|lpm_bustri0:inst81|lpm_bustri:lpm_bustri_component|dout[7]                                   ; out              ;
; |kursach|cash:inst8|lpm_bustri0:inst81|lpm_bustri:lpm_bustri_component|dout[6]                                   ; |kursach|cash:inst8|lpm_bustri0:inst81|lpm_bustri:lpm_bustri_component|dout[6]                                   ; out              ;
; |kursach|cash:inst8|lpm_bustri0:inst81|lpm_bustri:lpm_bustri_component|dout[5]                                   ; |kursach|cash:inst8|lpm_bustri0:inst81|lpm_bustri:lpm_bustri_component|dout[5]                                   ; out              ;
; |kursach|cash:inst8|lpm_bustri0:inst81|lpm_bustri:lpm_bustri_component|dout[4]                                   ; |kursach|cash:inst8|lpm_bustri0:inst81|lpm_bustri:lpm_bustri_component|dout[4]                                   ; out              ;
; |kursach|cash:inst8|lpm_bustri0:inst81|lpm_bustri:lpm_bustri_component|dout[3]                                   ; |kursach|cash:inst8|lpm_bustri0:inst81|lpm_bustri:lpm_bustri_component|dout[3]                                   ; out              ;
; |kursach|cash:inst8|lpm_bustri0:inst81|lpm_bustri:lpm_bustri_component|dout[2]                                   ; |kursach|cash:inst8|lpm_bustri0:inst81|lpm_bustri:lpm_bustri_component|dout[2]                                   ; out              ;
; |kursach|cash:inst8|lpm_bustri0:inst81|lpm_bustri:lpm_bustri_component|dout[1]                                   ; |kursach|cash:inst8|lpm_bustri0:inst81|lpm_bustri:lpm_bustri_component|dout[1]                                   ; out              ;
; |kursach|cash:inst8|lpm_bustri0:inst81|lpm_bustri:lpm_bustri_component|dout[0]                                   ; |kursach|cash:inst8|lpm_bustri0:inst81|lpm_bustri:lpm_bustri_component|dout[0]                                   ; out              ;
; |kursach|cash:inst8|lpm_dff0:inst72|lpm_ff:lpm_ff_component|dffs[7]                                              ; |kursach|cash:inst8|lpm_dff0:inst72|lpm_ff:lpm_ff_component|dffs[7]                                              ; regout           ;
; |kursach|cash:inst8|lpm_dff0:inst72|lpm_ff:lpm_ff_component|dffs[5]                                              ; |kursach|cash:inst8|lpm_dff0:inst72|lpm_ff:lpm_ff_component|dffs[5]                                              ; regout           ;
; |kursach|cash:inst8|lpm_dff0:inst72|lpm_ff:lpm_ff_component|dffs[4]                                              ; |kursach|cash:inst8|lpm_dff0:inst72|lpm_ff:lpm_ff_component|dffs[4]                                              ; regout           ;
; |kursach|cash:inst8|lpm_dff0:inst72|lpm_ff:lpm_ff_component|dffs[3]                                              ; |kursach|cash:inst8|lpm_dff0:inst72|lpm_ff:lpm_ff_component|dffs[3]                                              ; regout           ;
; |kursach|cash:inst8|lpm_dff0:inst72|lpm_ff:lpm_ff_component|dffs[2]                                              ; |kursach|cash:inst8|lpm_dff0:inst72|lpm_ff:lpm_ff_component|dffs[2]                                              ; regout           ;
; |kursach|cash:inst8|lpm_dff0:inst72|lpm_ff:lpm_ff_component|dffs[1]                                              ; |kursach|cash:inst8|lpm_dff0:inst72|lpm_ff:lpm_ff_component|dffs[1]                                              ; regout           ;
; |kursach|cash:inst8|lpm_dff0:inst72|lpm_ff:lpm_ff_component|dffs[0]                                              ; |kursach|cash:inst8|lpm_dff0:inst72|lpm_ff:lpm_ff_component|dffs[0]                                              ; regout           ;
; |kursach|cash:inst8|lpm_bustri0:inst80|lpm_bustri:lpm_bustri_component|dout[7]                                   ; |kursach|cash:inst8|lpm_bustri0:inst80|lpm_bustri:lpm_bustri_component|dout[7]                                   ; out              ;
; |kursach|cash:inst8|lpm_bustri0:inst80|lpm_bustri:lpm_bustri_component|dout[6]                                   ; |kursach|cash:inst8|lpm_bustri0:inst80|lpm_bustri:lpm_bustri_component|dout[6]                                   ; out              ;
; |kursach|cash:inst8|lpm_bustri0:inst80|lpm_bustri:lpm_bustri_component|dout[5]                                   ; |kursach|cash:inst8|lpm_bustri0:inst80|lpm_bustri:lpm_bustri_component|dout[5]                                   ; out              ;
; |kursach|cash:inst8|lpm_bustri0:inst80|lpm_bustri:lpm_bustri_component|dout[4]                                   ; |kursach|cash:inst8|lpm_bustri0:inst80|lpm_bustri:lpm_bustri_component|dout[4]                                   ; out              ;
; |kursach|cash:inst8|lpm_bustri0:inst80|lpm_bustri:lpm_bustri_component|dout[3]                                   ; |kursach|cash:inst8|lpm_bustri0:inst80|lpm_bustri:lpm_bustri_component|dout[3]                                   ; out              ;
; |kursach|cash:inst8|lpm_bustri0:inst80|lpm_bustri:lpm_bustri_component|dout[2]                                   ; |kursach|cash:inst8|lpm_bustri0:inst80|lpm_bustri:lpm_bustri_component|dout[2]                                   ; out              ;
; |kursach|cash:inst8|lpm_bustri0:inst80|lpm_bustri:lpm_bustri_component|dout[1]                                   ; |kursach|cash:inst8|lpm_bustri0:inst80|lpm_bustri:lpm_bustri_component|dout[1]                                   ; out              ;
; |kursach|cash:inst8|lpm_bustri0:inst80|lpm_bustri:lpm_bustri_component|dout[0]                                   ; |kursach|cash:inst8|lpm_bustri0:inst80|lpm_bustri:lpm_bustri_component|dout[0]                                   ; out              ;
; |kursach|cash:inst8|lpm_bustri2:inst92|lpm_bustri:lpm_bustri_component|dout[2]                                   ; |kursach|cash:inst8|lpm_bustri2:inst92|lpm_bustri:lpm_bustri_component|dout[2]                                   ; out              ;
; |kursach|cash:inst8|lpm_bustri2:inst92|lpm_bustri:lpm_bustri_component|dout[1]                                   ; |kursach|cash:inst8|lpm_bustri2:inst92|lpm_bustri:lpm_bustri_component|dout[1]                                   ; out              ;
; |kursach|cash:inst8|lpm_bustri2:inst92|lpm_bustri:lpm_bustri_component|dout[0]                                   ; |kursach|cash:inst8|lpm_bustri2:inst92|lpm_bustri:lpm_bustri_component|dout[0]                                   ; out              ;
; |kursach|cash:inst8|lpm_dff0:inst40|lpm_ff:lpm_ff_component|dffs[7]                                              ; |kursach|cash:inst8|lpm_dff0:inst40|lpm_ff:lpm_ff_component|dffs[7]                                              ; regout           ;
; |kursach|cash:inst8|lpm_dff0:inst40|lpm_ff:lpm_ff_component|dffs[6]                                              ; |kursach|cash:inst8|lpm_dff0:inst40|lpm_ff:lpm_ff_component|dffs[6]                                              ; regout           ;
; |kursach|cash:inst8|lpm_dff0:inst40|lpm_ff:lpm_ff_component|dffs[5]                                              ; |kursach|cash:inst8|lpm_dff0:inst40|lpm_ff:lpm_ff_component|dffs[5]                                              ; regout           ;
; |kursach|cash:inst8|lpm_dff0:inst40|lpm_ff:lpm_ff_component|dffs[4]                                              ; |kursach|cash:inst8|lpm_dff0:inst40|lpm_ff:lpm_ff_component|dffs[4]                                              ; regout           ;
; |kursach|cash:inst8|lpm_dff0:inst40|lpm_ff:lpm_ff_component|dffs[3]                                              ; |kursach|cash:inst8|lpm_dff0:inst40|lpm_ff:lpm_ff_component|dffs[3]                                              ; regout           ;
; |kursach|cash:inst8|lpm_dff0:inst40|lpm_ff:lpm_ff_component|dffs[2]                                              ; |kursach|cash:inst8|lpm_dff0:inst40|lpm_ff:lpm_ff_component|dffs[2]                                              ; regout           ;
; |kursach|cash:inst8|lpm_dff0:inst40|lpm_ff:lpm_ff_component|dffs[1]                                              ; |kursach|cash:inst8|lpm_dff0:inst40|lpm_ff:lpm_ff_component|dffs[1]                                              ; regout           ;
; |kursach|cash:inst8|lpm_dff0:inst40|lpm_ff:lpm_ff_component|dffs[0]                                              ; |kursach|cash:inst8|lpm_dff0:inst40|lpm_ff:lpm_ff_component|dffs[0]                                              ; regout           ;
; |kursach|cash:inst8|lpm_decode0:inst87|lpm_decode:lpm_decode_component|decode_5sf:auto_generated|w_anode18w[3]   ; |kursach|cash:inst8|lpm_decode0:inst87|lpm_decode:lpm_decode_component|decode_5sf:auto_generated|w_anode18w[3]   ; out0             ;
; |kursach|cash:inst8|lpm_decode0:inst87|lpm_decode:lpm_decode_component|decode_5sf:auto_generated|w_anode18w[2]   ; |kursach|cash:inst8|lpm_decode0:inst87|lpm_decode:lpm_decode_component|decode_5sf:auto_generated|w_anode18w[2]   ; out0             ;
; |kursach|cash:inst8|lpm_decode0:inst87|lpm_decode:lpm_decode_component|decode_5sf:auto_generated|w_anode18w[1]   ; |kursach|cash:inst8|lpm_decode0:inst87|lpm_decode:lpm_decode_component|decode_5sf:auto_generated|w_anode18w[1]   ; out0             ;
; |kursach|cash:inst8|lpm_decode0:inst87|lpm_decode:lpm_decode_component|decode_5sf:auto_generated|w_anode1w[3]    ; |kursach|cash:inst8|lpm_decode0:inst87|lpm_decode:lpm_decode_component|decode_5sf:auto_generated|w_anode1w[3]    ; out0             ;
; |kursach|cash:inst8|lpm_decode0:inst87|lpm_decode:lpm_decode_component|decode_5sf:auto_generated|w_anode1w[2]    ; |kursach|cash:inst8|lpm_decode0:inst87|lpm_decode:lpm_decode_component|decode_5sf:auto_generated|w_anode1w[2]    ; out0             ;
; |kursach|cash:inst8|lpm_decode0:inst87|lpm_decode:lpm_decode_component|decode_5sf:auto_generated|w_anode28w[3]   ; |kursach|cash:inst8|lpm_decode0:inst87|lpm_decode:lpm_decode_component|decode_5sf:auto_generated|w_anode28w[3]   ; out0             ;
; |kursach|cash:inst8|lpm_decode0:inst87|lpm_decode:lpm_decode_component|decode_5sf:auto_generated|w_anode38w[3]   ; |kursach|cash:inst8|lpm_decode0:inst87|lpm_decode:lpm_decode_component|decode_5sf:auto_generated|w_anode38w[3]   ; out0             ;
; |kursach|cash:inst8|lpm_decode0:inst87|lpm_decode:lpm_decode_component|decode_5sf:auto_generated|w_anode38w[2]   ; |kursach|cash:inst8|lpm_decode0:inst87|lpm_decode:lpm_decode_component|decode_5sf:auto_generated|w_anode38w[2]   ; out0             ;
; |kursach|cash:inst8|lpm_decode0:inst87|lpm_decode:lpm_decode_component|decode_5sf:auto_generated|w_anode38w[1]   ; |kursach|cash:inst8|lpm_decode0:inst87|lpm_decode:lpm_decode_component|decode_5sf:auto_generated|w_anode38w[1]   ; out0             ;
; |kursach|cash:inst8|lpm_decode0:inst87|lpm_decode:lpm_decode_component|decode_5sf:auto_generated|w_anode48w[3]   ; |kursach|cash:inst8|lpm_decode0:inst87|lpm_decode:lpm_decode_component|decode_5sf:auto_generated|w_anode48w[3]   ; out0             ;
; |kursach|cash:inst8|lpm_decode0:inst87|lpm_decode:lpm_decode_component|decode_5sf:auto_generated|w_anode48w[2]   ; |kursach|cash:inst8|lpm_decode0:inst87|lpm_decode:lpm_decode_component|decode_5sf:auto_generated|w_anode48w[2]   ; out0             ;
; |kursach|cash:inst8|lpm_decode0:inst87|lpm_decode:lpm_decode_component|decode_5sf:auto_generated|w_anode58w[3]   ; |kursach|cash:inst8|lpm_decode0:inst87|lpm_decode:lpm_decode_component|decode_5sf:auto_generated|w_anode58w[3]   ; out0             ;
; |kursach|cash:inst8|lpm_decode0:inst87|lpm_decode:lpm_decode_component|decode_5sf:auto_generated|w_anode58w[2]   ; |kursach|cash:inst8|lpm_decode0:inst87|lpm_decode:lpm_decode_component|decode_5sf:auto_generated|w_anode58w[2]   ; out0             ;
; |kursach|cash:inst8|lpm_decode0:inst87|lpm_decode:lpm_decode_component|decode_5sf:auto_generated|w_anode58w[1]   ; |kursach|cash:inst8|lpm_decode0:inst87|lpm_decode:lpm_decode_component|decode_5sf:auto_generated|w_anode58w[1]   ; out0             ;
; |kursach|cash:inst8|lpm_decode0:inst87|lpm_decode:lpm_decode_component|decode_5sf:auto_generated|w_anode78w[3]   ; |kursach|cash:inst8|lpm_decode0:inst87|lpm_decode:lpm_decode_component|decode_5sf:auto_generated|w_anode78w[3]   ; out0             ;
; |kursach|cash:inst8|lpm_decode0:inst87|lpm_decode:lpm_decode_component|decode_5sf:auto_generated|w_anode78w[2]   ; |kursach|cash:inst8|lpm_decode0:inst87|lpm_decode:lpm_decode_component|decode_5sf:auto_generated|w_anode78w[2]   ; out0             ;
; |kursach|cash:inst8|lpm_decode0:inst87|lpm_decode:lpm_decode_component|decode_5sf:auto_generated|w_anode78w[1]   ; |kursach|cash:inst8|lpm_decode0:inst87|lpm_decode:lpm_decode_component|decode_5sf:auto_generated|w_anode78w[1]   ; out0             ;
; |kursach|cash:inst8|lpm_bustri0:inst79|lpm_bustri:lpm_bustri_component|dout[7]                                   ; |kursach|cash:inst8|lpm_bustri0:inst79|lpm_bustri:lpm_bustri_component|dout[7]                                   ; out              ;
; |kursach|cash:inst8|lpm_bustri0:inst79|lpm_bustri:lpm_bustri_component|dout[6]                                   ; |kursach|cash:inst8|lpm_bustri0:inst79|lpm_bustri:lpm_bustri_component|dout[6]                                   ; out              ;
; |kursach|cash:inst8|lpm_bustri0:inst79|lpm_bustri:lpm_bustri_component|dout[5]                                   ; |kursach|cash:inst8|lpm_bustri0:inst79|lpm_bustri:lpm_bustri_component|dout[5]                                   ; out              ;
; |kursach|cash:inst8|lpm_bustri0:inst79|lpm_bustri:lpm_bustri_component|dout[4]                                   ; |kursach|cash:inst8|lpm_bustri0:inst79|lpm_bustri:lpm_bustri_component|dout[4]                                   ; out              ;
; |kursach|cash:inst8|lpm_bustri0:inst79|lpm_bustri:lpm_bustri_component|dout[3]                                   ; |kursach|cash:inst8|lpm_bustri0:inst79|lpm_bustri:lpm_bustri_component|dout[3]                                   ; out              ;
; |kursach|cash:inst8|lpm_bustri0:inst79|lpm_bustri:lpm_bustri_component|dout[2]                                   ; |kursach|cash:inst8|lpm_bustri0:inst79|lpm_bustri:lpm_bustri_component|dout[2]                                   ; out              ;
; |kursach|cash:inst8|lpm_bustri0:inst79|lpm_bustri:lpm_bustri_component|dout[1]                                   ; |kursach|cash:inst8|lpm_bustri0:inst79|lpm_bustri:lpm_bustri_component|dout[1]                                   ; out              ;
; |kursach|cash:inst8|lpm_dff0:inst22|lpm_ff:lpm_ff_component|dffs[7]                                              ; |kursach|cash:inst8|lpm_dff0:inst22|lpm_ff:lpm_ff_component|dffs[7]                                              ; regout           ;
; |kursach|cash:inst8|lpm_dff0:inst22|lpm_ff:lpm_ff_component|dffs[6]                                              ; |kursach|cash:inst8|lpm_dff0:inst22|lpm_ff:lpm_ff_component|dffs[6]                                              ; regout           ;
; |kursach|cash:inst8|lpm_dff0:inst22|lpm_ff:lpm_ff_component|dffs[5]                                              ; |kursach|cash:inst8|lpm_dff0:inst22|lpm_ff:lpm_ff_component|dffs[5]                                              ; regout           ;
; |kursach|cash:inst8|lpm_dff0:inst22|lpm_ff:lpm_ff_component|dffs[4]                                              ; |kursach|cash:inst8|lpm_dff0:inst22|lpm_ff:lpm_ff_component|dffs[4]                                              ; regout           ;
; |kursach|cash:inst8|lpm_dff0:inst22|lpm_ff:lpm_ff_component|dffs[3]                                              ; |kursach|cash:inst8|lpm_dff0:inst22|lpm_ff:lpm_ff_component|dffs[3]                                              ; regout           ;
; |kursach|cash:inst8|lpm_dff0:inst22|lpm_ff:lpm_ff_component|dffs[2]                                              ; |kursach|cash:inst8|lpm_dff0:inst22|lpm_ff:lpm_ff_component|dffs[2]                                              ; regout           ;
; |kursach|cash:inst8|lpm_dff0:inst22|lpm_ff:lpm_ff_component|dffs[1]                                              ; |kursach|cash:inst8|lpm_dff0:inst22|lpm_ff:lpm_ff_component|dffs[1]                                              ; regout           ;
; |kursach|cash:inst8|lpm_dff0:inst22|lpm_ff:lpm_ff_component|dffs[0]                                              ; |kursach|cash:inst8|lpm_dff0:inst22|lpm_ff:lpm_ff_component|dffs[0]                                              ; regout           ;
; |kursach|cash:inst8|lpm_bustri0:inst30|lpm_bustri:lpm_bustri_component|dout[1]                                   ; |kursach|cash:inst8|lpm_bustri0:inst30|lpm_bustri:lpm_bustri_component|dout[1]                                   ; out              ;
; |kursach|cash:inst8|lpm_bustri0:inst30|lpm_bustri:lpm_bustri_component|dout[0]                                   ; |kursach|cash:inst8|lpm_bustri0:inst30|lpm_bustri:lpm_bustri_component|dout[0]                                   ; out              ;
; |kursach|cash:inst8|lpm_dff0:inst23|lpm_ff:lpm_ff_component|dffs[7]                                              ; |kursach|cash:inst8|lpm_dff0:inst23|lpm_ff:lpm_ff_component|dffs[7]                                              ; regout           ;
; |kursach|cash:inst8|lpm_dff0:inst23|lpm_ff:lpm_ff_component|dffs[6]                                              ; |kursach|cash:inst8|lpm_dff0:inst23|lpm_ff:lpm_ff_component|dffs[6]                                              ; regout           ;
; |kursach|cash:inst8|lpm_dff0:inst23|lpm_ff:lpm_ff_component|dffs[5]                                              ; |kursach|cash:inst8|lpm_dff0:inst23|lpm_ff:lpm_ff_component|dffs[5]                                              ; regout           ;
; |kursach|cash:inst8|lpm_dff0:inst23|lpm_ff:lpm_ff_component|dffs[4]                                              ; |kursach|cash:inst8|lpm_dff0:inst23|lpm_ff:lpm_ff_component|dffs[4]                                              ; regout           ;
; |kursach|cash:inst8|lpm_dff0:inst23|lpm_ff:lpm_ff_component|dffs[3]                                              ; |kursach|cash:inst8|lpm_dff0:inst23|lpm_ff:lpm_ff_component|dffs[3]                                              ; regout           ;
; |kursach|cash:inst8|lpm_dff0:inst23|lpm_ff:lpm_ff_component|dffs[2]                                              ; |kursach|cash:inst8|lpm_dff0:inst23|lpm_ff:lpm_ff_component|dffs[2]                                              ; regout           ;
; |kursach|cash:inst8|lpm_dff0:inst23|lpm_ff:lpm_ff_component|dffs[1]                                              ; |kursach|cash:inst8|lpm_dff0:inst23|lpm_ff:lpm_ff_component|dffs[1]                                              ; regout           ;
; |kursach|cash:inst8|lpm_dff0:inst23|lpm_ff:lpm_ff_component|dffs[0]                                              ; |kursach|cash:inst8|lpm_dff0:inst23|lpm_ff:lpm_ff_component|dffs[0]                                              ; regout           ;
; |kursach|cash:inst8|lpm_bustri0:inst31|lpm_bustri:lpm_bustri_component|dout[2]                                   ; |kursach|cash:inst8|lpm_bustri0:inst31|lpm_bustri:lpm_bustri_component|dout[2]                                   ; out              ;
; |kursach|cash:inst8|lpm_dff0:inst24|lpm_ff:lpm_ff_component|dffs[7]                                              ; |kursach|cash:inst8|lpm_dff0:inst24|lpm_ff:lpm_ff_component|dffs[7]                                              ; regout           ;
; |kursach|cash:inst8|lpm_dff0:inst24|lpm_ff:lpm_ff_component|dffs[6]                                              ; |kursach|cash:inst8|lpm_dff0:inst24|lpm_ff:lpm_ff_component|dffs[6]                                              ; regout           ;
; |kursach|cash:inst8|lpm_dff0:inst24|lpm_ff:lpm_ff_component|dffs[3]                                              ; |kursach|cash:inst8|lpm_dff0:inst24|lpm_ff:lpm_ff_component|dffs[3]                                              ; regout           ;
; |kursach|cash:inst8|lpm_dff0:inst24|lpm_ff:lpm_ff_component|dffs[1]                                              ; |kursach|cash:inst8|lpm_dff0:inst24|lpm_ff:lpm_ff_component|dffs[1]                                              ; regout           ;
; |kursach|cash:inst8|lpm_dff0:inst24|lpm_ff:lpm_ff_component|dffs[0]                                              ; |kursach|cash:inst8|lpm_dff0:inst24|lpm_ff:lpm_ff_component|dffs[0]                                              ; regout           ;
; |kursach|cash:inst8|lpm_bustri0:inst32|lpm_bustri:lpm_bustri_component|dout[0]                                   ; |kursach|cash:inst8|lpm_bustri0:inst32|lpm_bustri:lpm_bustri_component|dout[0]                                   ; out              ;
; |kursach|cash:inst8|lpm_dff0:inst26|lpm_ff:lpm_ff_component|dffs[7]                                              ; |kursach|cash:inst8|lpm_dff0:inst26|lpm_ff:lpm_ff_component|dffs[7]                                              ; regout           ;
; |kursach|cash:inst8|lpm_dff0:inst26|lpm_ff:lpm_ff_component|dffs[2]                                              ; |kursach|cash:inst8|lpm_dff0:inst26|lpm_ff:lpm_ff_component|dffs[2]                                              ; regout           ;
; |kursach|cash:inst8|lpm_dff0:inst26|lpm_ff:lpm_ff_component|dffs[1]                                              ; |kursach|cash:inst8|lpm_dff0:inst26|lpm_ff:lpm_ff_component|dffs[1]                                              ; regout           ;
; |kursach|cash:inst8|lpm_bustri0:inst34|lpm_bustri:lpm_bustri_component|dout[2]                                   ; |kursach|cash:inst8|lpm_bustri0:inst34|lpm_bustri:lpm_bustri_component|dout[2]                                   ; out              ;
; |kursach|cash:inst8|lpm_bustri0:inst34|lpm_bustri:lpm_bustri_component|dout[1]                                   ; |kursach|cash:inst8|lpm_bustri0:inst34|lpm_bustri:lpm_bustri_component|dout[1]                                   ; out              ;
; |kursach|cash:inst8|lpm_bustri0:inst34|lpm_bustri:lpm_bustri_component|dout[0]                                   ; |kursach|cash:inst8|lpm_bustri0:inst34|lpm_bustri:lpm_bustri_component|dout[0]                                   ; out              ;
; |kursach|cash:inst8|lpm_dff0:inst25|lpm_ff:lpm_ff_component|dffs[7]                                              ; |kursach|cash:inst8|lpm_dff0:inst25|lpm_ff:lpm_ff_component|dffs[7]                                              ; regout           ;
; |kursach|cash:inst8|lpm_dff0:inst25|lpm_ff:lpm_ff_component|dffs[6]                                              ; |kursach|cash:inst8|lpm_dff0:inst25|lpm_ff:lpm_ff_component|dffs[6]                                              ; regout           ;
; |kursach|cash:inst8|lpm_dff0:inst25|lpm_ff:lpm_ff_component|dffs[5]                                              ; |kursach|cash:inst8|lpm_dff0:inst25|lpm_ff:lpm_ff_component|dffs[5]                                              ; regout           ;
; |kursach|cash:inst8|lpm_dff0:inst25|lpm_ff:lpm_ff_component|dffs[4]                                              ; |kursach|cash:inst8|lpm_dff0:inst25|lpm_ff:lpm_ff_component|dffs[4]                                              ; regout           ;
; |kursach|cash:inst8|lpm_dff0:inst25|lpm_ff:lpm_ff_component|dffs[3]                                              ; |kursach|cash:inst8|lpm_dff0:inst25|lpm_ff:lpm_ff_component|dffs[3]                                              ; regout           ;
; |kursach|cash:inst8|lpm_dff0:inst25|lpm_ff:lpm_ff_component|dffs[2]                                              ; |kursach|cash:inst8|lpm_dff0:inst25|lpm_ff:lpm_ff_component|dffs[2]                                              ; regout           ;
; |kursach|cash:inst8|lpm_dff0:inst25|lpm_ff:lpm_ff_component|dffs[1]                                              ; |kursach|cash:inst8|lpm_dff0:inst25|lpm_ff:lpm_ff_component|dffs[1]                                              ; regout           ;
; |kursach|cash:inst8|lpm_dff0:inst25|lpm_ff:lpm_ff_component|dffs[0]                                              ; |kursach|cash:inst8|lpm_dff0:inst25|lpm_ff:lpm_ff_component|dffs[0]                                              ; regout           ;
; |kursach|cash:inst8|lpm_bustri0:inst33|lpm_bustri:lpm_bustri_component|dout[2]                                   ; |kursach|cash:inst8|lpm_bustri0:inst33|lpm_bustri:lpm_bustri_component|dout[2]                                   ; out              ;
; |kursach|cash:inst8|lpm_bustri0:inst33|lpm_bustri:lpm_bustri_component|dout[1]                                   ; |kursach|cash:inst8|lpm_bustri0:inst33|lpm_bustri:lpm_bustri_component|dout[1]                                   ; out              ;
; |kursach|cash:inst8|lpm_dff0:inst21|lpm_ff:lpm_ff_component|dffs[7]                                              ; |kursach|cash:inst8|lpm_dff0:inst21|lpm_ff:lpm_ff_component|dffs[7]                                              ; regout           ;
; |kursach|cash:inst8|lpm_dff0:inst21|lpm_ff:lpm_ff_component|dffs[6]                                              ; |kursach|cash:inst8|lpm_dff0:inst21|lpm_ff:lpm_ff_component|dffs[6]                                              ; regout           ;
; |kursach|cash:inst8|lpm_dff0:inst21|lpm_ff:lpm_ff_component|dffs[5]                                              ; |kursach|cash:inst8|lpm_dff0:inst21|lpm_ff:lpm_ff_component|dffs[5]                                              ; regout           ;
; |kursach|cash:inst8|lpm_dff0:inst21|lpm_ff:lpm_ff_component|dffs[4]                                              ; |kursach|cash:inst8|lpm_dff0:inst21|lpm_ff:lpm_ff_component|dffs[4]                                              ; regout           ;
; |kursach|cash:inst8|lpm_dff0:inst21|lpm_ff:lpm_ff_component|dffs[3]                                              ; |kursach|cash:inst8|lpm_dff0:inst21|lpm_ff:lpm_ff_component|dffs[3]                                              ; regout           ;
; |kursach|cash:inst8|lpm_dff0:inst21|lpm_ff:lpm_ff_component|dffs[2]                                              ; |kursach|cash:inst8|lpm_dff0:inst21|lpm_ff:lpm_ff_component|dffs[2]                                              ; regout           ;
; |kursach|cash:inst8|lpm_dff0:inst21|lpm_ff:lpm_ff_component|dffs[1]                                              ; |kursach|cash:inst8|lpm_dff0:inst21|lpm_ff:lpm_ff_component|dffs[1]                                              ; regout           ;
; |kursach|cash:inst8|lpm_dff0:inst21|lpm_ff:lpm_ff_component|dffs[0]                                              ; |kursach|cash:inst8|lpm_dff0:inst21|lpm_ff:lpm_ff_component|dffs[0]                                              ; regout           ;
; |kursach|cash:inst8|lpm_bustri0:inst29|lpm_bustri:lpm_bustri_component|dout[1]                                   ; |kursach|cash:inst8|lpm_bustri0:inst29|lpm_bustri:lpm_bustri_component|dout[1]                                   ; out              ;
; |kursach|cash:inst8|lpm_dff0:inst20|lpm_ff:lpm_ff_component|dffs[7]                                              ; |kursach|cash:inst8|lpm_dff0:inst20|lpm_ff:lpm_ff_component|dffs[7]                                              ; regout           ;
; |kursach|cash:inst8|lpm_dff0:inst20|lpm_ff:lpm_ff_component|dffs[6]                                              ; |kursach|cash:inst8|lpm_dff0:inst20|lpm_ff:lpm_ff_component|dffs[6]                                              ; regout           ;
; |kursach|cash:inst8|lpm_dff0:inst20|lpm_ff:lpm_ff_component|dffs[5]                                              ; |kursach|cash:inst8|lpm_dff0:inst20|lpm_ff:lpm_ff_component|dffs[5]                                              ; regout           ;
; |kursach|cash:inst8|lpm_dff0:inst20|lpm_ff:lpm_ff_component|dffs[4]                                              ; |kursach|cash:inst8|lpm_dff0:inst20|lpm_ff:lpm_ff_component|dffs[4]                                              ; regout           ;
; |kursach|cash:inst8|lpm_dff0:inst20|lpm_ff:lpm_ff_component|dffs[3]                                              ; |kursach|cash:inst8|lpm_dff0:inst20|lpm_ff:lpm_ff_component|dffs[3]                                              ; regout           ;
; |kursach|cash:inst8|lpm_dff0:inst20|lpm_ff:lpm_ff_component|dffs[2]                                              ; |kursach|cash:inst8|lpm_dff0:inst20|lpm_ff:lpm_ff_component|dffs[2]                                              ; regout           ;
; |kursach|cash:inst8|lpm_dff0:inst20|lpm_ff:lpm_ff_component|dffs[1]                                              ; |kursach|cash:inst8|lpm_dff0:inst20|lpm_ff:lpm_ff_component|dffs[1]                                              ; regout           ;
; |kursach|cash:inst8|lpm_dff0:inst20|lpm_ff:lpm_ff_component|dffs[0]                                              ; |kursach|cash:inst8|lpm_dff0:inst20|lpm_ff:lpm_ff_component|dffs[0]                                              ; regout           ;
; |kursach|cash:inst8|lpm_bustri0:inst28|lpm_bustri:lpm_bustri_component|dout[0]                                   ; |kursach|cash:inst8|lpm_bustri0:inst28|lpm_bustri:lpm_bustri_component|dout[0]                                   ; out              ;
; |kursach|cash:inst8|lpm_bustri2:inst62|lpm_bustri:lpm_bustri_component|dout[2]                                   ; |kursach|cash:inst8|lpm_bustri2:inst62|lpm_bustri:lpm_bustri_component|dout[2]                                   ; out              ;
; |kursach|cash:inst8|lpm_bustri2:inst62|lpm_bustri:lpm_bustri_component|dout[0]                                   ; |kursach|cash:inst8|lpm_bustri2:inst62|lpm_bustri:lpm_bustri_component|dout[0]                                   ; out              ;
; |kursach|cash:inst8|lpm_dff0:inst11|lpm_ff:lpm_ff_component|dffs[7]                                              ; |kursach|cash:inst8|lpm_dff0:inst11|lpm_ff:lpm_ff_component|dffs[7]                                              ; regout           ;
; |kursach|cash:inst8|lpm_dff0:inst11|lpm_ff:lpm_ff_component|dffs[0]                                              ; |kursach|cash:inst8|lpm_dff0:inst11|lpm_ff:lpm_ff_component|dffs[0]                                              ; regout           ;
; |kursach|cash:inst8|lpm_bustri0:inst27|lpm_bustri:lpm_bustri_component|dout[7]                                   ; |kursach|cash:inst8|lpm_bustri0:inst27|lpm_bustri:lpm_bustri_component|dout[7]                                   ; out              ;
; |kursach|cash:inst8|lpm_bustri0:inst27|lpm_bustri:lpm_bustri_component|dout[6]                                   ; |kursach|cash:inst8|lpm_bustri0:inst27|lpm_bustri:lpm_bustri_component|dout[6]                                   ; out              ;
; |kursach|cash:inst8|lpm_bustri0:inst27|lpm_bustri:lpm_bustri_component|dout[5]                                   ; |kursach|cash:inst8|lpm_bustri0:inst27|lpm_bustri:lpm_bustri_component|dout[5]                                   ; out              ;
; |kursach|cash:inst8|lpm_bustri0:inst27|lpm_bustri:lpm_bustri_component|dout[4]                                   ; |kursach|cash:inst8|lpm_bustri0:inst27|lpm_bustri:lpm_bustri_component|dout[4]                                   ; out              ;
; |kursach|cash:inst8|lpm_bustri0:inst27|lpm_bustri:lpm_bustri_component|dout[3]                                   ; |kursach|cash:inst8|lpm_bustri0:inst27|lpm_bustri:lpm_bustri_component|dout[3]                                   ; out              ;
; |kursach|cash:inst8|lpm_bustri0:inst27|lpm_bustri:lpm_bustri_component|dout[2]                                   ; |kursach|cash:inst8|lpm_bustri0:inst27|lpm_bustri:lpm_bustri_component|dout[2]                                   ; out              ;
; |kursach|cash:inst8|lpm_bustri0:inst27|lpm_bustri:lpm_bustri_component|dout[1]                                   ; |kursach|cash:inst8|lpm_bustri0:inst27|lpm_bustri:lpm_bustri_component|dout[1]                                   ; out              ;
; |kursach|cash:inst8|lpm_bustri1:inst17|lpm_bustri:lpm_bustri_component|dout[0]                                   ; |kursach|cash:inst8|lpm_bustri1:inst17|lpm_bustri:lpm_bustri_component|dout[0]                                   ; out              ;
; |kursach|cash:inst8|lpm_dff1:inst14|lpm_ff:lpm_ff_component|dffs[4]                                              ; |kursach|cash:inst8|lpm_dff1:inst14|lpm_ff:lpm_ff_component|dffs[4]                                              ; regout           ;
; |kursach|cash:inst8|lpm_dff1:inst14|lpm_ff:lpm_ff_component|dffs[3]                                              ; |kursach|cash:inst8|lpm_dff1:inst14|lpm_ff:lpm_ff_component|dffs[3]                                              ; regout           ;
; |kursach|cash:inst8|lpm_dff1:inst14|lpm_ff:lpm_ff_component|dffs[2]                                              ; |kursach|cash:inst8|lpm_dff1:inst14|lpm_ff:lpm_ff_component|dffs[2]                                              ; regout           ;
; |kursach|cash:inst8|lpm_dff1:inst14|lpm_ff:lpm_ff_component|dffs[1]                                              ; |kursach|cash:inst8|lpm_dff1:inst14|lpm_ff:lpm_ff_component|dffs[1]                                              ; regout           ;
; |kursach|cash:inst8|lpm_dff1:inst14|lpm_ff:lpm_ff_component|dffs[0]                                              ; |kursach|cash:inst8|lpm_dff1:inst14|lpm_ff:lpm_ff_component|dffs[0]                                              ; regout           ;
; |kursach|cash:inst8|lpm_bustri1:inst41|tridata[4]~0                                                              ; |kursach|cash:inst8|lpm_bustri1:inst41|tridata[4]~0                                                              ; out0             ;
; |kursach|cash:inst8|lpm_bustri1:inst41|tridata[3]~1                                                              ; |kursach|cash:inst8|lpm_bustri1:inst41|tridata[3]~1                                                              ; out0             ;
; |kursach|cash:inst8|lpm_bustri1:inst41|tridata[2]~2                                                              ; |kursach|cash:inst8|lpm_bustri1:inst41|tridata[2]~2                                                              ; out0             ;
; |kursach|cash:inst8|lpm_bustri1:inst41|tridata[1]~3                                                              ; |kursach|cash:inst8|lpm_bustri1:inst41|tridata[1]~3                                                              ; out0             ;
; |kursach|cash:inst8|lpm_bustri1:inst41|tridata[0]~4                                                              ; |kursach|cash:inst8|lpm_bustri1:inst41|tridata[0]~4                                                              ; out0             ;
; |kursach|cash:inst8|lpm_bustri1:inst41|lpm_bustri:lpm_bustri_component|dout[4]                                   ; |kursach|cash:inst8|lpm_bustri1:inst41|lpm_bustri:lpm_bustri_component|dout[4]                                   ; out              ;
; |kursach|cash:inst8|lpm_bustri1:inst41|lpm_bustri:lpm_bustri_component|dout[3]                                   ; |kursach|cash:inst8|lpm_bustri1:inst41|lpm_bustri:lpm_bustri_component|dout[3]                                   ; out              ;
; |kursach|cash:inst8|lpm_bustri1:inst41|lpm_bustri:lpm_bustri_component|dout[2]                                   ; |kursach|cash:inst8|lpm_bustri1:inst41|lpm_bustri:lpm_bustri_component|dout[2]                                   ; out              ;
; |kursach|cash:inst8|lpm_bustri1:inst41|lpm_bustri:lpm_bustri_component|dout[1]                                   ; |kursach|cash:inst8|lpm_bustri1:inst41|lpm_bustri:lpm_bustri_component|dout[1]                                   ; out              ;
; |kursach|cash:inst8|lpm_bustri1:inst41|lpm_bustri:lpm_bustri_component|dout[0]                                   ; |kursach|cash:inst8|lpm_bustri1:inst41|lpm_bustri:lpm_bustri_component|dout[0]                                   ; out              ;
; |kursach|cash:inst8|lpm_compare0:inst19|lpm_compare:lpm_compare_component|cmpr_cig:auto_generated|data_wire[2]   ; |kursach|cash:inst8|lpm_compare0:inst19|lpm_compare:lpm_compare_component|cmpr_cig:auto_generated|data_wire[2]   ; out0             ;
; |kursach|cash:inst8|lpm_compare0:inst19|lpm_compare:lpm_compare_component|cmpr_cig:auto_generated|data_wire[1]~1 ; |kursach|cash:inst8|lpm_compare0:inst19|lpm_compare:lpm_compare_component|cmpr_cig:auto_generated|data_wire[1]~1 ; out0             ;
; |kursach|cash:inst8|lpm_bustri1:inst67|lpm_bustri:lpm_bustri_component|dout[0]                                   ; |kursach|cash:inst8|lpm_bustri1:inst67|lpm_bustri:lpm_bustri_component|dout[0]                                   ; out              ;
; |kursach|cash:inst8|lpm_dff1:inst63|lpm_ff:lpm_ff_component|dffs[4]                                              ; |kursach|cash:inst8|lpm_dff1:inst63|lpm_ff:lpm_ff_component|dffs[4]                                              ; regout           ;
; |kursach|cash:inst8|lpm_dff1:inst63|lpm_ff:lpm_ff_component|dffs[3]                                              ; |kursach|cash:inst8|lpm_dff1:inst63|lpm_ff:lpm_ff_component|dffs[3]                                              ; regout           ;
; |kursach|cash:inst8|lpm_dff1:inst63|lpm_ff:lpm_ff_component|dffs[2]                                              ; |kursach|cash:inst8|lpm_dff1:inst63|lpm_ff:lpm_ff_component|dffs[2]                                              ; regout           ;
; |kursach|cash:inst8|lpm_decode0:inst12|lpm_decode:lpm_decode_component|decode_5sf:auto_generated|w_anode1w[3]    ; |kursach|cash:inst8|lpm_decode0:inst12|lpm_decode:lpm_decode_component|decode_5sf:auto_generated|w_anode1w[3]    ; out0             ;
; |kursach|cash:inst8|lpm_decode0:inst12|lpm_decode:lpm_decode_component|decode_5sf:auto_generated|w_anode1w[2]    ; |kursach|cash:inst8|lpm_decode0:inst12|lpm_decode:lpm_decode_component|decode_5sf:auto_generated|w_anode1w[2]    ; out0             ;
; |kursach|cash:inst8|lpm_bustri1:inst90|tridata[4]~0                                                              ; |kursach|cash:inst8|lpm_bustri1:inst90|tridata[4]~0                                                              ; out0             ;
; |kursach|cash:inst8|lpm_bustri1:inst90|tridata[3]~1                                                              ; |kursach|cash:inst8|lpm_bustri1:inst90|tridata[3]~1                                                              ; out0             ;
; |kursach|cash:inst8|lpm_bustri1:inst90|tridata[2]~2                                                              ; |kursach|cash:inst8|lpm_bustri1:inst90|tridata[2]~2                                                              ; out0             ;
; |kursach|cash:inst8|lpm_bustri1:inst90|lpm_bustri:lpm_bustri_component|dout[4]                                   ; |kursach|cash:inst8|lpm_bustri1:inst90|lpm_bustri:lpm_bustri_component|dout[4]                                   ; out              ;
; |kursach|cash:inst8|lpm_bustri1:inst90|lpm_bustri:lpm_bustri_component|dout[3]                                   ; |kursach|cash:inst8|lpm_bustri1:inst90|lpm_bustri:lpm_bustri_component|dout[3]                                   ; out              ;
; |kursach|cash:inst8|lpm_bustri1:inst90|lpm_bustri:lpm_bustri_component|dout[2]                                   ; |kursach|cash:inst8|lpm_bustri1:inst90|lpm_bustri:lpm_bustri_component|dout[2]                                   ; out              ;
; |kursach|cash:inst8|lpm_compare0:inst36|lpm_compare:lpm_compare_component|cmpr_cig:auto_generated|data_wire[2]   ; |kursach|cash:inst8|lpm_compare0:inst36|lpm_compare:lpm_compare_component|cmpr_cig:auto_generated|data_wire[2]   ; out0             ;
; |kursach|cash:inst8|lpm_compare0:inst36|lpm_compare:lpm_compare_component|cmpr_cig:auto_generated|data_wire[1]~1 ; |kursach|cash:inst8|lpm_compare0:inst36|lpm_compare:lpm_compare_component|cmpr_cig:auto_generated|data_wire[1]~1 ; out0             ;
+------------------------------------------------------------------------------------------------------------------+------------------------------------------------------------------------------------------------------------------+------------------+


+---------------------+
; Simulator INI Usage ;
+--------+------------+
; Option ; Usage      ;
+--------+------------+


+--------------------+
; Simulator Messages ;
+--------------------+
Info: *******************************************************************
Info: Running Quartus II Simulator
    Info: Version 9.1 Build 222 10/21/2009 SJ Web Edition
    Info: Processing started: Fri May 01 18:51:13 2026
Info: Command: quartus_sim --read_settings_files=on --write_settings_files=off kursach -c kursach
Info: Using vector source file "d:/alerta/quartus/kursach/kursach.vwf"
Info: Option to preserve fewer signal transitions to reduce memory requirements is enabled
    Info: Simulation has been partitioned into sub-simulations according to the maximum transition count determined by the engine. Transitions from memory will be flushed out to disk at the end of each sub-simulation to reduce memory requirements.
Warning: Found clock-sensitive change during active clock edge at time 170.0 ns on register "|kursach|cash:inst8|inst50"
Info: Simulation partitioned into 1 sub-simulations
Info: Simulation coverage is      43.60 %
Info: Number of transitions in simulation is 9170
Info: Quartus II Simulator was successful. 0 errors, 1 warning
    Info: Peak virtual memory: 156 megabytes
    Info: Processing ended: Fri May 01 18:51:13 2026
    Info: Elapsed time: 00:00:00
    Info: Total CPU time (on all processors): 00:00:00


