Analysis & Synthesis report for kursach
Thu Apr 30 17:00:45 2026
Quartus II Version 9.1 Build 222 10/21/2009 SJ Web Edition


---------------------
; Table of Contents ;
---------------------
  1. Legal Notice
  2. Analysis & Synthesis Summary
  3. Analysis & Synthesis Settings
  4. Parallel Compilation
  5. Analysis & Synthesis Source Files Read
  6. Analysis & Synthesis Resource Usage Summary
  7. Analysis & Synthesis Resource Utilization by Entity
  8. Analysis & Synthesis RAM Summary
  9. Logic Cells Representing Combinational Loops
 10. Registers Removed During Synthesis
 11. General Register Statistics
 12. Source assignments for cash:inst8|lpm_counter0:inst39|lpm_counter:lpm_counter_component
 13. Source assignments for lpm_ram_dq0:inst|altsyncram:altsyncram_component|altsyncram_56f1:auto_generated
 14. Source assignments for lpm_rom0:inst1|altsyncram:altsyncram_component|altsyncram_uf71:auto_generated
 15. Parameter Settings for User Entity Instance: cash:inst8|lpm_compare0:inst36|lpm_compare:lpm_compare_component
 16. Parameter Settings for User Entity Instance: cash:inst8|lpm_bustri1:inst90|lpm_bustri:lpm_bustri_component
 17. Parameter Settings for User Entity Instance: cash:inst8|lpm_decode0:inst12|lpm_decode:lpm_decode_component
 18. Parameter Settings for User Entity Instance: cash:inst8|lpm_dff1:inst63|lpm_ff:lpm_ff_component
 19. Parameter Settings for User Entity Instance: cash:inst8|lpm_counter0:inst39|lpm_counter:lpm_counter_component
 20. Parameter Settings for User Entity Instance: cash:inst8|lpm_compare0:inst19|lpm_compare:lpm_compare_component
 21. Parameter Settings for User Entity Instance: cash:inst8|lpm_bustri1:inst41|lpm_bustri:lpm_bustri_component
 22. Parameter Settings for User Entity Instance: cash:inst8|lpm_dff1:inst14|lpm_ff:lpm_ff_component
 23. Parameter Settings for User Entity Instance: cash:inst8|lpm_bustri1:inst1|lpm_bustri:lpm_bustri_component
 24. Parameter Settings for User Entity Instance: cash:inst8|lpm_constant0:inst16|lpm_constant:lpm_constant_component
 25. Parameter Settings for User Entity Instance: cash:inst8|lpm_bustri1:inst17|lpm_bustri:lpm_bustri_component
 26. Parameter Settings for User Entity Instance: cash:inst8|lpm_bustri1:inst64|lpm_bustri:lpm_bustri_component
 27. Parameter Settings for User Entity Instance: cash:inst8|lpm_bustri1:inst67|lpm_bustri:lpm_bustri_component
 28. Parameter Settings for User Entity Instance: cash:inst8|lpm_bustri0:inst296|lpm_bustri:lpm_bustri_component
 29. Parameter Settings for User Entity Instance: cash:inst8|lpm_bustri0:inst417|lpm_bustri:lpm_bustri_component
 30. Parameter Settings for User Entity Instance: cash:inst8|lpm_bustri0:inst27|lpm_bustri:lpm_bustri_component
 31. Parameter Settings for User Entity Instance: cash:inst8|lpm_decode0:inst35|lpm_decode:lpm_decode_component
 32. Parameter Settings for User Entity Instance: cash:inst8|lpm_bustri2:inst425|lpm_bustri:lpm_bustri_component
 33. Parameter Settings for User Entity Instance: cash:inst8|lpm_bustri2:inst426|lpm_bustri:lpm_bustri_component
 34. Parameter Settings for User Entity Instance: cash:inst8|lpm_dff0:inst11|lpm_ff:lpm_ff_component
 35. Parameter Settings for User Entity Instance: cash:inst8|lpm_decode0:inst13|lpm_decode:lpm_decode_component
 36. Parameter Settings for User Entity Instance: cash:inst8|lpm_bustri2:inst62|lpm_bustri:lpm_bustri_component
 37. Parameter Settings for User Entity Instance: cash:inst8|lpm_bustri2:inst61|lpm_bustri:lpm_bustri_component
 38. Parameter Settings for User Entity Instance: cash:inst8|lpm_add_sub1:inst60|lpm_add_sub:lpm_add_sub_component
 39. Parameter Settings for User Entity Instance: cash:inst8|lpm_bustri0:inst28|lpm_bustri:lpm_bustri_component
 40. Parameter Settings for User Entity Instance: cash:inst8|lpm_dff0:inst20|lpm_ff:lpm_ff_component
 41. Parameter Settings for User Entity Instance: cash:inst8|lpm_bustri0:inst29|lpm_bustri:lpm_bustri_component
 42. Parameter Settings for User Entity Instance: cash:inst8|lpm_dff0:inst21|lpm_ff:lpm_ff_component
 43. Parameter Settings for User Entity Instance: cash:inst8|lpm_bustri0:inst33|lpm_bustri:lpm_bustri_component
 44. Parameter Settings for User Entity Instance: cash:inst8|lpm_dff0:inst25|lpm_ff:lpm_ff_component
 45. Parameter Settings for User Entity Instance: cash:inst8|lpm_bustri0:inst34|lpm_bustri:lpm_bustri_component
 46. Parameter Settings for User Entity Instance: cash:inst8|lpm_dff0:inst26|lpm_ff:lpm_ff_component
 47. Parameter Settings for User Entity Instance: cash:inst8|lpm_bustri0:inst32|lpm_bustri:lpm_bustri_component
 48. Parameter Settings for User Entity Instance: cash:inst8|lpm_dff0:inst24|lpm_ff:lpm_ff_component
 49. Parameter Settings for User Entity Instance: cash:inst8|lpm_bustri0:inst31|lpm_bustri:lpm_bustri_component
 50. Parameter Settings for User Entity Instance: cash:inst8|lpm_dff0:inst23|lpm_ff:lpm_ff_component
 51. Parameter Settings for User Entity Instance: cash:inst8|lpm_bustri0:inst30|lpm_bustri:lpm_bustri_component
 52. Parameter Settings for User Entity Instance: cash:inst8|lpm_dff0:inst22|lpm_ff:lpm_ff_component
 53. Parameter Settings for User Entity Instance: cash:inst8|lpm_bustri0:inst79|lpm_bustri:lpm_bustri_component
 54. Parameter Settings for User Entity Instance: cash:inst8|lpm_decode0:inst87|lpm_decode:lpm_decode_component
 55. Parameter Settings for User Entity Instance: cash:inst8|lpm_bustri2:inst436|lpm_bustri:lpm_bustri_component
 56. Parameter Settings for User Entity Instance: cash:inst8|lpm_bustri2:inst443|lpm_bustri:lpm_bustri_component
 57. Parameter Settings for User Entity Instance: cash:inst8|lpm_dff0:inst40|lpm_ff:lpm_ff_component
 58. Parameter Settings for User Entity Instance: cash:inst8|lpm_decode0:inst71|lpm_decode:lpm_decode_component
 59. Parameter Settings for User Entity Instance: cash:inst8|lpm_bustri2:inst92|lpm_bustri:lpm_bustri_component
 60. Parameter Settings for User Entity Instance: cash:inst8|lpm_bustri2:inst91|lpm_bustri:lpm_bustri_component
 61. Parameter Settings for User Entity Instance: cash:inst8|lpm_add_sub1:inst93|lpm_add_sub:lpm_add_sub_component
 62. Parameter Settings for User Entity Instance: cash:inst8|lpm_bustri0:inst80|lpm_bustri:lpm_bustri_component
 63. Parameter Settings for User Entity Instance: cash:inst8|lpm_dff0:inst72|lpm_ff:lpm_ff_component
 64. Parameter Settings for User Entity Instance: cash:inst8|lpm_bustri0:inst81|lpm_bustri:lpm_bustri_component
 65. Parameter Settings for User Entity Instance: cash:inst8|lpm_dff0:inst73|lpm_ff:lpm_ff_component
 66. Parameter Settings for User Entity Instance: cash:inst8|lpm_bustri0:inst82|lpm_bustri:lpm_bustri_component
 67. Parameter Settings for User Entity Instance: cash:inst8|lpm_dff0:inst74|lpm_ff:lpm_ff_component
 68. Parameter Settings for User Entity Instance: cash:inst8|lpm_bustri0:inst83|lpm_bustri:lpm_bustri_component
 69. Parameter Settings for User Entity Instance: cash:inst8|lpm_dff0:inst75|lpm_ff:lpm_ff_component
 70. Parameter Settings for User Entity Instance: cash:inst8|lpm_bustri0:inst84|lpm_bustri:lpm_bustri_component
 71. Parameter Settings for User Entity Instance: cash:inst8|lpm_dff0:inst76|lpm_ff:lpm_ff_component
 72. Parameter Settings for User Entity Instance: cash:inst8|lpm_bustri0:inst85|lpm_bustri:lpm_bustri_component
 73. Parameter Settings for User Entity Instance: cash:inst8|lpm_dff0:inst77|lpm_ff:lpm_ff_component
 74. Parameter Settings for User Entity Instance: cash:inst8|lpm_bustri0:inst86|lpm_bustri:lpm_bustri_component
 75. Parameter Settings for User Entity Instance: cash:inst8|lpm_dff0:inst78|lpm_ff:lpm_ff_component
 76. Parameter Settings for User Entity Instance: cash:inst8|lpm_bustri0:inst302|lpm_bustri:lpm_bustri_component
 77. Parameter Settings for User Entity Instance: cash:inst8|lpm_bustri0:inst420|lpm_bustri:lpm_bustri_component
 78. Parameter Settings for User Entity Instance: lpm_ram_dq0:inst|altsyncram:altsyncram_component
 79. Parameter Settings for User Entity Instance: lpm_bustri3:inst3|lpm_bustri:lpm_bustri_component
 80. Parameter Settings for User Entity Instance: lpm_bustri3:inst4|lpm_bustri:lpm_bustri_component
 81. Parameter Settings for User Entity Instance: lpm_bustri0:inst5|lpm_bustri:lpm_bustri_component
 82. Parameter Settings for User Entity Instance: lpm_bustri0:inst6|lpm_bustri:lpm_bustri_component
 83. Parameter Settings for User Entity Instance: lpm_rom0:inst1|altsyncram:altsyncram_component
 84. altsyncram Parameter Settings by Entity Instance
 85. Analysis & Synthesis Messages



----------------
; Legal Notice ;
----------------
Copyright (C) 1991-2009 Altera Corporation
Your use of Altera Corporation's design tools, logic functions 
and other software and tools, and its AMPP partner logic 
functions, and any output files from any of the foregoing 
(including device programming or simulation files), and any 
associated documentation or information are expressly subject 
to the terms and conditions of the Altera Program License 
Subscription Agreement, Altera MegaCore Function License 
Agreement, or other applicable license agreement, including, 
without limitation, that your use is for the sole purpose of 
programming logic devices manufactured by Altera and sold by 
Altera or its authorized distributors.  Please refer to the 
applicable agreement for further details.



+-------------------------------------------------------------------------+
; Analysis & Synthesis Summary                                            ;
+-------------------------------+-----------------------------------------+
; Analysis & Synthesis Status   ; Successful - Thu Apr 30 17:00:45 2026   ;
; Quartus II Version            ; 9.1 Build 222 10/21/2009 SJ Web Edition ;
; Revision Name                 ; kursach                                 ;
; Top-level Entity Name         ; kursach                                 ;
; Family                        ; Stratix II                              ;
; Logic utilization             ; N/A                                     ;
;     Combinational ALUTs       ; 198                                     ;
;     Dedicated logic registers ; 146                                     ;
; Total registers               ; 146                                     ;
; Total pins                    ; 208                                     ;
; Total virtual pins            ; 0                                       ;
; Total block memory bits       ; 8,192                                   ;
; DSP block 9-bit elements      ; 0                                       ;
; Total PLLs                    ; 0                                       ;
; Total DLLs                    ; 0                                       ;
+-------------------------------+-----------------------------------------+


+----------------------------------------------------------------------------------------------------------------------+
; Analysis & Synthesis Settings                                                                                        ;
+----------------------------------------------------------------------------+--------------------+--------------------+
; Option                                                                     ; Setting            ; Default Value      ;
+----------------------------------------------------------------------------+--------------------+--------------------+
; Top-level entity name                                                      ; kursach            ; kursach            ;
; Family name                                                                ; Stratix II         ; Stratix II         ;
; Use Generated Physical Constraints File                                    ; Off                ;                    ;
; Use smart compilation                                                      ; Off                ; Off                ;
; Enable parallel Assembler and TimeQuest Timing Analyzer during compilation ; On                 ; On                 ;
; Enable compact report table                                                ; Off                ; Off                ;
; Restructure Multiplexers                                                   ; Auto               ; Auto               ;
; Create Debugging Nodes for IP Cores                                        ; Off                ; Off                ;
; Preserve fewer node names                                                  ; On                 ; On                 ;
; Disable OpenCore Plus hardware evaluation                                  ; Off                ; Off                ;
; Verilog Version                                                            ; Verilog_2001       ; Verilog_2001       ;
; VHDL Version                                                               ; VHDL_1993          ; VHDL_1993          ;
; State Machine Processing                                                   ; Auto               ; Auto               ;
; Safe State Machine                                                         ; Off                ; Off                ;
; Extract Verilog State Machines                                             ; On                 ; On                 ;
; Extract VHDL State Machines                                                ; On                 ; On                 ;
; Ignore Verilog initial constructs                                          ; Off                ; Off                ;
; Iteration limit for constant Verilog loops                                 ; 5000               ; 5000               ;
; Iteration limit for non-constant Verilog loops                             ; 250                ; 250                ;
; Add Pass-Through Logic to Inferred RAMs                                    ; On                 ; On                 ;
; Parallel Synthesis                                                         ; On                 ; On                 ;
; DSP Block Balancing                                                        ; Auto               ; Auto               ;
; NOT Gate Push-Back                                                         ; On                 ; On                 ;
; Power-Up Don't Care                                                        ; On                 ; On                 ;
; Remove Redundant Logic Cells                                               ; Off                ; Off                ;
; Remove Duplicate Registers                                                 ; On                 ; On                 ;
; Ignore CARRY Buffers                                                       ; Off                ; Off                ;
; Ignore CASCADE Buffers                                                     ; Off                ; Off                ;
; Ignore GLOBAL Buffers                                                      ; Off                ; Off                ;
; Ignore ROW GLOBAL Buffers                                                  ; Off                ; Off                ;
; Ignore LCELL Buffers                                                       ; Off                ; Off                ;
; Ignore SOFT Buffers                                                        ; On                 ; On                 ;
; Limit AHDL Integers to 32 Bits                                             ; Off                ; Off                ;
; Optimization Technique                                                     ; Balanced           ; Balanced           ;
; Carry Chain Length                                                         ; 70                 ; 70                 ;
; Auto Carry Chains                                                          ; On                 ; On                 ;
; Auto Open-Drain Pins                                                       ; On                 ; On                 ;
; Perform WYSIWYG Primitive Resynthesis                                      ; Off                ; Off                ;
; Auto ROM Replacement                                                       ; On                 ; On                 ;
; Auto RAM Replacement                                                       ; On                 ; On                 ;
; Auto DSP Block Replacement                                                 ; On                 ; On                 ;
; Auto Shift Register Replacement                                            ; Auto               ; Auto               ;
; Auto Clock Enable Replacement                                              ; On                 ; On                 ;
; Strict RAM Replacement                                                     ; Off                ; Off                ;
; Allow Synchronous Control Signals                                          ; On                 ; On                 ;
; Force Use of Synchronous Clear Signals                                     ; Off                ; Off                ;
; Auto RAM Block Balancing                                                   ; On                 ; On                 ;
; Auto RAM to Logic Cell Conversion                                          ; Off                ; Off                ;
; Auto Resource Sharing                                                      ; Off                ; Off                ;
; Allow Any RAM Size For Recognition                                         ; Off                ; Off                ;
; Allow Any ROM Size For Recognition                                         ; Off                ; Off                ;
; Allow Any Shift Register Size For Recognition                              ; Off                ; Off                ;
; Use LogicLock Constraints during Resource Balancing                        ; On                 ; On                 ;
; Ignore translate_off and synthesis_off directives                          ; Off                ; Off                ;
; Timing-Driven Synthesis                                                    ; Off                ; Off                ;
; Show Parameter Settings Tables in Synthesis Report                         ; On                 ; On                 ;
; Ignore Maximum Fan-Out Assignments                                         ; Off                ; Off                ;
; Synchronization Register Chain Length                                      ; 2                  ; 2                  ;
; PowerPlay Power Optimization                                               ; Normal compilation ; Normal compilation ;
; HDL message level                                                          ; Level2             ; Level2             ;
; Suppress Register Optimization Related Messages                            ; Off                ; Off                ;
; Number of Removed Registers Reported in Synthesis Report                   ; 100                ; 100                ;
; Number of Inverted Registers Reported in Synthesis Report                  ; 100                ; 100                ;
; Clock MUX Protection                                                       ; On                 ; On                 ;
; Auto Gated Clock Conversion                                                ; Off                ; Off                ;
; Block Design Naming                                                        ; Auto               ; Auto               ;
; SDC constraint protection                                                  ; Off                ; Off                ;
; Synthesis Effort                                                           ; Auto               ; Auto               ;
; Shift Register Replacement - Allow Asynchronous Clear Signal               ; On                 ; On                 ;
; Analysis & Synthesis Message Level                                         ; Medium             ; Medium             ;
; Disable Register Merging Across Hierarchies                                ; Auto               ; Auto               ;
; Resource Aware Inference For Block RAM                                     ; On                 ; On                 ;
+----------------------------------------------------------------------------+--------------------+--------------------+


Parallel compilation was disabled, but you have multiple processors available. Enable parallel compilation to reduce compilation time.
+-------------------------------------+
; Parallel Compilation                ;
+----------------------------+--------+
; Processors                 ; Number ;
+----------------------------+--------+
; Number detected on machine ; 12     ;
; Maximum allowed            ; 1      ;
+----------------------------+--------+


+---------------------------------------------------------------------------------------------------------------------------------------------------------+
; Analysis & Synthesis Source Files Read                                                                                                                  ;
+----------------------------------+-----------------+---------------------------------------+------------------------------------------------------------+
; File Name with User-Entered Path ; Used in Netlist ; File Type                             ; File Name with Absolute Path                               ;
+----------------------------------+-----------------+---------------------------------------+------------------------------------------------------------+
; ram.hex                          ; yes             ; User Hexadecimal (Intel-Format) File  ; d:/alerta/quartus/kursach/ram.hex                          ;
; kursach.bdf                      ; yes             ; User Block Diagram/Schematic File     ; d:/alerta/quartus/kursach/kursach.bdf                      ;
; arbitr.bdf                       ; yes             ; User Block Diagram/Schematic File     ; d:/alerta/quartus/kursach/arbitr.bdf                       ;
; lpm_ram_dq0.vhd                  ; yes             ; User Wizard-Generated File            ; d:/alerta/quartus/kursach/lpm_ram_dq0.vhd                  ;
; lpm_rom0.vhd                     ; yes             ; User Wizard-Generated File            ; d:/alerta/quartus/kursach/lpm_rom0.vhd                     ;
; 222.mif                          ; yes             ; User Memory Initialization File       ; d:/alerta/quartus/kursach/222.mif                          ;
; lpm_bustri0.vhd                  ; yes             ; User Wizard-Generated File            ; d:/alerta/quartus/kursach/lpm_bustri0.vhd                  ;
; cash.bdf                         ; yes             ; User Block Diagram/Schematic File     ; d:/alerta/quartus/kursach/cash.bdf                         ;
; lpm_dff0.vhd                     ; yes             ; User Wizard-Generated File            ; d:/alerta/quartus/kursach/lpm_dff0.vhd                     ;
; lpm_decode0.vhd                  ; yes             ; User Wizard-Generated File            ; d:/alerta/quartus/kursach/lpm_decode0.vhd                  ;
; lpm_dff1.vhd                     ; yes             ; User Wizard-Generated File            ; d:/alerta/quartus/kursach/lpm_dff1.vhd                     ;
; lpm_constant0.vhd                ; yes             ; User Wizard-Generated File            ; d:/alerta/quartus/kursach/lpm_constant0.vhd                ;
; lpm_bustri1.vhd                  ; yes             ; User Wizard-Generated File            ; d:/alerta/quartus/kursach/lpm_bustri1.vhd                  ;
; lpm_compare0.vhd                 ; yes             ; User Wizard-Generated File            ; d:/alerta/quartus/kursach/lpm_compare0.vhd                 ;
; lpm_counter0.vhd                 ; yes             ; User Wizard-Generated File            ; d:/alerta/quartus/kursach/lpm_counter0.vhd                 ;
; lpm_add_sub1.vhd                 ; yes             ; User Wizard-Generated File            ; d:/alerta/quartus/kursach/lpm_add_sub1.vhd                 ;
; lpm_bustri2.vhd                  ; yes             ; User Wizard-Generated File            ; d:/alerta/quartus/kursach/lpm_bustri2.vhd                  ;
; lpm_bustri3.vhd                  ; yes             ; User Wizard-Generated File            ; d:/alerta/quartus/kursach/lpm_bustri3.vhd                  ;
; lpm_compare.tdf                  ; yes             ; Megafunction                          ; d:/alerta/quartus/libraries/megafunctions/lpm_compare.tdf  ;
; db/cmpr_cig.tdf                  ; yes             ; Auto-Generated Megafunction           ; d:/alerta/quartus/kursach/db/cmpr_cig.tdf                  ;
; lpm_bustri.tdf                   ; yes             ; Megafunction                          ; d:/alerta/quartus/libraries/megafunctions/lpm_bustri.tdf   ;
; lpm_decode.tdf                   ; yes             ; Megafunction                          ; d:/alerta/quartus/libraries/megafunctions/lpm_decode.tdf   ;
; db/decode_5sf.tdf                ; yes             ; Auto-Generated Megafunction           ; d:/alerta/quartus/kursach/db/decode_5sf.tdf                ;
; lpm_ff.tdf                       ; yes             ; Megafunction                          ; d:/alerta/quartus/libraries/megafunctions/lpm_ff.tdf       ;
; lpm_counter.tdf                  ; yes             ; Megafunction                          ; d:/alerta/quartus/libraries/megafunctions/lpm_counter.tdf  ;
; db/cntr_sej.tdf                  ; yes             ; Auto-Generated Megafunction           ; d:/alerta/quartus/kursach/db/cntr_sej.tdf                  ;
; db/cmpr_adc.tdf                  ; yes             ; Auto-Generated Megafunction           ; d:/alerta/quartus/kursach/db/cmpr_adc.tdf                  ;
; lpm_constant.tdf                 ; yes             ; Megafunction                          ; d:/alerta/quartus/libraries/megafunctions/lpm_constant.tdf ;
; lpm_add_sub.tdf                  ; yes             ; Megafunction                          ; d:/alerta/quartus/libraries/megafunctions/lpm_add_sub.tdf  ;
; db/add_sub_uph.tdf               ; yes             ; Auto-Generated Megafunction           ; d:/alerta/quartus/kursach/db/add_sub_uph.tdf               ;
; altsyncram.tdf                   ; yes             ; Megafunction                          ; d:/alerta/quartus/libraries/megafunctions/altsyncram.tdf   ;
; db/altsyncram_56f1.tdf           ; yes             ; Auto-Generated Megafunction           ; d:/alerta/quartus/kursach/db/altsyncram_56f1.tdf           ;
; db/altsyncram_uf71.tdf           ; yes             ; Auto-Generated Megafunction           ; d:/alerta/quartus/kursach/db/altsyncram_uf71.tdf           ;
+----------------------------------+-----------------+---------------------------------------+------------------------------------------------------------+


+-------------------------------------------------------+
; Analysis & Synthesis Resource Usage Summary           ;
+-----------------------------------------------+-------+
; Resource                                      ; Usage ;
+-----------------------------------------------+-------+
; Estimated ALUTs Used                          ; 198   ;
; Dedicated logic registers                     ; 146   ;
;                                               ;       ;
; Estimated ALUTs Unavailable                   ; 40    ;
;                                               ;       ;
; Total combinational functions                 ; 198   ;
; Combinational ALUT usage by number of inputs  ;       ;
;     -- 7 input functions                      ; 8     ;
;     -- 6 input functions                      ; 118   ;
;     -- 5 input functions                      ; 14    ;
;     -- 4 input functions                      ; 14    ;
;     -- <=3 input functions                    ; 44    ;
;                                               ;       ;
; Combinational ALUTs by mode                   ;       ;
;     -- normal mode                            ; 185   ;
;     -- extended LUT mode                      ; 8     ;
;     -- arithmetic mode                        ; 5     ;
;     -- shared arithmetic mode                 ; 0     ;
;                                               ;       ;
; Estimated ALUT/register pairs used            ; 339   ;
;                                               ;       ;
; Total registers                               ; 146   ;
;     -- Dedicated logic registers              ; 146   ;
;     -- I/O registers                          ; 0     ;
;                                               ;       ;
; Estimated ALMs:  partially or completely used ; 170   ;
;                                               ;       ;
; I/O pins                                      ; 208   ;
; Total block memory bits                       ; 8192  ;
; Maximum fan-out node                          ; clk   ;
; Maximum fan-out                               ; 143   ;
; Total fan-out                                 ; 1717  ;
; Average fan-out                               ; 3.07  ;
+-----------------------------------------------+-------+


+--------------------------------------------------------------------------------------------------------------------------------------------------------------------------------------------------------------------------------------------------------------------------------------------------------------+
; Analysis & Synthesis Resource Utilization by Entity                                                                                                                                                                                                                                                          ;
+----------------------------------------------+-------------------+--------------+-------------------+--------------+---------+-----------+-----------+------+--------------+------------------------------------------------------------------------------------------------------------------+--------------+
; Compilation Hierarchy Node                   ; LC Combinationals ; LC Registers ; Block Memory Bits ; DSP Elements ; DSP 9x9 ; DSP 18x18 ; DSP 36x36 ; Pins ; Virtual Pins ; Full Hierarchy Name                                                                                              ; Library Name ;
+----------------------------------------------+-------------------+--------------+-------------------+--------------+---------+-----------+-----------+------+--------------+------------------------------------------------------------------------------------------------------------------+--------------+
; |kursach                                     ; 198 (14)          ; 146 (0)      ; 8192              ; 0            ; 0       ; 0         ; 0         ; 208  ; 0            ; |kursach                                                                                                         ; work         ;
;    |cash:inst8|                              ; 167 (24)          ; 146 (6)      ; 0                 ; 0            ; 0       ; 0         ; 0         ; 0    ; 0            ; |kursach|cash:inst8                                                                                              ;              ;
;       |lpm_add_sub1:inst60|                  ; 1 (0)             ; 0 (0)        ; 0                 ; 0            ; 0       ; 0         ; 0         ; 0    ; 0            ; |kursach|cash:inst8|lpm_add_sub1:inst60                                                                          ; work         ;
;          |lpm_add_sub:lpm_add_sub_component| ; 1 (0)             ; 0 (0)        ; 0                 ; 0            ; 0       ; 0         ; 0         ; 0    ; 0            ; |kursach|cash:inst8|lpm_add_sub1:inst60|lpm_add_sub:lpm_add_sub_component                                        ; work         ;
;             |add_sub_uph:auto_generated|     ; 1 (1)             ; 0 (0)        ; 0                 ; 0            ; 0       ; 0         ; 0         ; 0    ; 0            ; |kursach|cash:inst8|lpm_add_sub1:inst60|lpm_add_sub:lpm_add_sub_component|add_sub_uph:auto_generated             ; work         ;
;       |lpm_bustri0:inst27|                   ; 65 (0)            ; 0 (0)        ; 0                 ; 0            ; 0       ; 0         ; 0         ; 0    ; 0            ; |kursach|cash:inst8|lpm_bustri0:inst27                                                                           ; work         ;
;          |lpm_bustri:lpm_bustri_component|   ; 65 (65)           ; 0 (0)        ; 0                 ; 0            ; 0       ; 0         ; 0         ; 0    ; 0            ; |kursach|cash:inst8|lpm_bustri0:inst27|lpm_bustri:lpm_bustri_component                                           ; work         ;
;       |lpm_bustri0:inst296|                  ; 17 (0)            ; 0 (0)        ; 0                 ; 0            ; 0       ; 0         ; 0         ; 0    ; 0            ; |kursach|cash:inst8|lpm_bustri0:inst296                                                                          ; work         ;
;          |lpm_bustri:lpm_bustri_component|   ; 17 (17)           ; 0 (0)        ; 0                 ; 0            ; 0       ; 0         ; 0         ; 0    ; 0            ; |kursach|cash:inst8|lpm_bustri0:inst296|lpm_bustri:lpm_bustri_component                                          ; work         ;
;       |lpm_bustri0:inst85|                   ; 12 (0)            ; 0 (0)        ; 0                 ; 0            ; 0       ; 0         ; 0         ; 0    ; 0            ; |kursach|cash:inst8|lpm_bustri0:inst85                                                                           ; work         ;
;          |lpm_bustri:lpm_bustri_component|   ; 12 (12)           ; 0 (0)        ; 0                 ; 0            ; 0       ; 0         ; 0         ; 0    ; 0            ; |kursach|cash:inst8|lpm_bustri0:inst85|lpm_bustri:lpm_bustri_component                                           ; work         ;
;       |lpm_bustri0:inst86|                   ; 11 (0)            ; 0 (0)        ; 0                 ; 0            ; 0       ; 0         ; 0         ; 0    ; 0            ; |kursach|cash:inst8|lpm_bustri0:inst86                                                                           ; work         ;
;          |lpm_bustri:lpm_bustri_component|   ; 11 (11)           ; 0 (0)        ; 0                 ; 0            ; 0       ; 0         ; 0         ; 0    ; 0            ; |kursach|cash:inst8|lpm_bustri0:inst86|lpm_bustri:lpm_bustri_component                                           ; work         ;
;       |lpm_compare0:inst19|                  ; 2 (0)             ; 0 (0)        ; 0                 ; 0            ; 0       ; 0         ; 0         ; 0    ; 0            ; |kursach|cash:inst8|lpm_compare0:inst19                                                                          ; work         ;
;          |lpm_compare:lpm_compare_component| ; 2 (0)             ; 0 (0)        ; 0                 ; 0            ; 0       ; 0         ; 0         ; 0    ; 0            ; |kursach|cash:inst8|lpm_compare0:inst19|lpm_compare:lpm_compare_component                                        ; work         ;
;             |cmpr_cig:auto_generated|        ; 2 (2)             ; 0 (0)        ; 0                 ; 0            ; 0       ; 0         ; 0         ; 0    ; 0            ; |kursach|cash:inst8|lpm_compare0:inst19|lpm_compare:lpm_compare_component|cmpr_cig:auto_generated                ; work         ;
;       |lpm_compare0:inst36|                  ; 2 (0)             ; 0 (0)        ; 0                 ; 0            ; 0       ; 0         ; 0         ; 0    ; 0            ; |kursach|cash:inst8|lpm_compare0:inst36                                                                          ; work         ;
;          |lpm_compare:lpm_compare_component| ; 2 (0)             ; 0 (0)        ; 0                 ; 0            ; 0       ; 0         ; 0         ; 0    ; 0            ; |kursach|cash:inst8|lpm_compare0:inst36|lpm_compare:lpm_compare_component                                        ; work         ;
;             |cmpr_cig:auto_generated|        ; 2 (2)             ; 0 (0)        ; 0                 ; 0            ; 0       ; 0         ; 0         ; 0    ; 0            ; |kursach|cash:inst8|lpm_compare0:inst36|lpm_compare:lpm_compare_component|cmpr_cig:auto_generated                ; work         ;
;       |lpm_counter0:inst39|                  ; 7 (0)             ; 4 (0)        ; 0                 ; 0            ; 0       ; 0         ; 0         ; 0    ; 0            ; |kursach|cash:inst8|lpm_counter0:inst39                                                                          ; work         ;
;          |lpm_counter:lpm_counter_component| ; 7 (0)             ; 4 (0)        ; 0                 ; 0            ; 0       ; 0         ; 0         ; 0    ; 0            ; |kursach|cash:inst8|lpm_counter0:inst39|lpm_counter:lpm_counter_component                                        ; work         ;
;             |cntr_sej:auto_generated|        ; 7 (6)             ; 4 (4)        ; 0                 ; 0            ; 0       ; 0         ; 0         ; 0    ; 0            ; |kursach|cash:inst8|lpm_counter0:inst39|lpm_counter:lpm_counter_component|cntr_sej:auto_generated                ; work         ;
;                |cmpr_adc:cmpr2|              ; 1 (1)             ; 0 (0)        ; 0                 ; 0            ; 0       ; 0         ; 0         ; 0    ; 0            ; |kursach|cash:inst8|lpm_counter0:inst39|lpm_counter:lpm_counter_component|cntr_sej:auto_generated|cmpr_adc:cmpr2 ; work         ;
;       |lpm_decode0:inst12|                   ; 1 (0)             ; 0 (0)        ; 0                 ; 0            ; 0       ; 0         ; 0         ; 0    ; 0            ; |kursach|cash:inst8|lpm_decode0:inst12                                                                           ; work         ;
;          |lpm_decode:lpm_decode_component|   ; 1 (0)             ; 0 (0)        ; 0                 ; 0            ; 0       ; 0         ; 0         ; 0    ; 0            ; |kursach|cash:inst8|lpm_decode0:inst12|lpm_decode:lpm_decode_component                                           ; work         ;
;             |decode_5sf:auto_generated|      ; 1 (1)             ; 0 (0)        ; 0                 ; 0            ; 0       ; 0         ; 0         ; 0    ; 0            ; |kursach|cash:inst8|lpm_decode0:inst12|lpm_decode:lpm_decode_component|decode_5sf:auto_generated                 ; work         ;
;       |lpm_decode0:inst13|                   ; 10 (0)            ; 0 (0)        ; 0                 ; 0            ; 0       ; 0         ; 0         ; 0    ; 0            ; |kursach|cash:inst8|lpm_decode0:inst13                                                                           ; work         ;
;          |lpm_decode:lpm_decode_component|   ; 10 (0)            ; 0 (0)        ; 0                 ; 0            ; 0       ; 0         ; 0         ; 0    ; 0            ; |kursach|cash:inst8|lpm_decode0:inst13|lpm_decode:lpm_decode_component                                           ; work         ;
;             |decode_5sf:auto_generated|      ; 10 (10)           ; 0 (0)        ; 0                 ; 0            ; 0       ; 0         ; 0         ; 0    ; 0            ; |kursach|cash:inst8|lpm_decode0:inst13|lpm_decode:lpm_decode_component|decode_5sf:auto_generated                 ; work         ;
;       |lpm_decode0:inst71|                   ; 12 (0)            ; 0 (0)        ; 0                 ; 0            ; 0       ; 0         ; 0         ; 0    ; 0            ; |kursach|cash:inst8|lpm_decode0:inst71                                                                           ; work         ;
;          |lpm_decode:lpm_decode_component|   ; 12 (0)            ; 0 (0)        ; 0                 ; 0            ; 0       ; 0         ; 0         ; 0    ; 0            ; |kursach|cash:inst8|lpm_decode0:inst71|lpm_decode:lpm_decode_component                                           ; work         ;
;             |decode_5sf:auto_generated|      ; 12 (12)           ; 0 (0)        ; 0                 ; 0            ; 0       ; 0         ; 0         ; 0    ; 0            ; |kursach|cash:inst8|lpm_decode0:inst71|lpm_decode:lpm_decode_component|decode_5sf:auto_generated                 ; work         ;
;       |lpm_decode0:inst87|                   ; 3 (0)             ; 0 (0)        ; 0                 ; 0            ; 0       ; 0         ; 0         ; 0    ; 0            ; |kursach|cash:inst8|lpm_decode0:inst87                                                                           ; work         ;
;          |lpm_decode:lpm_decode_component|   ; 3 (0)             ; 0 (0)        ; 0                 ; 0            ; 0       ; 0         ; 0         ; 0    ; 0            ; |kursach|cash:inst8|lpm_decode0:inst87|lpm_decode:lpm_decode_component                                           ; work         ;
;             |decode_5sf:auto_generated|      ; 3 (3)             ; 0 (0)        ; 0                 ; 0            ; 0       ; 0         ; 0         ; 0    ; 0            ; |kursach|cash:inst8|lpm_decode0:inst87|lpm_decode:lpm_decode_component|decode_5sf:auto_generated                 ; work         ;
;       |lpm_dff0:inst11|                      ; 0 (0)             ; 8 (0)        ; 0                 ; 0            ; 0       ; 0         ; 0         ; 0    ; 0            ; |kursach|cash:inst8|lpm_dff0:inst11                                                                              ; work         ;
;          |lpm_ff:lpm_ff_component|           ; 0 (0)             ; 8 (8)        ; 0                 ; 0            ; 0       ; 0         ; 0         ; 0    ; 0            ; |kursach|cash:inst8|lpm_dff0:inst11|lpm_ff:lpm_ff_component                                                      ; work         ;
;       |lpm_dff0:inst20|                      ; 0 (0)             ; 8 (0)        ; 0                 ; 0            ; 0       ; 0         ; 0         ; 0    ; 0            ; |kursach|cash:inst8|lpm_dff0:inst20                                                                              ; work         ;
;          |lpm_ff:lpm_ff_component|           ; 0 (0)             ; 8 (8)        ; 0                 ; 0            ; 0       ; 0         ; 0         ; 0    ; 0            ; |kursach|cash:inst8|lpm_dff0:inst20|lpm_ff:lpm_ff_component                                                      ; work         ;
;       |lpm_dff0:inst21|                      ; 0 (0)             ; 8 (0)        ; 0                 ; 0            ; 0       ; 0         ; 0         ; 0    ; 0            ; |kursach|cash:inst8|lpm_dff0:inst21                                                                              ; work         ;
;          |lpm_ff:lpm_ff_component|           ; 0 (0)             ; 8 (8)        ; 0                 ; 0            ; 0       ; 0         ; 0         ; 0    ; 0            ; |kursach|cash:inst8|lpm_dff0:inst21|lpm_ff:lpm_ff_component                                                      ; work         ;
;       |lpm_dff0:inst22|                      ; 0 (0)             ; 8 (0)        ; 0                 ; 0            ; 0       ; 0         ; 0         ; 0    ; 0            ; |kursach|cash:inst8|lpm_dff0:inst22                                                                              ; work         ;
;          |lpm_ff:lpm_ff_component|           ; 0 (0)             ; 8 (8)        ; 0                 ; 0            ; 0       ; 0         ; 0         ; 0    ; 0            ; |kursach|cash:inst8|lpm_dff0:inst22|lpm_ff:lpm_ff_component                                                      ; work         ;
;       |lpm_dff0:inst23|                      ; 0 (0)             ; 8 (0)        ; 0                 ; 0            ; 0       ; 0         ; 0         ; 0    ; 0            ; |kursach|cash:inst8|lpm_dff0:inst23                                                                              ; work         ;
;          |lpm_ff:lpm_ff_component|           ; 0 (0)             ; 8 (8)        ; 0                 ; 0            ; 0       ; 0         ; 0         ; 0    ; 0            ; |kursach|cash:inst8|lpm_dff0:inst23|lpm_ff:lpm_ff_component                                                      ; work         ;
;       |lpm_dff0:inst24|                      ; 0 (0)             ; 8 (0)        ; 0                 ; 0            ; 0       ; 0         ; 0         ; 0    ; 0            ; |kursach|cash:inst8|lpm_dff0:inst24                                                                              ; work         ;
;          |lpm_ff:lpm_ff_component|           ; 0 (0)             ; 8 (8)        ; 0                 ; 0            ; 0       ; 0         ; 0         ; 0    ; 0            ; |kursach|cash:inst8|lpm_dff0:inst24|lpm_ff:lpm_ff_component                                                      ; work         ;
;       |lpm_dff0:inst25|                      ; 0 (0)             ; 8 (0)        ; 0                 ; 0            ; 0       ; 0         ; 0         ; 0    ; 0            ; |kursach|cash:inst8|lpm_dff0:inst25                                                                              ; work         ;
;          |lpm_ff:lpm_ff_component|           ; 0 (0)             ; 8 (8)        ; 0                 ; 0            ; 0       ; 0         ; 0         ; 0    ; 0            ; |kursach|cash:inst8|lpm_dff0:inst25|lpm_ff:lpm_ff_component                                                      ; work         ;
;       |lpm_dff0:inst26|                      ; 0 (0)             ; 8 (0)        ; 0                 ; 0            ; 0       ; 0         ; 0         ; 0    ; 0            ; |kursach|cash:inst8|lpm_dff0:inst26                                                                              ; work         ;
;          |lpm_ff:lpm_ff_component|           ; 0 (0)             ; 8 (8)        ; 0                 ; 0            ; 0       ; 0         ; 0         ; 0    ; 0            ; |kursach|cash:inst8|lpm_dff0:inst26|lpm_ff:lpm_ff_component                                                      ; work         ;
;       |lpm_dff0:inst40|                      ; 0 (0)             ; 8 (0)        ; 0                 ; 0            ; 0       ; 0         ; 0         ; 0    ; 0            ; |kursach|cash:inst8|lpm_dff0:inst40                                                                              ; work         ;
;          |lpm_ff:lpm_ff_component|           ; 0 (0)             ; 8 (8)        ; 0                 ; 0            ; 0       ; 0         ; 0         ; 0    ; 0            ; |kursach|cash:inst8|lpm_dff0:inst40|lpm_ff:lpm_ff_component                                                      ; work         ;
;       |lpm_dff0:inst72|                      ; 0 (0)             ; 8 (0)        ; 0                 ; 0            ; 0       ; 0         ; 0         ; 0    ; 0            ; |kursach|cash:inst8|lpm_dff0:inst72                                                                              ; work         ;
;          |lpm_ff:lpm_ff_component|           ; 0 (0)             ; 8 (8)        ; 0                 ; 0            ; 0       ; 0         ; 0         ; 0    ; 0            ; |kursach|cash:inst8|lpm_dff0:inst72|lpm_ff:lpm_ff_component                                                      ; work         ;
;       |lpm_dff0:inst73|                      ; 0 (0)             ; 8 (0)        ; 0                 ; 0            ; 0       ; 0         ; 0         ; 0    ; 0            ; |kursach|cash:inst8|lpm_dff0:inst73                                                                              ; work         ;
;          |lpm_ff:lpm_ff_component|           ; 0 (0)             ; 8 (8)        ; 0                 ; 0            ; 0       ; 0         ; 0         ; 0    ; 0            ; |kursach|cash:inst8|lpm_dff0:inst73|lpm_ff:lpm_ff_component                                                      ; work         ;
;       |lpm_dff0:inst74|                      ; 0 (0)             ; 8 (0)        ; 0                 ; 0            ; 0       ; 0         ; 0         ; 0    ; 0            ; |kursach|cash:inst8|lpm_dff0:inst74                                                                              ; work         ;
;          |lpm_ff:lpm_ff_component|           ; 0 (0)             ; 8 (8)        ; 0                 ; 0            ; 0       ; 0         ; 0         ; 0    ; 0            ; |kursach|cash:inst8|lpm_dff0:inst74|lpm_ff:lpm_ff_component                                                      ; work         ;
;       |lpm_dff0:inst75|                      ; 0 (0)             ; 8 (0)        ; 0                 ; 0            ; 0       ; 0         ; 0         ; 0    ; 0            ; |kursach|cash:inst8|lpm_dff0:inst75                                                                              ; work         ;
;          |lpm_ff:lpm_ff_component|           ; 0 (0)             ; 8 (8)        ; 0                 ; 0            ; 0       ; 0         ; 0         ; 0    ; 0            ; |kursach|cash:inst8|lpm_dff0:inst75|lpm_ff:lpm_ff_component                                                      ; work         ;
;       |lpm_dff0:inst76|                      ; 0 (0)             ; 8 (0)        ; 0                 ; 0            ; 0       ; 0         ; 0         ; 0    ; 0            ; |kursach|cash:inst8|lpm_dff0:inst76                                                                              ; work         ;
;          |lpm_ff:lpm_ff_component|           ; 0 (0)             ; 8 (8)        ; 0                 ; 0            ; 0       ; 0         ; 0         ; 0    ; 0            ; |kursach|cash:inst8|lpm_dff0:inst76|lpm_ff:lpm_ff_component                                                      ; work         ;
;       |lpm_dff0:inst77|                      ; 0 (0)             ; 8 (0)        ; 0                 ; 0            ; 0       ; 0         ; 0         ; 0    ; 0            ; |kursach|cash:inst8|lpm_dff0:inst77                                                                              ; work         ;
;          |lpm_ff:lpm_ff_component|           ; 0 (0)             ; 8 (8)        ; 0                 ; 0            ; 0       ; 0         ; 0         ; 0    ; 0            ; |kursach|cash:inst8|lpm_dff0:inst77|lpm_ff:lpm_ff_component                                                      ; work         ;
;       |lpm_dff0:inst78|                      ; 0 (0)             ; 8 (0)        ; 0                 ; 0            ; 0       ; 0         ; 0         ; 0    ; 0            ; |kursach|cash:inst8|lpm_dff0:inst78                                                                              ; work         ;
;          |lpm_ff:lpm_ff_component|           ; 0 (0)             ; 8 (8)        ; 0                 ; 0            ; 0       ; 0         ; 0         ; 0    ; 0            ; |kursach|cash:inst8|lpm_dff0:inst78|lpm_ff:lpm_ff_component                                                      ; work         ;
;       |lpm_dff1:inst14|                      ; 0 (0)             ; 4 (0)        ; 0                 ; 0            ; 0       ; 0         ; 0         ; 0    ; 0            ; |kursach|cash:inst8|lpm_dff1:inst14                                                                              ; work         ;
;          |lpm_ff:lpm_ff_component|           ; 0 (0)             ; 4 (4)        ; 0                 ; 0            ; 0       ; 0         ; 0         ; 0    ; 0            ; |kursach|cash:inst8|lpm_dff1:inst14|lpm_ff:lpm_ff_component                                                      ; work         ;
;       |lpm_dff1:inst63|                      ; 0 (0)             ; 4 (0)        ; 0                 ; 0            ; 0       ; 0         ; 0         ; 0    ; 0            ; |kursach|cash:inst8|lpm_dff1:inst63                                                                              ; work         ;
;          |lpm_ff:lpm_ff_component|           ; 0 (0)             ; 4 (4)        ; 0                 ; 0            ; 0       ; 0         ; 0         ; 0    ; 0            ; |kursach|cash:inst8|lpm_dff1:inst63|lpm_ff:lpm_ff_component                                                      ; work         ;
;    |lpm_bustri0:inst5|                       ; 17 (0)            ; 0 (0)        ; 0                 ; 0            ; 0       ; 0         ; 0         ; 0    ; 0            ; |kursach|lpm_bustri0:inst5                                                                                       ;              ;
;       |lpm_bustri:lpm_bustri_component|      ; 17 (17)           ; 0 (0)        ; 0                 ; 0            ; 0       ; 0         ; 0         ; 0    ; 0            ; |kursach|lpm_bustri0:inst5|lpm_bustri:lpm_bustri_component                                                       ;              ;
;    |lpm_ram_dq0:inst|                        ; 0 (0)             ; 0 (0)        ; 8192              ; 0            ; 0       ; 0         ; 0         ; 0    ; 0            ; |kursach|lpm_ram_dq0:inst                                                                                        ; work         ;
;       |altsyncram:altsyncram_component|      ; 0 (0)             ; 0 (0)        ; 8192              ; 0            ; 0       ; 0         ; 0         ; 0    ; 0            ; |kursach|lpm_ram_dq0:inst|altsyncram:altsyncram_component                                                        ; work         ;
;          |altsyncram_56f1:auto_generated|    ; 0 (0)             ; 0 (0)        ; 8192              ; 0            ; 0       ; 0         ; 0         ; 0    ; 0            ; |kursach|lpm_ram_dq0:inst|altsyncram:altsyncram_component|altsyncram_56f1:auto_generated                         ; work         ;
+----------------------------------------------+-------------------+--------------+-------------------+--------------+---------+-----------+-----------+------+--------------+------------------------------------------------------------------------------------------------------------------+--------------+
Note: For table entries with two numbers listed, the numbers in parentheses indicate the number of resources of the given type used by the specific entity alone. The numbers listed outside of parentheses indicate the total resources of the given type used by the specific entity and all of its sub-entities in the hierarchy.


+------------------------------------------------------------------------------------------------------------------------------------------------------------------------------------------------------------------------+
; Analysis & Synthesis RAM Summary                                                                                                                                                                                       ;
+--------------------------------------------------------------------------------------------+------+-------------+--------------+--------------+--------------+--------------+------+-----------------------------------+
; Name                                                                                       ; Type ; Mode        ; Port A Depth ; Port A Width ; Port B Depth ; Port B Width ; Size ; MIF                               ;
+--------------------------------------------------------------------------------------------+------+-------------+--------------+--------------+--------------+--------------+------+-----------------------------------+
; lpm_ram_dq0:inst|altsyncram:altsyncram_component|altsyncram_56f1:auto_generated|ALTSYNCRAM ; AUTO ; Single Port ; 1024         ; 8            ; --           ; --           ; 8192 ; D:/alerta/quartus/kursach/ram.hex ;
+--------------------------------------------------------------------------------------------+------+-------------+--------------+--------------+--------------+--------------+------+-----------------------------------+


+------------------------------------------------------------+
; Logic Cells Representing Combinational Loops               ;
+--------------------------------------------------------+---+
; Logic Cell Name                                        ;   ;
+--------------------------------------------------------+---+
; arbitr:inst2|inst2~0                                   ;   ;
; Number of logic cells representing combinational loops ; 1 ;
+--------------------------------------------------------+---+
Note: All cells listed above may not be present at the end of synthesis due to various synthesis optimizations.


+-----------------------------------------------------------------------------------------------------+
; Registers Removed During Synthesis                                                                  ;
+------------------------------------------------------------+----------------------------------------+
; Register name                                              ; Reason for Removal                     ;
+------------------------------------------------------------+----------------------------------------+
; cash:inst8|inst318                                         ; Merged with cash:inst8|inst319         ;
; cash:inst8|lpm_dff1:inst14|lpm_ff:lpm_ff_component|dffs[0] ; Stuck at VCC due to stuck port data_in ;
; cash:inst8|lpm_dff1:inst63|lpm_ff:lpm_ff_component|dffs[0] ; Stuck at VCC due to stuck port data_in ;
; Total Number of Removed Registers = 3                      ;                                        ;
+------------------------------------------------------------+----------------------------------------+


+------------------------------------------------------+
; General Register Statistics                          ;
+----------------------------------------------+-------+
; Statistic                                    ; Value ;
+----------------------------------------------+-------+
; Total registers                              ; 146   ;
; Number of registers using Synchronous Clear  ; 0     ;
; Number of registers using Synchronous Load   ; 4     ;
; Number of registers using Asynchronous Clear ; 0     ;
; Number of registers using Asynchronous Load  ; 0     ;
; Number of registers using Clock Enable       ; 136   ;
; Number of registers using Preset             ; 0     ;
+----------------------------------------------+-------+


+-----------------------------------------------------------------------------------------+
; Source assignments for cash:inst8|lpm_counter0:inst39|lpm_counter:lpm_counter_component ;
+---------------------------+-------+------+----------------------------------------------+
; Assignment                ; Value ; From ; To                                           ;
+---------------------------+-------+------+----------------------------------------------+
; SUPPRESS_DA_RULE_INTERNAL ; a101  ; -    ; -                                            ;
; SUPPRESS_DA_RULE_INTERNAL ; s102  ; -    ; -                                            ;
; SUPPRESS_DA_RULE_INTERNAL ; s103  ; -    ; -                                            ;
+---------------------------+-------+------+----------------------------------------------+


+--------------------------------------------------------------------------------------------------------+
; Source assignments for lpm_ram_dq0:inst|altsyncram:altsyncram_component|altsyncram_56f1:auto_generated ;
+---------------------------------+--------------------+------+------------------------------------------+
; Assignment                      ; Value              ; From ; To                                       ;
+---------------------------------+--------------------+------+------------------------------------------+
; OPTIMIZE_POWER_DURING_SYNTHESIS ; NORMAL_COMPILATION ; -    ; -                                        ;
+---------------------------------+--------------------+------+------------------------------------------+


+------------------------------------------------------------------------------------------------------+
; Source assignments for lpm_rom0:inst1|altsyncram:altsyncram_component|altsyncram_uf71:auto_generated ;
+---------------------------------+--------------------+------+----------------------------------------+
; Assignment                      ; Value              ; From ; To                                     ;
+---------------------------------+--------------------+------+----------------------------------------+
; OPTIMIZE_POWER_DURING_SYNTHESIS ; NORMAL_COMPILATION ; -    ; -                                      ;
+---------------------------------+--------------------+------+----------------------------------------+


+---------------------------------------------------------------------------------------------------------------+
; Parameter Settings for User Entity Instance: cash:inst8|lpm_compare0:inst36|lpm_compare:lpm_compare_component ;
+------------------------+------------+-------------------------------------------------------------------------+
; Parameter Name         ; Value      ; Type                                                                    ;
+------------------------+------------+-------------------------------------------------------------------------+
; lpm_width              ; 5          ; Signed Integer                                                          ;
; LPM_REPRESENTATION     ; UNSIGNED   ; Untyped                                                                 ;
; LPM_PIPELINE           ; 0          ; Untyped                                                                 ;
; CHAIN_SIZE             ; 8          ; Untyped                                                                 ;
; ONE_INPUT_IS_CONSTANT  ; NO         ; Untyped                                                                 ;
; CARRY_CHAIN            ; MANUAL     ; Untyped                                                                 ;
; CASCADE_CHAIN          ; MANUAL     ; Untyped                                                                 ;
; CARRY_CHAIN_LENGTH     ; 48         ; CARRY_CHAIN_LENGTH                                                      ;
; CASCADE_CHAIN_LENGTH   ; 2          ; CASCADE_CHAIN_LENGTH                                                    ;
; DEVICE_FAMILY          ; Stratix II ; Untyped                                                                 ;
; CBXI_PARAMETER         ; cmpr_cig   ; Untyped                                                                 ;
; AUTO_CARRY_CHAINS      ; ON         ; AUTO_CARRY                                                              ;
; IGNORE_CARRY_BUFFERS   ; OFF        ; IGNORE_CARRY                                                            ;
; AUTO_CASCADE_CHAINS    ; ON         ; AUTO_CASCADE                                                            ;
; IGNORE_CASCADE_BUFFERS ; OFF        ; IGNORE_CASCADE                                                          ;
+------------------------+------------+-------------------------------------------------------------------------+
Note: In order to hide this table in the UI and the text report file, please set the "Show Parameter Settings Tables in Synthesis Report" option in "Analysis and Synthesis Settings -> More Settings" to "Off".


+------------------------------------------------------------------------------------------------------------+
; Parameter Settings for User Entity Instance: cash:inst8|lpm_bustri1:inst90|lpm_bustri:lpm_bustri_component ;
+----------------+-------+-----------------------------------------------------------------------------------+
; Parameter Name ; Value ; Type                                                                              ;
+----------------+-------+-----------------------------------------------------------------------------------+
; LPM_WIDTH      ; 5     ; Signed Integer                                                                    ;
+----------------+-------+-----------------------------------------------------------------------------------+
Note: In order to hide this table in the UI and the text report file, please set the "Show Parameter Settings Tables in Synthesis Report" option in "Analysis and Synthesis Settings -> More Settings" to "Off".


+------------------------------------------------------------------------------------------------------------+
; Parameter Settings for User Entity Instance: cash:inst8|lpm_decode0:inst12|lpm_decode:lpm_decode_component ;
+------------------------+------------+----------------------------------------------------------------------+
; Parameter Name         ; Value      ; Type                                                                 ;
+------------------------+------------+----------------------------------------------------------------------+
; LPM_WIDTH              ; 3          ; Signed Integer                                                       ;
; LPM_DECODES            ; 8          ; Signed Integer                                                       ;
; LPM_PIPELINE           ; 0          ; Untyped                                                              ;
; CASCADE_CHAIN          ; MANUAL     ; Untyped                                                              ;
; DEVICE_FAMILY          ; Stratix II ; Untyped                                                              ;
; CBXI_PARAMETER         ; decode_5sf ; Untyped                                                              ;
; AUTO_CARRY_CHAINS      ; ON         ; AUTO_CARRY                                                           ;
; IGNORE_CARRY_BUFFERS   ; OFF        ; IGNORE_CARRY                                                         ;
; AUTO_CASCADE_CHAINS    ; ON         ; AUTO_CASCADE                                                         ;
; IGNORE_CASCADE_BUFFERS ; OFF        ; IGNORE_CASCADE                                                       ;
+------------------------+------------+----------------------------------------------------------------------+
Note: In order to hide this table in the UI and the text report file, please set the "Show Parameter Settings Tables in Synthesis Report" option in "Analysis and Synthesis Settings -> More Settings" to "Off".


+-------------------------------------------------------------------------------------------------+
; Parameter Settings for User Entity Instance: cash:inst8|lpm_dff1:inst63|lpm_ff:lpm_ff_component ;
+------------------------+------------+-----------------------------------------------------------+
; Parameter Name         ; Value      ; Type                                                      ;
+------------------------+------------+-----------------------------------------------------------+
; LPM_WIDTH              ; 5          ; Signed Integer                                            ;
; LPM_AVALUE             ; UNUSED     ; Untyped                                                   ;
; LPM_SVALUE             ; UNUSED     ; Untyped                                                   ;
; LPM_FFTYPE             ; DFF        ; Untyped                                                   ;
; DEVICE_FAMILY          ; Stratix II ; Untyped                                                   ;
; CBXI_PARAMETER         ; NOTHING    ; Untyped                                                   ;
; AUTO_CARRY_CHAINS      ; ON         ; AUTO_CARRY                                                ;
; IGNORE_CARRY_BUFFERS   ; OFF        ; IGNORE_CARRY                                              ;
; AUTO_CASCADE_CHAINS    ; ON         ; AUTO_CASCADE                                              ;
; IGNORE_CASCADE_BUFFERS ; OFF        ; IGNORE_CASCADE                                            ;
+------------------------+------------+-----------------------------------------------------------+
Note: In order to hide this table in the UI and the text report file, please set the "Show Parameter Settings Tables in Synthesis Report" option in "Analysis and Synthesis Settings -> More Settings" to "Off".


+---------------------------------------------------------------------------------------------------------------+
; Parameter Settings for User Entity Instance: cash:inst8|lpm_counter0:inst39|lpm_counter:lpm_counter_component ;
+------------------------+-------------+------------------------------------------------------------------------+
; Parameter Name         ; Value       ; Type                                                                   ;
+------------------------+-------------+------------------------------------------------------------------------+
; AUTO_CARRY_CHAINS      ; ON          ; AUTO_CARRY                                                             ;
; IGNORE_CARRY_BUFFERS   ; OFF         ; IGNORE_CARRY                                                           ;
; AUTO_CASCADE_CHAINS    ; ON          ; AUTO_CASCADE                                                           ;
; IGNORE_CASCADE_BUFFERS ; OFF         ; IGNORE_CASCADE                                                         ;
; LPM_WIDTH              ; 4           ; Signed Integer                                                         ;
; LPM_DIRECTION          ; UP          ; Untyped                                                                ;
; LPM_MODULUS            ; 9           ; Signed Integer                                                         ;
; LPM_AVALUE             ; UNUSED      ; Untyped                                                                ;
; LPM_SVALUE             ; UNUSED      ; Untyped                                                                ;
; LPM_PORT_UPDOWN        ; PORT_UNUSED ; Untyped                                                                ;
; DEVICE_FAMILY          ; Stratix II  ; Untyped                                                                ;
; CARRY_CHAIN            ; MANUAL      ; Untyped                                                                ;
; CARRY_CHAIN_LENGTH     ; 48          ; CARRY_CHAIN_LENGTH                                                     ;
; NOT_GATE_PUSH_BACK     ; ON          ; NOT_GATE_PUSH_BACK                                                     ;
; CARRY_CNT_EN           ; SMART       ; Untyped                                                                ;
; LABWIDE_SCLR           ; ON          ; Untyped                                                                ;
; USE_NEW_VERSION        ; TRUE        ; Untyped                                                                ;
; CBXI_PARAMETER         ; cntr_sej    ; Untyped                                                                ;
+------------------------+-------------+------------------------------------------------------------------------+
Note: In order to hide this table in the UI and the text report file, please set the "Show Parameter Settings Tables in Synthesis Report" option in "Analysis and Synthesis Settings -> More Settings" to "Off".


+---------------------------------------------------------------------------------------------------------------+
; Parameter Settings for User Entity Instance: cash:inst8|lpm_compare0:inst19|lpm_compare:lpm_compare_component ;
+------------------------+------------+-------------------------------------------------------------------------+
; Parameter Name         ; Value      ; Type                                                                    ;
+------------------------+------------+-------------------------------------------------------------------------+
; lpm_width              ; 5          ; Signed Integer                                                          ;
; LPM_REPRESENTATION     ; UNSIGNED   ; Untyped                                                                 ;
; LPM_PIPELINE           ; 0          ; Untyped                                                                 ;
; CHAIN_SIZE             ; 8          ; Untyped                                                                 ;
; ONE_INPUT_IS_CONSTANT  ; NO         ; Untyped                                                                 ;
; CARRY_CHAIN            ; MANUAL     ; Untyped                                                                 ;
; CASCADE_CHAIN          ; MANUAL     ; Untyped                                                                 ;
; CARRY_CHAIN_LENGTH     ; 48         ; CARRY_CHAIN_LENGTH                                                      ;
; CASCADE_CHAIN_LENGTH   ; 2          ; CASCADE_CHAIN_LENGTH                                                    ;
; DEVICE_FAMILY          ; Stratix II ; Untyped                                                                 ;
; CBXI_PARAMETER         ; cmpr_cig   ; Untyped                                                                 ;
; AUTO_CARRY_CHAINS      ; ON         ; AUTO_CARRY                                                              ;
; IGNORE_CARRY_BUFFERS   ; OFF        ; IGNORE_CARRY                                                            ;
; AUTO_CASCADE_CHAINS    ; ON         ; AUTO_CASCADE                                                            ;
; IGNORE_CASCADE_BUFFERS ; OFF        ; IGNORE_CASCADE                                                          ;
+------------------------+------------+-------------------------------------------------------------------------+
Note: In order to hide this table in the UI and the text report file, please set the "Show Parameter Settings Tables in Synthesis Report" option in "Analysis and Synthesis Settings -> More Settings" to "Off".


+------------------------------------------------------------------------------------------------------------+
; Parameter Settings for User Entity Instance: cash:inst8|lpm_bustri1:inst41|lpm_bustri:lpm_bustri_component ;
+----------------+-------+-----------------------------------------------------------------------------------+
; Parameter Name ; Value ; Type                                                                              ;
+----------------+-------+-----------------------------------------------------------------------------------+
; LPM_WIDTH      ; 5     ; Signed Integer                                                                    ;
+----------------+-------+-----------------------------------------------------------------------------------+
Note: In order to hide this table in the UI and the text report file, please set the "Show Parameter Settings Tables in Synthesis Report" option in "Analysis and Synthesis Settings -> More Settings" to "Off".


+-------------------------------------------------------------------------------------------------+
; Parameter Settings for User Entity Instance: cash:inst8|lpm_dff1:inst14|lpm_ff:lpm_ff_component ;
+------------------------+------------+-----------------------------------------------------------+
; Parameter Name         ; Value      ; Type                                                      ;
+------------------------+------------+-----------------------------------------------------------+
; LPM_WIDTH              ; 5          ; Signed Integer                                            ;
; LPM_AVALUE             ; UNUSED     ; Untyped                                                   ;
; LPM_SVALUE             ; UNUSED     ; Untyped                                                   ;
; LPM_FFTYPE             ; DFF        ; Untyped                                                   ;
; DEVICE_FAMILY          ; Stratix II ; Untyped                                                   ;
; CBXI_PARAMETER         ; NOTHING    ; Untyped                                                   ;
; AUTO_CARRY_CHAINS      ; ON         ; AUTO_CARRY                                                ;
; IGNORE_CARRY_BUFFERS   ; OFF        ; IGNORE_CARRY                                              ;
; AUTO_CASCADE_CHAINS    ; ON         ; AUTO_CASCADE                                              ;
; IGNORE_CASCADE_BUFFERS ; OFF        ; IGNORE_CASCADE                                            ;
+------------------------+------------+-----------------------------------------------------------+
Note: In order to hide this table in the UI and the text report file, please set the "Show Parameter Settings Tables in Synthesis Report" option in "Analysis and Synthesis Settings -> More Settings" to "Off".


+-----------------------------------------------------------------------------------------------------------+
; Parameter Settings for User Entity Instance: cash:inst8|lpm_bustri1:inst1|lpm_bustri:lpm_bustri_component ;
+----------------+-------+----------------------------------------------------------------------------------+
; Parameter Name ; Value ; Type                                                                             ;
+----------------+-------+----------------------------------------------------------------------------------+
; LPM_WIDTH      ; 5     ; Signed Integer                                                                   ;
+----------------+-------+----------------------------------------------------------------------------------+
Note: In order to hide this table in the UI and the text report file, please set the "Show Parameter Settings Tables in Synthesis Report" option in "Analysis and Synthesis Settings -> More Settings" to "Off".


+------------------------------------------------------------------------------------------------------------------+
; Parameter Settings for User Entity Instance: cash:inst8|lpm_constant0:inst16|lpm_constant:lpm_constant_component ;
+--------------------+------------------+--------------------------------------------------------------------------+
; Parameter Name     ; Value            ; Type                                                                     ;
+--------------------+------------------+--------------------------------------------------------------------------+
; LPM_WIDTH          ; 5                ; Signed Integer                                                           ;
; LPM_CVALUE         ; 0                ; Signed Integer                                                           ;
; ENABLE_RUNTIME_MOD ; NO               ; Untyped                                                                  ;
; CBXI_PARAMETER     ; lpm_constant_nf6 ; Untyped                                                                  ;
+--------------------+------------------+--------------------------------------------------------------------------+
Note: In order to hide this table in the UI and the text report file, please set the "Show Parameter Settings Tables in Synthesis Report" option in "Analysis and Synthesis Settings -> More Settings" to "Off".


+------------------------------------------------------------------------------------------------------------+
; Parameter Settings for User Entity Instance: cash:inst8|lpm_bustri1:inst17|lpm_bustri:lpm_bustri_component ;
+----------------+-------+-----------------------------------------------------------------------------------+
; Parameter Name ; Value ; Type                                                                              ;
+----------------+-------+-----------------------------------------------------------------------------------+
; LPM_WIDTH      ; 5     ; Signed Integer                                                                    ;
+----------------+-------+-----------------------------------------------------------------------------------+
Note: In order to hide this table in the UI and the text report file, please set the "Show Parameter Settings Tables in Synthesis Report" option in "Analysis and Synthesis Settings -> More Settings" to "Off".


+------------------------------------------------------------------------------------------------------------+
; Parameter Settings for User Entity Instance: cash:inst8|lpm_bustri1:inst64|lpm_bustri:lpm_bustri_component ;
+----------------+-------+-----------------------------------------------------------------------------------+
; Parameter Name ; Value ; Type                                                                              ;
+----------------+-------+-----------------------------------------------------------------------------------+
; LPM_WIDTH      ; 5     ; Signed Integer                                                                    ;
+----------------+-------+-----------------------------------------------------------------------------------+
Note: In order to hide this table in the UI and the text report file, please set the "Show Parameter Settings Tables in Synthesis Report" option in "Analysis and Synthesis Settings -> More Settings" to "Off".


+------------------------------------------------------------------------------------------------------------+
; Parameter Settings for User Entity Instance: cash:inst8|lpm_bustri1:inst67|lpm_bustri:lpm_bustri_component ;
+----------------+-------+-----------------------------------------------------------------------------------+
; Parameter Name ; Value ; Type                                                                              ;
+----------------+-------+-----------------------------------------------------------------------------------+
; LPM_WIDTH      ; 5     ; Signed Integer                                                                    ;
+----------------+-------+-----------------------------------------------------------------------------------+
Note: In order to hide this table in the UI and the text report file, please set the "Show Parameter Settings Tables in Synthesis Report" option in "Analysis and Synthesis Settings -> More Settings" to "Off".


+-------------------------------------------------------------------------------------------------------------+
; Parameter Settings for User Entity Instance: cash:inst8|lpm_bustri0:inst296|lpm_bustri:lpm_bustri_component ;
+----------------+-------+------------------------------------------------------------------------------------+
; Parameter Name ; Value ; Type                                                                               ;
+----------------+-------+------------------------------------------------------------------------------------+
; LPM_WIDTH      ; 8     ; Signed Integer                                                                     ;
+----------------+-------+------------------------------------------------------------------------------------+
Note: In order to hide this table in the UI and the text report file, please set the "Show Parameter Settings Tables in Synthesis Report" option in "Analysis and Synthesis Settings -> More Settings" to "Off".


+-------------------------------------------------------------------------------------------------------------+
; Parameter Settings for User Entity Instance: cash:inst8|lpm_bustri0:inst417|lpm_bustri:lpm_bustri_component ;
+----------------+-------+------------------------------------------------------------------------------------+
; Parameter Name ; Value ; Type                                                                               ;
+----------------+-------+------------------------------------------------------------------------------------+
; LPM_WIDTH      ; 8     ; Signed Integer                                                                     ;
+----------------+-------+------------------------------------------------------------------------------------+
Note: In order to hide this table in the UI and the text report file, please set the "Show Parameter Settings Tables in Synthesis Report" option in "Analysis and Synthesis Settings -> More Settings" to "Off".


+------------------------------------------------------------------------------------------------------------+
; Parameter Settings for User Entity Instance: cash:inst8|lpm_bustri0:inst27|lpm_bustri:lpm_bustri_component ;
+----------------+-------+-----------------------------------------------------------------------------------+
; Parameter Name ; Value ; Type                                                                              ;
+----------------+-------+-----------------------------------------------------------------------------------+
; LPM_WIDTH      ; 8     ; Signed Integer                                                                    ;
+----------------+-------+-----------------------------------------------------------------------------------+
Note: In order to hide this table in the UI and the text report file, please set the "Show Parameter Settings Tables in Synthesis Report" option in "Analysis and Synthesis Settings -> More Settings" to "Off".


+------------------------------------------------------------------------------------------------------------+
; Parameter Settings for User Entity Instance: cash:inst8|lpm_decode0:inst35|lpm_decode:lpm_decode_component ;
+------------------------+------------+----------------------------------------------------------------------+
; Parameter Name         ; Value      ; Type                                                                 ;
+------------------------+------------+----------------------------------------------------------------------+
; LPM_WIDTH              ; 3          ; Signed Integer                                                       ;
; LPM_DECODES            ; 8          ; Signed Integer                                                       ;
; LPM_PIPELINE           ; 0          ; Untyped                                                              ;
; CASCADE_CHAIN          ; MANUAL     ; Untyped                                                              ;
; DEVICE_FAMILY          ; Stratix II ; Untyped                                                              ;
; CBXI_PARAMETER         ; decode_5sf ; Untyped                                                              ;
; AUTO_CARRY_CHAINS      ; ON         ; AUTO_CARRY                                                           ;
; IGNORE_CARRY_BUFFERS   ; OFF        ; IGNORE_CARRY                                                         ;
; AUTO_CASCADE_CHAINS    ; ON         ; AUTO_CASCADE                                                         ;
; IGNORE_CASCADE_BUFFERS ; OFF        ; IGNORE_CASCADE                                                       ;
+------------------------+------------+----------------------------------------------------------------------+
Note: In order to hide this table in the UI and the text report file, please set the "Show Parameter Settings Tables in Synthesis Report" option in "Analysis and Synthesis Settings -> More Settings" to "Off".


+-------------------------------------------------------------------------------------------------------------+
; Parameter Settings for User Entity Instance: cash:inst8|lpm_bustri2:inst425|lpm_bustri:lpm_bustri_component ;
+----------------+-------+------------------------------------------------------------------------------------+
; Parameter Name ; Value ; Type                                                                               ;
+----------------+-------+------------------------------------------------------------------------------------+
; LPM_WIDTH      ; 3     ; Signed Integer                                                                     ;
+----------------+-------+------------------------------------------------------------------------------------+
Note: In order to hide this table in the UI and the text report file, please set the "Show Parameter Settings Tables in Synthesis Report" option in "Analysis and Synthesis Settings -> More Settings" to "Off".


+-------------------------------------------------------------------------------------------------------------+
; Parameter Settings for User Entity Instance: cash:inst8|lpm_bustri2:inst426|lpm_bustri:lpm_bustri_component ;
+----------------+-------+------------------------------------------------------------------------------------+
; Parameter Name ; Value ; Type                                                                               ;
+----------------+-------+------------------------------------------------------------------------------------+
; LPM_WIDTH      ; 3     ; Signed Integer                                                                     ;
+----------------+-------+------------------------------------------------------------------------------------+
Note: In order to hide this table in the UI and the text report file, please set the "Show Parameter Settings Tables in Synthesis Report" option in "Analysis and Synthesis Settings -> More Settings" to "Off".


+-------------------------------------------------------------------------------------------------+
; Parameter Settings for User Entity Instance: cash:inst8|lpm_dff0:inst11|lpm_ff:lpm_ff_component ;
+------------------------+------------+-----------------------------------------------------------+
; Parameter Name         ; Value      ; Type                                                      ;
+------------------------+------------+-----------------------------------------------------------+
; LPM_WIDTH              ; 8          ; Signed Integer                                            ;
; LPM_AVALUE             ; UNUSED     ; Untyped                                                   ;
; LPM_SVALUE             ; UNUSED     ; Untyped                                                   ;
; LPM_FFTYPE             ; DFF        ; Untyped                                                   ;
; DEVICE_FAMILY          ; Stratix II ; Untyped                                                   ;
; CBXI_PARAMETER         ; NOTHING    ; Untyped                                                   ;
; AUTO_CARRY_CHAINS      ; ON         ; AUTO_CARRY                                                ;
; IGNORE_CARRY_BUFFERS   ; OFF        ; IGNORE_CARRY                                              ;
; AUTO_CASCADE_CHAINS    ; ON         ; AUTO_CASCADE                                              ;
; IGNORE_CASCADE_BUFFERS ; OFF        ; IGNORE_CASCADE                                            ;
+------------------------+------------+-----------------------------------------------------------+
Note: In order to hide this table in the UI and the text report file, please set the "Show Parameter Settings Tables in Synthesis Report" option in "Analysis and Synthesis Settings -> More Settings" to "Off".


+------------------------------------------------------------------------------------------------------------+
; Parameter Settings for User Entity Instance: cash:inst8|lpm_decode0:inst13|lpm_decode:lpm_decode_component ;
+------------------------+------------+----------------------------------------------------------------------+
; Parameter Name         ; Value      ; Type                                                                 ;
+------------------------+------------+----------------------------------------------------------------------+
; LPM_WIDTH              ; 3          ; Signed Integer                                                       ;
; LPM_DECODES            ; 8          ; Signed Integer                                                       ;
; LPM_PIPELINE           ; 0          ; Untyped                                                              ;
; CASCADE_CHAIN          ; MANUAL     ; Untyped                                                              ;
; DEVICE_FAMILY          ; Stratix II ; Untyped                                                              ;
; CBXI_PARAMETER         ; decode_5sf ; Untyped                                                              ;
; AUTO_CARRY_CHAINS      ; ON         ; AUTO_CARRY                                                           ;
; IGNORE_CARRY_BUFFERS   ; OFF        ; IGNORE_CARRY                                                         ;
; AUTO_CASCADE_CHAINS    ; ON         ; AUTO_CASCADE                                                         ;
; IGNORE_CASCADE_BUFFERS ; OFF        ; IGNORE_CASCADE                                                       ;
+------------------------+------------+----------------------------------------------------------------------+
Note: In order to hide this table in the UI and the text report file, please set the "Show Parameter Settings Tables in Synthesis Report" option in "Analysis and Synthesis Settings -> More Settings" to "Off".


+------------------------------------------------------------------------------------------------------------+
; Parameter Settings for User Entity Instance: cash:inst8|lpm_bustri2:inst62|lpm_bustri:lpm_bustri_component ;
+----------------+-------+-----------------------------------------------------------------------------------+
; Parameter Name ; Value ; Type                                                                              ;
+----------------+-------+-----------------------------------------------------------------------------------+
; LPM_WIDTH      ; 3     ; Signed Integer                                                                    ;
+----------------+-------+-----------------------------------------------------------------------------------+
Note: In order to hide this table in the UI and the text report file, please set the "Show Parameter Settings Tables in Synthesis Report" option in "Analysis and Synthesis Settings -> More Settings" to "Off".


+------------------------------------------------------------------------------------------------------------+
; Parameter Settings for User Entity Instance: cash:inst8|lpm_bustri2:inst61|lpm_bustri:lpm_bustri_component ;
+----------------+-------+-----------------------------------------------------------------------------------+
; Parameter Name ; Value ; Type                                                                              ;
+----------------+-------+-----------------------------------------------------------------------------------+
; LPM_WIDTH      ; 3     ; Signed Integer                                                                    ;
+----------------+-------+-----------------------------------------------------------------------------------+
Note: In order to hide this table in the UI and the text report file, please set the "Show Parameter Settings Tables in Synthesis Report" option in "Analysis and Synthesis Settings -> More Settings" to "Off".


+---------------------------------------------------------------------------------------------------------------+
; Parameter Settings for User Entity Instance: cash:inst8|lpm_add_sub1:inst60|lpm_add_sub:lpm_add_sub_component ;
+------------------------+-------------+------------------------------------------------------------------------+
; Parameter Name         ; Value       ; Type                                                                   ;
+------------------------+-------------+------------------------------------------------------------------------+
; LPM_WIDTH              ; 3           ; Signed Integer                                                         ;
; LPM_REPRESENTATION     ; UNSIGNED    ; Untyped                                                                ;
; LPM_DIRECTION          ; SUB         ; Untyped                                                                ;
; ONE_INPUT_IS_CONSTANT  ; YES         ; Untyped                                                                ;
; LPM_PIPELINE           ; 0           ; Untyped                                                                ;
; MAXIMIZE_SPEED         ; 5           ; Untyped                                                                ;
; REGISTERED_AT_END      ; 0           ; Untyped                                                                ;
; OPTIMIZE_FOR_SPEED     ; 5           ; Untyped                                                                ;
; USE_CS_BUFFERS         ; 1           ; Untyped                                                                ;
; CARRY_CHAIN            ; MANUAL      ; Untyped                                                                ;
; CARRY_CHAIN_LENGTH     ; 48          ; CARRY_CHAIN_LENGTH                                                     ;
; DEVICE_FAMILY          ; Stratix II  ; Untyped                                                                ;
; USE_WYS                ; OFF         ; Untyped                                                                ;
; STYLE                  ; FAST        ; Untyped                                                                ;
; CBXI_PARAMETER         ; add_sub_uph ; Untyped                                                                ;
; AUTO_CARRY_CHAINS      ; ON          ; AUTO_CARRY                                                             ;
; IGNORE_CARRY_BUFFERS   ; OFF         ; IGNORE_CARRY                                                           ;
; AUTO_CASCADE_CHAINS    ; ON          ; AUTO_CASCADE                                                           ;
; IGNORE_CASCADE_BUFFERS ; OFF         ; IGNORE_CASCADE                                                         ;
+------------------------+-------------+------------------------------------------------------------------------+
Note: In order to hide this table in the UI and the text report file, please set the "Show Parameter Settings Tables in Synthesis Report" option in "Analysis and Synthesis Settings -> More Settings" to "Off".


+------------------------------------------------------------------------------------------------------------+
; Parameter Settings for User Entity Instance: cash:inst8|lpm_bustri0:inst28|lpm_bustri:lpm_bustri_component ;
+----------------+-------+-----------------------------------------------------------------------------------+
; Parameter Name ; Value ; Type                                                                              ;
+----------------+-------+-----------------------------------------------------------------------------------+
; LPM_WIDTH      ; 8     ; Signed Integer                                                                    ;
+----------------+-------+-----------------------------------------------------------------------------------+
Note: In order to hide this table in the UI and the text report file, please set the "Show Parameter Settings Tables in Synthesis Report" option in "Analysis and Synthesis Settings -> More Settings" to "Off".


+-------------------------------------------------------------------------------------------------+
; Parameter Settings for User Entity Instance: cash:inst8|lpm_dff0:inst20|lpm_ff:lpm_ff_component ;
+------------------------+------------+-----------------------------------------------------------+
; Parameter Name         ; Value      ; Type                                                      ;
+------------------------+------------+-----------------------------------------------------------+
; LPM_WIDTH              ; 8          ; Signed Integer                                            ;
; LPM_AVALUE             ; UNUSED     ; Untyped                                                   ;
; LPM_SVALUE             ; UNUSED     ; Untyped                                                   ;
; LPM_FFTYPE             ; DFF        ; Untyped                                                   ;
; DEVICE_FAMILY          ; Stratix II ; Untyped                                                   ;
; CBXI_PARAMETER         ; NOTHING    ; Untyped                                                   ;
; AUTO_CARRY_CHAINS      ; ON         ; AUTO_CARRY                                                ;
; IGNORE_CARRY_BUFFERS   ; OFF        ; IGNORE_CARRY                                              ;
; AUTO_CASCADE_CHAINS    ; ON         ; AUTO_CASCADE                                              ;
; IGNORE_CASCADE_BUFFERS ; OFF        ; IGNORE_CASCADE                                            ;
+------------------------+------------+-----------------------------------------------------------+
Note: In order to hide this table in the UI and the text report file, please set the "Show Parameter Settings Tables in Synthesis Report" option in "Analysis and Synthesis Settings -> More Settings" to "Off".


+------------------------------------------------------------------------------------------------------------+
; Parameter Settings for User Entity Instance: cash:inst8|lpm_bustri0:inst29|lpm_bustri:lpm_bustri_component ;
+----------------+-------+-----------------------------------------------------------------------------------+
; Parameter Name ; Value ; Type                                                                              ;
+----------------+-------+-----------------------------------------------------------------------------------+
; LPM_WIDTH      ; 8     ; Signed Integer                                                                    ;
+----------------+-------+-----------------------------------------------------------------------------------+
Note: In order to hide this table in the UI and the text report file, please set the "Show Parameter Settings Tables in Synthesis Report" option in "Analysis and Synthesis Settings -> More Settings" to "Off".


+-------------------------------------------------------------------------------------------------+
; Parameter Settings for User Entity Instance: cash:inst8|lpm_dff0:inst21|lpm_ff:lpm_ff_component ;
+------------------------+------------+-----------------------------------------------------------+
; Parameter Name         ; Value      ; Type                                                      ;
+------------------------+------------+-----------------------------------------------------------+
; LPM_WIDTH              ; 8          ; Signed Integer                                            ;
; LPM_AVALUE             ; UNUSED     ; Untyped                                                   ;
; LPM_SVALUE             ; UNUSED     ; Untyped                                                   ;
; LPM_FFTYPE             ; DFF        ; Untyped                                                   ;
; DEVICE_FAMILY          ; Stratix II ; Untyped                                                   ;
; CBXI_PARAMETER         ; NOTHING    ; Untyped                                                   ;
; AUTO_CARRY_CHAINS      ; ON         ; AUTO_CARRY                                                ;
; IGNORE_CARRY_BUFFERS   ; OFF        ; IGNORE_CARRY                                              ;
; AUTO_CASCADE_CHAINS    ; ON         ; AUTO_CASCADE                                              ;
; IGNORE_CASCADE_BUFFERS ; OFF        ; IGNORE_CASCADE                                            ;
+------------------------+------------+-----------------------------------------------------------+
Note: In order to hide this table in the UI and the text report file, please set the "Show Parameter Settings Tables in Synthesis Report" option in "Analysis and Synthesis Settings -> More Settings" to "Off".


+------------------------------------------------------------------------------------------------------------+
; Parameter Settings for User Entity Instance: cash:inst8|lpm_bustri0:inst33|lpm_bustri:lpm_bustri_component ;
+----------------+-------+-----------------------------------------------------------------------------------+
; Parameter Name ; Value ; Type                                                                              ;
+----------------+-------+-----------------------------------------------------------------------------------+
; LPM_WIDTH      ; 8     ; Signed Integer                                                                    ;
+----------------+-------+-----------------------------------------------------------------------------------+
Note: In order to hide this table in the UI and the text report file, please set the "Show Parameter Settings Tables in Synthesis Report" option in "Analysis and Synthesis Settings -> More Settings" to "Off".


+-------------------------------------------------------------------------------------------------+
; Parameter Settings for User Entity Instance: cash:inst8|lpm_dff0:inst25|lpm_ff:lpm_ff_component ;
+------------------------+------------+-----------------------------------------------------------+
; Parameter Name         ; Value      ; Type                                                      ;
+------------------------+------------+-----------------------------------------------------------+
; LPM_WIDTH              ; 8          ; Signed Integer                                            ;
; LPM_AVALUE             ; UNUSED     ; Untyped                                                   ;
; LPM_SVALUE             ; UNUSED     ; Untyped                                                   ;
; LPM_FFTYPE             ; DFF        ; Untyped                                                   ;
; DEVICE_FAMILY          ; Stratix II ; Untyped                                                   ;
; CBXI_PARAMETER         ; NOTHING    ; Untyped                                                   ;
; AUTO_CARRY_CHAINS      ; ON         ; AUTO_CARRY                                                ;
; IGNORE_CARRY_BUFFERS   ; OFF        ; IGNORE_CARRY                                              ;
; AUTO_CASCADE_CHAINS    ; ON         ; AUTO_CASCADE                                              ;
; IGNORE_CASCADE_BUFFERS ; OFF        ; IGNORE_CASCADE                                            ;
+------------------------+------------+-----------------------------------------------------------+
Note: In order to hide this table in the UI and the text report file, please set the "Show Parameter Settings Tables in Synthesis Report" option in "Analysis and Synthesis Settings -> More Settings" to "Off".


+------------------------------------------------------------------------------------------------------------+
; Parameter Settings for User Entity Instance: cash:inst8|lpm_bustri0:inst34|lpm_bustri:lpm_bustri_component ;
+----------------+-------+-----------------------------------------------------------------------------------+
; Parameter Name ; Value ; Type                                                                              ;
+----------------+-------+-----------------------------------------------------------------------------------+
; LPM_WIDTH      ; 8     ; Signed Integer                                                                    ;
+----------------+-------+-----------------------------------------------------------------------------------+
Note: In order to hide this table in the UI and the text report file, please set the "Show Parameter Settings Tables in Synthesis Report" option in "Analysis and Synthesis Settings -> More Settings" to "Off".


+-------------------------------------------------------------------------------------------------+
; Parameter Settings for User Entity Instance: cash:inst8|lpm_dff0:inst26|lpm_ff:lpm_ff_component ;
+------------------------+------------+-----------------------------------------------------------+
; Parameter Name         ; Value      ; Type                                                      ;
+------------------------+------------+-----------------------------------------------------------+
; LPM_WIDTH              ; 8          ; Signed Integer                                            ;
; LPM_AVALUE             ; UNUSED     ; Untyped                                                   ;
; LPM_SVALUE             ; UNUSED     ; Untyped                                                   ;
; LPM_FFTYPE             ; DFF        ; Untyped                                                   ;
; DEVICE_FAMILY          ; Stratix II ; Untyped                                                   ;
; CBXI_PARAMETER         ; NOTHING    ; Untyped                                                   ;
; AUTO_CARRY_CHAINS      ; ON         ; AUTO_CARRY                                                ;
; IGNORE_CARRY_BUFFERS   ; OFF        ; IGNORE_CARRY                                              ;
; AUTO_CASCADE_CHAINS    ; ON         ; AUTO_CASCADE                                              ;
; IGNORE_CASCADE_BUFFERS ; OFF        ; IGNORE_CASCADE                                            ;
+------------------------+------------+-----------------------------------------------------------+
Note: In order to hide this table in the UI and the text report file, please set the "Show Parameter Settings Tables in Synthesis Report" option in "Analysis and Synthesis Settings -> More Settings" to "Off".


+------------------------------------------------------------------------------------------------------------+
; Parameter Settings for User Entity Instance: cash:inst8|lpm_bustri0:inst32|lpm_bustri:lpm_bustri_component ;
+----------------+-------+-----------------------------------------------------------------------------------+
; Parameter Name ; Value ; Type                                                                              ;
+----------------+-------+-----------------------------------------------------------------------------------+
; LPM_WIDTH      ; 8     ; Signed Integer                                                                    ;
+----------------+-------+-----------------------------------------------------------------------------------+
Note: In order to hide this table in the UI and the text report file, please set the "Show Parameter Settings Tables in Synthesis Report" option in "Analysis and Synthesis Settings -> More Settings" to "Off".


+-------------------------------------------------------------------------------------------------+
; Parameter Settings for User Entity Instance: cash:inst8|lpm_dff0:inst24|lpm_ff:lpm_ff_component ;
+------------------------+------------+-----------------------------------------------------------+
; Parameter Name         ; Value      ; Type                                                      ;
+------------------------+------------+-----------------------------------------------------------+
; LPM_WIDTH              ; 8          ; Signed Integer                                            ;
; LPM_AVALUE             ; UNUSED     ; Untyped                                                   ;
; LPM_SVALUE             ; UNUSED     ; Untyped                                                   ;
; LPM_FFTYPE             ; DFF        ; Untyped                                                   ;
; DEVICE_FAMILY          ; Stratix II ; Untyped                                                   ;
; CBXI_PARAMETER         ; NOTHING    ; Untyped                                                   ;
; AUTO_CARRY_CHAINS      ; ON         ; AUTO_CARRY                                                ;
; IGNORE_CARRY_BUFFERS   ; OFF        ; IGNORE_CARRY                                              ;
; AUTO_CASCADE_CHAINS    ; ON         ; AUTO_CASCADE                                              ;
; IGNORE_CASCADE_BUFFERS ; OFF        ; IGNORE_CASCADE                                            ;
+------------------------+------------+-----------------------------------------------------------+
Note: In order to hide this table in the UI and the text report file, please set the "Show Parameter Settings Tables in Synthesis Report" option in "Analysis and Synthesis Settings -> More Settings" to "Off".


+------------------------------------------------------------------------------------------------------------+
; Parameter Settings for User Entity Instance: cash:inst8|lpm_bustri0:inst31|lpm_bustri:lpm_bustri_component ;
+----------------+-------+-----------------------------------------------------------------------------------+
; Parameter Name ; Value ; Type                                                                              ;
+----------------+-------+-----------------------------------------------------------------------------------+
; LPM_WIDTH      ; 8     ; Signed Integer                                                                    ;
+----------------+-------+-----------------------------------------------------------------------------------+
Note: In order to hide this table in the UI and the text report file, please set the "Show Parameter Settings Tables in Synthesis Report" option in "Analysis and Synthesis Settings -> More Settings" to "Off".


+-------------------------------------------------------------------------------------------------+
; Parameter Settings for User Entity Instance: cash:inst8|lpm_dff0:inst23|lpm_ff:lpm_ff_component ;
+------------------------+------------+-----------------------------------------------------------+
; Parameter Name         ; Value      ; Type                                                      ;
+------------------------+------------+-----------------------------------------------------------+
; LPM_WIDTH              ; 8          ; Signed Integer                                            ;
; LPM_AVALUE             ; UNUSED     ; Untyped                                                   ;
; LPM_SVALUE             ; UNUSED     ; Untyped                                                   ;
; LPM_FFTYPE             ; DFF        ; Untyped                                                   ;
; DEVICE_FAMILY          ; Stratix II ; Untyped                                                   ;
; CBXI_PARAMETER         ; NOTHING    ; Untyped                                                   ;
; AUTO_CARRY_CHAINS      ; ON         ; AUTO_CARRY                                                ;
; IGNORE_CARRY_BUFFERS   ; OFF        ; IGNORE_CARRY                                              ;
; AUTO_CASCADE_CHAINS    ; ON         ; AUTO_CASCADE                                              ;
; IGNORE_CASCADE_BUFFERS ; OFF        ; IGNORE_CASCADE                                            ;
+------------------------+------------+-----------------------------------------------------------+
Note: In order to hide this table in the UI and the text report file, please set the "Show Parameter Settings Tables in Synthesis Report" option in "Analysis and Synthesis Settings -> More Settings" to "Off".


+------------------------------------------------------------------------------------------------------------+
; Parameter Settings for User Entity Instance: cash:inst8|lpm_bustri0:inst30|lpm_bustri:lpm_bustri_component ;
+----------------+-------+-----------------------------------------------------------------------------------+
; Parameter Name ; Value ; Type                                                                              ;
+----------------+-------+-----------------------------------------------------------------------------------+
; LPM_WIDTH      ; 8     ; Signed Integer                                                                    ;
+----------------+-------+-----------------------------------------------------------------------------------+
Note: In order to hide this table in the UI and the text report file, please set the "Show Parameter Settings Tables in Synthesis Report" option in "Analysis and Synthesis Settings -> More Settings" to "Off".


+-------------------------------------------------------------------------------------------------+
; Parameter Settings for User Entity Instance: cash:inst8|lpm_dff0:inst22|lpm_ff:lpm_ff_component ;
+------------------------+------------+-----------------------------------------------------------+
; Parameter Name         ; Value      ; Type                                                      ;
+------------------------+------------+-----------------------------------------------------------+
; LPM_WIDTH              ; 8          ; Signed Integer                                            ;
; LPM_AVALUE             ; UNUSED     ; Untyped                                                   ;
; LPM_SVALUE             ; UNUSED     ; Untyped                                                   ;
; LPM_FFTYPE             ; DFF        ; Untyped                                                   ;
; DEVICE_FAMILY          ; Stratix II ; Untyped                                                   ;
; CBXI_PARAMETER         ; NOTHING    ; Untyped                                                   ;
; AUTO_CARRY_CHAINS      ; ON         ; AUTO_CARRY                                                ;
; IGNORE_CARRY_BUFFERS   ; OFF        ; IGNORE_CARRY                                              ;
; AUTO_CASCADE_CHAINS    ; ON         ; AUTO_CASCADE                                              ;
; IGNORE_CASCADE_BUFFERS ; OFF        ; IGNORE_CASCADE                                            ;
+------------------------+------------+-----------------------------------------------------------+
Note: In order to hide this table in the UI and the text report file, please set the "Show Parameter Settings Tables in Synthesis Report" option in "Analysis and Synthesis Settings -> More Settings" to "Off".


+------------------------------------------------------------------------------------------------------------+
; Parameter Settings for User Entity Instance: cash:inst8|lpm_bustri0:inst79|lpm_bustri:lpm_bustri_component ;
+----------------+-------+-----------------------------------------------------------------------------------+
; Parameter Name ; Value ; Type                                                                              ;
+----------------+-------+-----------------------------------------------------------------------------------+
; LPM_WIDTH      ; 8     ; Signed Integer                                                                    ;
+----------------+-------+-----------------------------------------------------------------------------------+
Note: In order to hide this table in the UI and the text report file, please set the "Show Parameter Settings Tables in Synthesis Report" option in "Analysis and Synthesis Settings -> More Settings" to "Off".


+------------------------------------------------------------------------------------------------------------+
; Parameter Settings for User Entity Instance: cash:inst8|lpm_decode0:inst87|lpm_decode:lpm_decode_component ;
+------------------------+------------+----------------------------------------------------------------------+
; Parameter Name         ; Value      ; Type                                                                 ;
+------------------------+------------+----------------------------------------------------------------------+
; LPM_WIDTH              ; 3          ; Signed Integer                                                       ;
; LPM_DECODES            ; 8          ; Signed Integer                                                       ;
; LPM_PIPELINE           ; 0          ; Untyped                                                              ;
; CASCADE_CHAIN          ; MANUAL     ; Untyped                                                              ;
; DEVICE_FAMILY          ; Stratix II ; Untyped                                                              ;
; CBXI_PARAMETER         ; decode_5sf ; Untyped                                                              ;
; AUTO_CARRY_CHAINS      ; ON         ; AUTO_CARRY                                                           ;
; IGNORE_CARRY_BUFFERS   ; OFF        ; IGNORE_CARRY                                                         ;
; AUTO_CASCADE_CHAINS    ; ON         ; AUTO_CASCADE                                                         ;
; IGNORE_CASCADE_BUFFERS ; OFF        ; IGNORE_CASCADE                                                       ;
+------------------------+------------+----------------------------------------------------------------------+
Note: In order to hide this table in the UI and the text report file, please set the "Show Parameter Settings Tables in Synthesis Report" option in "Analysis and Synthesis Settings -> More Settings" to "Off".


+-------------------------------------------------------------------------------------------------------------+
; Parameter Settings for User Entity Instance: cash:inst8|lpm_bustri2:inst436|lpm_bustri:lpm_bustri_component ;
+----------------+-------+------------------------------------------------------------------------------------+
; Parameter Name ; Value ; Type                                                                               ;
+----------------+-------+------------------------------------------------------------------------------------+
; LPM_WIDTH      ; 3     ; Signed Integer                                                                     ;
+----------------+-------+------------------------------------------------------------------------------------+
Note: In order to hide this table in the UI and the text report file, please set the "Show Parameter Settings Tables in Synthesis Report" option in "Analysis and Synthesis Settings -> More Settings" to "Off".


+-------------------------------------------------------------------------------------------------------------+
; Parameter Settings for User Entity Instance: cash:inst8|lpm_bustri2:inst443|lpm_bustri:lpm_bustri_component ;
+----------------+-------+------------------------------------------------------------------------------------+
; Parameter Name ; Value ; Type                                                                               ;
+----------------+-------+------------------------------------------------------------------------------------+
; LPM_WIDTH      ; 3     ; Signed Integer                                                                     ;
+----------------+-------+------------------------------------------------------------------------------------+
Note: In order to hide this table in the UI and the text report file, please set the "Show Parameter Settings Tables in Synthesis Report" option in "Analysis and Synthesis Settings -> More Settings" to "Off".


+-------------------------------------------------------------------------------------------------+
; Parameter Settings for User Entity Instance: cash:inst8|lpm_dff0:inst40|lpm_ff:lpm_ff_component ;
+------------------------+------------+-----------------------------------------------------------+
; Parameter Name         ; Value      ; Type                                                      ;
+------------------------+------------+-----------------------------------------------------------+
; LPM_WIDTH              ; 8          ; Signed Integer                                            ;
; LPM_AVALUE             ; UNUSED     ; Untyped                                                   ;
; LPM_SVALUE             ; UNUSED     ; Untyped                                                   ;
; LPM_FFTYPE             ; DFF        ; Untyped                                                   ;
; DEVICE_FAMILY          ; Stratix II ; Untyped                                                   ;
; CBXI_PARAMETER         ; NOTHING    ; Untyped                                                   ;
; AUTO_CARRY_CHAINS      ; ON         ; AUTO_CARRY                                                ;
; IGNORE_CARRY_BUFFERS   ; OFF        ; IGNORE_CARRY                                              ;
; AUTO_CASCADE_CHAINS    ; ON         ; AUTO_CASCADE                                              ;
; IGNORE_CASCADE_BUFFERS ; OFF        ; IGNORE_CASCADE                                            ;
+------------------------+------------+-----------------------------------------------------------+
Note: In order to hide this table in the UI and the text report file, please set the "Show Parameter Settings Tables in Synthesis Report" option in "Analysis and Synthesis Settings -> More Settings" to "Off".


+------------------------------------------------------------------------------------------------------------+
; Parameter Settings for User Entity Instance: cash:inst8|lpm_decode0:inst71|lpm_decode:lpm_decode_component ;
+------------------------+------------+----------------------------------------------------------------------+
; Parameter Name         ; Value      ; Type                                                                 ;
+------------------------+------------+----------------------------------------------------------------------+
; LPM_WIDTH              ; 3          ; Signed Integer                                                       ;
; LPM_DECODES            ; 8          ; Signed Integer                                                       ;
; LPM_PIPELINE           ; 0          ; Untyped                                                              ;
; CASCADE_CHAIN          ; MANUAL     ; Untyped                                                              ;
; DEVICE_FAMILY          ; Stratix II ; Untyped                                                              ;
; CBXI_PARAMETER         ; decode_5sf ; Untyped                                                              ;
; AUTO_CARRY_CHAINS      ; ON         ; AUTO_CARRY                                                           ;
; IGNORE_CARRY_BUFFERS   ; OFF        ; IGNORE_CARRY                                                         ;
; AUTO_CASCADE_CHAINS    ; ON         ; AUTO_CASCADE                                                         ;
; IGNORE_CASCADE_BUFFERS ; OFF        ; IGNORE_CASCADE                                                       ;
+------------------------+------------+----------------------------------------------------------------------+
Note: In order to hide this table in the UI and the text report file, please set the "Show Parameter Settings Tables in Synthesis Report" option in "Analysis and Synthesis Settings -> More Settings" to "Off".


+------------------------------------------------------------------------------------------------------------+
; Parameter Settings for User Entity Instance: cash:inst8|lpm_bustri2:inst92|lpm_bustri:lpm_bustri_component ;
+----------------+-------+-----------------------------------------------------------------------------------+
; Parameter Name ; Value ; Type                                                                              ;
+----------------+-------+-----------------------------------------------------------------------------------+
; LPM_WIDTH      ; 3     ; Signed Integer                                                                    ;
+----------------+-------+-----------------------------------------------------------------------------------+
Note: In order to hide this table in the UI and the text report file, please set the "Show Parameter Settings Tables in Synthesis Report" option in "Analysis and Synthesis Settings -> More Settings" to "Off".


+------------------------------------------------------------------------------------------------------------+
; Parameter Settings for User Entity Instance: cash:inst8|lpm_bustri2:inst91|lpm_bustri:lpm_bustri_component ;
+----------------+-------+-----------------------------------------------------------------------------------+
; Parameter Name ; Value ; Type                                                                              ;
+----------------+-------+-----------------------------------------------------------------------------------+
; LPM_WIDTH      ; 3     ; Signed Integer                                                                    ;
+----------------+-------+-----------------------------------------------------------------------------------+
Note: In order to hide this table in the UI and the text report file, please set the "Show Parameter Settings Tables in Synthesis Report" option in "Analysis and Synthesis Settings -> More Settings" to "Off".


+---------------------------------------------------------------------------------------------------------------+
; Parameter Settings for User Entity Instance: cash:inst8|lpm_add_sub1:inst93|lpm_add_sub:lpm_add_sub_component ;
+------------------------+-------------+------------------------------------------------------------------------+
; Parameter Name         ; Value       ; Type                                                                   ;
+------------------------+-------------+------------------------------------------------------------------------+
; LPM_WIDTH              ; 3           ; Signed Integer                                                         ;
; LPM_REPRESENTATION     ; UNSIGNED    ; Untyped                                                                ;
; LPM_DIRECTION          ; SUB         ; Untyped                                                                ;
; ONE_INPUT_IS_CONSTANT  ; YES         ; Untyped                                                                ;
; LPM_PIPELINE           ; 0           ; Untyped                                                                ;
; MAXIMIZE_SPEED         ; 5           ; Untyped                                                                ;
; REGISTERED_AT_END      ; 0           ; Untyped                                                                ;
; OPTIMIZE_FOR_SPEED     ; 5           ; Untyped                                                                ;
; USE_CS_BUFFERS         ; 1           ; Untyped                                                                ;
; CARRY_CHAIN            ; MANUAL      ; Untyped                                                                ;
; CARRY_CHAIN_LENGTH     ; 48          ; CARRY_CHAIN_LENGTH                                                     ;
; DEVICE_FAMILY          ; Stratix II  ; Untyped                                                                ;
; USE_WYS                ; OFF         ; Untyped                                                                ;
; STYLE                  ; FAST        ; Untyped                                                                ;
; CBXI_PARAMETER         ; add_sub_uph ; Untyped                                                                ;
; AUTO_CARRY_CHAINS      ; ON          ; AUTO_CARRY                                                             ;
; IGNORE_CARRY_BUFFERS   ; OFF         ; IGNORE_CARRY                                                           ;
; AUTO_CASCADE_CHAINS    ; ON          ; AUTO_CASCADE                                                           ;
; IGNORE_CASCADE_BUFFERS ; OFF         ; IGNORE_CASCADE                                                         ;
+------------------------+-------------+------------------------------------------------------------------------+
Note: In order to hide this table in the UI and the text report file, please set the "Show Parameter Settings Tables in Synthesis Report" option in "Analysis and Synthesis Settings -> More Settings" to "Off".


+------------------------------------------------------------------------------------------------------------+
; Parameter Settings for User Entity Instance: cash:inst8|lpm_bustri0:inst80|lpm_bustri:lpm_bustri_component ;
+----------------+-------+-----------------------------------------------------------------------------------+
; Parameter Name ; Value ; Type                                                                              ;
+----------------+-------+-----------------------------------------------------------------------------------+
; LPM_WIDTH      ; 8     ; Signed Integer                                                                    ;
+----------------+-------+-----------------------------------------------------------------------------------+
Note: In order to hide this table in the UI and the text report file, please set the "Show Parameter Settings Tables in Synthesis Report" option in "Analysis and Synthesis Settings -> More Settings" to "Off".


+-------------------------------------------------------------------------------------------------+
; Parameter Settings for User Entity Instance: cash:inst8|lpm_dff0:inst72|lpm_ff:lpm_ff_component ;
+------------------------+------------+-----------------------------------------------------------+
; Parameter Name         ; Value      ; Type                                                      ;
+------------------------+------------+-----------------------------------------------------------+
; LPM_WIDTH              ; 8          ; Signed Integer                                            ;
; LPM_AVALUE             ; UNUSED     ; Untyped                                                   ;
; LPM_SVALUE             ; UNUSED     ; Untyped                                                   ;
; LPM_FFTYPE             ; DFF        ; Untyped                                                   ;
; DEVICE_FAMILY          ; Stratix II ; Untyped                                                   ;
; CBXI_PARAMETER         ; NOTHING    ; Untyped                                                   ;
; AUTO_CARRY_CHAINS      ; ON         ; AUTO_CARRY                                                ;
; IGNORE_CARRY_BUFFERS   ; OFF        ; IGNORE_CARRY                                              ;
; AUTO_CASCADE_CHAINS    ; ON         ; AUTO_CASCADE                                              ;
; IGNORE_CASCADE_BUFFERS ; OFF        ; IGNORE_CASCADE                                            ;
+------------------------+------------+-----------------------------------------------------------+
Note: In order to hide this table in the UI and the text report file, please set the "Show Parameter Settings Tables in Synthesis Report" option in "Analysis and Synthesis Settings -> More Settings" to "Off".


+------------------------------------------------------------------------------------------------------------+
; Parameter Settings for User Entity Instance: cash:inst8|lpm_bustri0:inst81|lpm_bustri:lpm_bustri_component ;
+----------------+-------+-----------------------------------------------------------------------------------+
; Parameter Name ; Value ; Type                                                                              ;
+----------------+-------+-----------------------------------------------------------------------------------+
; LPM_WIDTH      ; 8     ; Signed Integer                                                                    ;
+----------------+-------+-----------------------------------------------------------------------------------+
Note: In order to hide this table in the UI and the text report file, please set the "Show Parameter Settings Tables in Synthesis Report" option in "Analysis and Synthesis Settings -> More Settings" to "Off".


+-------------------------------------------------------------------------------------------------+
; Parameter Settings for User Entity Instance: cash:inst8|lpm_dff0:inst73|lpm_ff:lpm_ff_component ;
+------------------------+------------+-----------------------------------------------------------+
; Parameter Name         ; Value      ; Type                                                      ;
+------------------------+------------+-----------------------------------------------------------+
; LPM_WIDTH              ; 8          ; Signed Integer                                            ;
; LPM_AVALUE             ; UNUSED     ; Untyped                                                   ;
; LPM_SVALUE             ; UNUSED     ; Untyped                                                   ;
; LPM_FFTYPE             ; DFF        ; Untyped                                                   ;
; DEVICE_FAMILY          ; Stratix II ; Untyped                                                   ;
; CBXI_PARAMETER         ; NOTHING    ; Untyped                                                   ;
; AUTO_CARRY_CHAINS      ; ON         ; AUTO_CARRY                                                ;
; IGNORE_CARRY_BUFFERS   ; OFF        ; IGNORE_CARRY                                              ;
; AUTO_CASCADE_CHAINS    ; ON         ; AUTO_CASCADE                                              ;
; IGNORE_CASCADE_BUFFERS ; OFF        ; IGNORE_CASCADE                                            ;
+------------------------+------------+-----------------------------------------------------------+
Note: In order to hide this table in the UI and the text report file, please set the "Show Parameter Settings Tables in Synthesis Report" option in "Analysis and Synthesis Settings -> More Settings" to "Off".


+------------------------------------------------------------------------------------------------------------+
; Parameter Settings for User Entity Instance: cash:inst8|lpm_bustri0:inst82|lpm_bustri:lpm_bustri_component ;
+----------------+-------+-----------------------------------------------------------------------------------+
; Parameter Name ; Value ; Type                                                                              ;
+----------------+-------+-----------------------------------------------------------------------------------+
; LPM_WIDTH      ; 8     ; Signed Integer                                                                    ;
+----------------+-------+-----------------------------------------------------------------------------------+
Note: In order to hide this table in the UI and the text report file, please set the "Show Parameter Settings Tables in Synthesis Report" option in "Analysis and Synthesis Settings -> More Settings" to "Off".


+-------------------------------------------------------------------------------------------------+
; Parameter Settings for User Entity Instance: cash:inst8|lpm_dff0:inst74|lpm_ff:lpm_ff_component ;
+------------------------+------------+-----------------------------------------------------------+
; Parameter Name         ; Value      ; Type                                                      ;
+------------------------+------------+-----------------------------------------------------------+
; LPM_WIDTH              ; 8          ; Signed Integer                                            ;
; LPM_AVALUE             ; UNUSED     ; Untyped                                                   ;
; LPM_SVALUE             ; UNUSED     ; Untyped                                                   ;
; LPM_FFTYPE             ; DFF        ; Untyped                                                   ;
; DEVICE_FAMILY          ; Stratix II ; Untyped                                                   ;
; CBXI_PARAMETER         ; NOTHING    ; Untyped                                                   ;
; AUTO_CARRY_CHAINS      ; ON         ; AUTO_CARRY                                                ;
; IGNORE_CARRY_BUFFERS   ; OFF        ; IGNORE_CARRY                                              ;
; AUTO_CASCADE_CHAINS    ; ON         ; AUTO_CASCADE                                              ;
; IGNORE_CASCADE_BUFFERS ; OFF        ; IGNORE_CASCADE                                            ;
+------------------------+------------+-----------------------------------------------------------+
Note: In order to hide this table in the UI and the text report file, please set the "Show Parameter Settings Tables in Synthesis Report" option in "Analysis and Synthesis Settings -> More Settings" to "Off".


+------------------------------------------------------------------------------------------------------------+
; Parameter Settings for User Entity Instance: cash:inst8|lpm_bustri0:inst83|lpm_bustri:lpm_bustri_component ;
+----------------+-------+-----------------------------------------------------------------------------------+
; Parameter Name ; Value ; Type                                                                              ;
+----------------+-------+-----------------------------------------------------------------------------------+
; LPM_WIDTH      ; 8     ; Signed Integer                                                                    ;
+----------------+-------+-----------------------------------------------------------------------------------+
Note: In order to hide this table in the UI and the text report file, please set the "Show Parameter Settings Tables in Synthesis Report" option in "Analysis and Synthesis Settings -> More Settings" to "Off".


+-------------------------------------------------------------------------------------------------+
; Parameter Settings for User Entity Instance: cash:inst8|lpm_dff0:inst75|lpm_ff:lpm_ff_component ;
+------------------------+------------+-----------------------------------------------------------+
; Parameter Name         ; Value      ; Type                                                      ;
+------------------------+------------+-----------------------------------------------------------+
; LPM_WIDTH              ; 8          ; Signed Integer                                            ;
; LPM_AVALUE             ; UNUSED     ; Untyped                                                   ;
; LPM_SVALUE             ; UNUSED     ; Untyped                                                   ;
; LPM_FFTYPE             ; DFF        ; Untyped                                                   ;
; DEVICE_FAMILY          ; Stratix II ; Untyped                                                   ;
; CBXI_PARAMETER         ; NOTHING    ; Untyped                                                   ;
; AUTO_CARRY_CHAINS      ; ON         ; AUTO_CARRY                                                ;
; IGNORE_CARRY_BUFFERS   ; OFF        ; IGNORE_CARRY                                              ;
; AUTO_CASCADE_CHAINS    ; ON         ; AUTO_CASCADE                                              ;
; IGNORE_CASCADE_BUFFERS ; OFF        ; IGNORE_CASCADE                                            ;
+------------------------+------------+-----------------------------------------------------------+
Note: In order to hide this table in the UI and the text report file, please set the "Show Parameter Settings Tables in Synthesis Report" option in "Analysis and Synthesis Settings -> More Settings" to "Off".


+------------------------------------------------------------------------------------------------------------+
; Parameter Settings for User Entity Instance: cash:inst8|lpm_bustri0:inst84|lpm_bustri:lpm_bustri_component ;
+----------------+-------+-----------------------------------------------------------------------------------+
; Parameter Name ; Value ; Type                                                                              ;
+----------------+-------+-----------------------------------------------------------------------------------+
; LPM_WIDTH      ; 8     ; Signed Integer                                                                    ;
+----------------+-------+-----------------------------------------------------------------------------------+
Note: In order to hide this table in the UI and the text report file, please set the "Show Parameter Settings Tables in Synthesis Report" option in "Analysis and Synthesis Settings -> More Settings" to "Off".


+-------------------------------------------------------------------------------------------------+
; Parameter Settings for User Entity Instance: cash:inst8|lpm_dff0:inst76|lpm_ff:lpm_ff_component ;
+------------------------+------------+-----------------------------------------------------------+
; Parameter Name         ; Value      ; Type                                                      ;
+------------------------+------------+-----------------------------------------------------------+
; LPM_WIDTH              ; 8          ; Signed Integer                                            ;
; LPM_AVALUE             ; UNUSED     ; Untyped                                                   ;
; LPM_SVALUE             ; UNUSED     ; Untyped                                                   ;
; LPM_FFTYPE             ; DFF        ; Untyped                                                   ;
; DEVICE_FAMILY          ; Stratix II ; Untyped                                                   ;
; CBXI_PARAMETER         ; NOTHING    ; Untyped                                                   ;
; AUTO_CARRY_CHAINS      ; ON         ; AUTO_CARRY                                                ;
; IGNORE_CARRY_BUFFERS   ; OFF        ; IGNORE_CARRY                                              ;
; AUTO_CASCADE_CHAINS    ; ON         ; AUTO_CASCADE                                              ;
; IGNORE_CASCADE_BUFFERS ; OFF        ; IGNORE_CASCADE                                            ;
+------------------------+------------+-----------------------------------------------------------+
Note: In order to hide this table in the UI and the text report file, please set the "Show Parameter Settings Tables in Synthesis Report" option in "Analysis and Synthesis Settings -> More Settings" to "Off".


+------------------------------------------------------------------------------------------------------------+
; Parameter Settings for User Entity Instance: cash:inst8|lpm_bustri0:inst85|lpm_bustri:lpm_bustri_component ;
+----------------+-------+-----------------------------------------------------------------------------------+
; Parameter Name ; Value ; Type                                                                              ;
+----------------+-------+-----------------------------------------------------------------------------------+
; LPM_WIDTH      ; 8     ; Signed Integer                                                                    ;
+----------------+-------+-----------------------------------------------------------------------------------+
Note: In order to hide this table in the UI and the text report file, please set the "Show Parameter Settings Tables in Synthesis Report" option in "Analysis and Synthesis Settings -> More Settings" to "Off".


+-------------------------------------------------------------------------------------------------+
; Parameter Settings for User Entity Instance: cash:inst8|lpm_dff0:inst77|lpm_ff:lpm_ff_component ;
+------------------------+------------+-----------------------------------------------------------+
; Parameter Name         ; Value      ; Type                                                      ;
+------------------------+------------+-----------------------------------------------------------+
; LPM_WIDTH              ; 8          ; Signed Integer                                            ;
; LPM_AVALUE             ; UNUSED     ; Untyped                                                   ;
; LPM_SVALUE             ; UNUSED     ; Untyped                                                   ;
; LPM_FFTYPE             ; DFF        ; Untyped                                                   ;
; DEVICE_FAMILY          ; Stratix II ; Untyped                                                   ;
; CBXI_PARAMETER         ; NOTHING    ; Untyped                                                   ;
; AUTO_CARRY_CHAINS      ; ON         ; AUTO_CARRY                                                ;
; IGNORE_CARRY_BUFFERS   ; OFF        ; IGNORE_CARRY                                              ;
; AUTO_CASCADE_CHAINS    ; ON         ; AUTO_CASCADE                                              ;
; IGNORE_CASCADE_BUFFERS ; OFF        ; IGNORE_CASCADE                                            ;
+------------------------+------------+-----------------------------------------------------------+
Note: In order to hide this table in the UI and the text report file, please set the "Show Parameter Settings Tables in Synthesis Report" option in "Analysis and Synthesis Settings -> More Settings" to "Off".


+------------------------------------------------------------------------------------------------------------+
; Parameter Settings for User Entity Instance: cash:inst8|lpm_bustri0:inst86|lpm_bustri:lpm_bustri_component ;
+----------------+-------+-----------------------------------------------------------------------------------+
; Parameter Name ; Value ; Type                                                                              ;
+----------------+-------+-----------------------------------------------------------------------------------+
; LPM_WIDTH      ; 8     ; Signed Integer                                                                    ;
+----------------+-------+-----------------------------------------------------------------------------------+
Note: In order to hide this table in the UI and the text report file, please set the "Show Parameter Settings Tables in Synthesis Report" option in "Analysis and Synthesis Settings -> More Settings" to "Off".


+-------------------------------------------------------------------------------------------------+
; Parameter Settings for User Entity Instance: cash:inst8|lpm_dff0:inst78|lpm_ff:lpm_ff_component ;
+------------------------+------------+-----------------------------------------------------------+
; Parameter Name         ; Value      ; Type                                                      ;
+------------------------+------------+-----------------------------------------------------------+
; LPM_WIDTH              ; 8          ; Signed Integer                                            ;
; LPM_AVALUE             ; UNUSED     ; Untyped                                                   ;
; LPM_SVALUE             ; UNUSED     ; Untyped                                                   ;
; LPM_FFTYPE             ; DFF        ; Untyped                                                   ;
; DEVICE_FAMILY          ; Stratix II ; Untyped                                                   ;
; CBXI_PARAMETER         ; NOTHING    ; Untyped                                                   ;
; AUTO_CARRY_CHAINS      ; ON         ; AUTO_CARRY                                                ;
; IGNORE_CARRY_BUFFERS   ; OFF        ; IGNORE_CARRY                                              ;
; AUTO_CASCADE_CHAINS    ; ON         ; AUTO_CASCADE                                              ;
; IGNORE_CASCADE_BUFFERS ; OFF        ; IGNORE_CASCADE                                            ;
+------------------------+------------+-----------------------------------------------------------+
Note: In order to hide this table in the UI and the text report file, please set the "Show Parameter Settings Tables in Synthesis Report" option in "Analysis and Synthesis Settings -> More Settings" to "Off".


+-------------------------------------------------------------------------------------------------------------+
; Parameter Settings for User Entity Instance: cash:inst8|lpm_bustri0:inst302|lpm_bustri:lpm_bustri_component ;
+----------------+-------+------------------------------------------------------------------------------------+
; Parameter Name ; Value ; Type                                                                               ;
+----------------+-------+------------------------------------------------------------------------------------+
; LPM_WIDTH      ; 8     ; Signed Integer                                                                     ;
+----------------+-------+------------------------------------------------------------------------------------+
Note: In order to hide this table in the UI and the text report file, please set the "Show Parameter Settings Tables in Synthesis Report" option in "Analysis and Synthesis Settings -> More Settings" to "Off".


+-------------------------------------------------------------------------------------------------------------+
; Parameter Settings for User Entity Instance: cash:inst8|lpm_bustri0:inst420|lpm_bustri:lpm_bustri_component ;
+----------------+-------+------------------------------------------------------------------------------------+
; Parameter Name ; Value ; Type                                                                               ;
+----------------+-------+------------------------------------------------------------------------------------+
; LPM_WIDTH      ; 8     ; Signed Integer                                                                     ;
+----------------+-------+------------------------------------------------------------------------------------+
Note: In order to hide this table in the UI and the text report file, please set the "Show Parameter Settings Tables in Synthesis Report" option in "Analysis and Synthesis Settings -> More Settings" to "Off".


+-----------------------------------------------------------------------------------------------+
; Parameter Settings for User Entity Instance: lpm_ram_dq0:inst|altsyncram:altsyncram_component ;
+------------------------------------+-----------------------------------+----------------------+
; Parameter Name                     ; Value                             ; Type                 ;
+------------------------------------+-----------------------------------+----------------------+
; BYTE_SIZE_BLOCK                    ; 8                                 ; Untyped              ;
; AUTO_CARRY_CHAINS                  ; ON                                ; AUTO_CARRY           ;
; IGNORE_CARRY_BUFFERS               ; OFF                               ; IGNORE_CARRY         ;
; AUTO_CASCADE_CHAINS                ; ON                                ; AUTO_CASCADE         ;
; IGNORE_CASCADE_BUFFERS             ; OFF                               ; IGNORE_CASCADE       ;
; WIDTH_BYTEENA                      ; 1                                 ; Untyped              ;
; OPERATION_MODE                     ; SINGLE_PORT                       ; Untyped              ;
; WIDTH_A                            ; 8                                 ; Signed Integer       ;
; WIDTHAD_A                          ; 10                                ; Signed Integer       ;
; NUMWORDS_A                         ; 1024                              ; Signed Integer       ;
; OUTDATA_REG_A                      ; UNREGISTERED                      ; Untyped              ;
; ADDRESS_ACLR_A                     ; NONE                              ; Untyped              ;
; OUTDATA_ACLR_A                     ; NONE                              ; Untyped              ;
; WRCONTROL_ACLR_A                   ; NONE                              ; Untyped              ;
; INDATA_ACLR_A                      ; NONE                              ; Untyped              ;
; BYTEENA_ACLR_A                     ; NONE                              ; Untyped              ;
; WIDTH_B                            ; 1                                 ; Untyped              ;
; WIDTHAD_B                          ; 1                                 ; Untyped              ;
; NUMWORDS_B                         ; 1                                 ; Untyped              ;
; INDATA_REG_B                       ; CLOCK1                            ; Untyped              ;
; WRCONTROL_WRADDRESS_REG_B          ; CLOCK1                            ; Untyped              ;
; RDCONTROL_REG_B                    ; CLOCK1                            ; Untyped              ;
; ADDRESS_REG_B                      ; CLOCK1                            ; Untyped              ;
; OUTDATA_REG_B                      ; UNREGISTERED                      ; Untyped              ;
; BYTEENA_REG_B                      ; CLOCK1                            ; Untyped              ;
; INDATA_ACLR_B                      ; NONE                              ; Untyped              ;
; WRCONTROL_ACLR_B                   ; NONE                              ; Untyped              ;
; ADDRESS_ACLR_B                     ; NONE                              ; Untyped              ;
; OUTDATA_ACLR_B                     ; NONE                              ; Untyped              ;
; RDCONTROL_ACLR_B                   ; NONE                              ; Untyped              ;
; BYTEENA_ACLR_B                     ; NONE                              ; Untyped              ;
; WIDTH_BYTEENA_A                    ; 1                                 ; Signed Integer       ;
; WIDTH_BYTEENA_B                    ; 1                                 ; Untyped              ;
; RAM_BLOCK_TYPE                     ; AUTO                              ; Untyped              ;
; BYTE_SIZE                          ; 8                                 ; Untyped              ;
; READ_DURING_WRITE_MODE_MIXED_PORTS ; DONT_CARE                         ; Untyped              ;
; READ_DURING_WRITE_MODE_PORT_A      ; NEW_DATA_NO_NBE_READ              ; Untyped              ;
; READ_DURING_WRITE_MODE_PORT_B      ; NEW_DATA_NO_NBE_READ              ; Untyped              ;
; INIT_FILE                          ; D:/alerta/quartus/kursach/ram.hex ; Untyped              ;
; INIT_FILE_LAYOUT                   ; PORT_A                            ; Untyped              ;
; MAXIMUM_DEPTH                      ; 0                                 ; Untyped              ;
; CLOCK_ENABLE_INPUT_A               ; BYPASS                            ; Untyped              ;
; CLOCK_ENABLE_INPUT_B               ; NORMAL                            ; Untyped              ;
; CLOCK_ENABLE_OUTPUT_A              ; BYPASS                            ; Untyped              ;
; CLOCK_ENABLE_OUTPUT_B              ; NORMAL                            ; Untyped              ;
; CLOCK_ENABLE_CORE_A                ; USE_INPUT_CLKEN                   ; Untyped              ;
; CLOCK_ENABLE_CORE_B                ; USE_INPUT_CLKEN                   ; Untyped              ;
; ENABLE_ECC                         ; FALSE                             ; Untyped              ;
; DEVICE_FAMILY                      ; Stratix II                        ; Untyped              ;
; CBXI_PARAMETER                     ; altsyncram_56f1                   ; Untyped              ;
+------------------------------------+-----------------------------------+----------------------+
Note: In order to hide this table in the UI and the text report file, please set the "Show Parameter Settings Tables in Synthesis Report" option in "Analysis and Synthesis Settings -> More Settings" to "Off".


+------------------------------------------------------------------------------------------------+
; Parameter Settings for User Entity Instance: lpm_bustri3:inst3|lpm_bustri:lpm_bustri_component ;
+----------------+-------+-----------------------------------------------------------------------+
; Parameter Name ; Value ; Type                                                                  ;
+----------------+-------+-----------------------------------------------------------------------+
; LPM_WIDTH      ; 10    ; Signed Integer                                                        ;
+----------------+-------+-----------------------------------------------------------------------+
Note: In order to hide this table in the UI and the text report file, please set the "Show Parameter Settings Tables in Synthesis Report" option in "Analysis and Synthesis Settings -> More Settings" to "Off".


+------------------------------------------------------------------------------------------------+
; Parameter Settings for User Entity Instance: lpm_bustri3:inst4|lpm_bustri:lpm_bustri_component ;
+----------------+-------+-----------------------------------------------------------------------+
; Parameter Name ; Value ; Type                                                                  ;
+----------------+-------+-----------------------------------------------------------------------+
; LPM_WIDTH      ; 10    ; Signed Integer                                                        ;
+----------------+-------+-----------------------------------------------------------------------+
Note: In order to hide this table in the UI and the text report file, please set the "Show Parameter Settings Tables in Synthesis Report" option in "Analysis and Synthesis Settings -> More Settings" to "Off".


+------------------------------------------------------------------------------------------------+
; Parameter Settings for User Entity Instance: lpm_bustri0:inst5|lpm_bustri:lpm_bustri_component ;
+----------------+-------+-----------------------------------------------------------------------+
; Parameter Name ; Value ; Type                                                                  ;
+----------------+-------+-----------------------------------------------------------------------+
; LPM_WIDTH      ; 8     ; Signed Integer                                                        ;
+----------------+-------+-----------------------------------------------------------------------+
Note: In order to hide this table in the UI and the text report file, please set the "Show Parameter Settings Tables in Synthesis Report" option in "Analysis and Synthesis Settings -> More Settings" to "Off".


+------------------------------------------------------------------------------------------------+
; Parameter Settings for User Entity Instance: lpm_bustri0:inst6|lpm_bustri:lpm_bustri_component ;
+----------------+-------+-----------------------------------------------------------------------+
; Parameter Name ; Value ; Type                                                                  ;
+----------------+-------+-----------------------------------------------------------------------+
; LPM_WIDTH      ; 8     ; Signed Integer                                                        ;
+----------------+-------+-----------------------------------------------------------------------+
Note: In order to hide this table in the UI and the text report file, please set the "Show Parameter Settings Tables in Synthesis Report" option in "Analysis and Synthesis Settings -> More Settings" to "Off".


+---------------------------------------------------------------------------------------------+
; Parameter Settings for User Entity Instance: lpm_rom0:inst1|altsyncram:altsyncram_component ;
+------------------------------------+-----------------------------------+--------------------+
; Parameter Name                     ; Value                             ; Type               ;
+------------------------------------+-----------------------------------+--------------------+
; BYTE_SIZE_BLOCK                    ; 8                                 ; Untyped            ;
; AUTO_CARRY_CHAINS                  ; ON                                ; AUTO_CARRY         ;
; IGNORE_CARRY_BUFFERS               ; OFF                               ; IGNORE_CARRY       ;
; AUTO_CASCADE_CHAINS                ; ON                                ; AUTO_CASCADE       ;
; IGNORE_CASCADE_BUFFERS             ; OFF                               ; IGNORE_CASCADE     ;
; WIDTH_BYTEENA                      ; 1                                 ; Untyped            ;
; OPERATION_MODE                     ; ROM                               ; Untyped            ;
; WIDTH_A                            ; 8                                 ; Signed Integer     ;
; WIDTHAD_A                          ; 8                                 ; Signed Integer     ;
; NUMWORDS_A                         ; 256                               ; Signed Integer     ;
; OUTDATA_REG_A                      ; CLOCK1                            ; Untyped            ;
; ADDRESS_ACLR_A                     ; NONE                              ; Untyped            ;
; OUTDATA_ACLR_A                     ; NONE                              ; Untyped            ;
; WRCONTROL_ACLR_A                   ; NONE                              ; Untyped            ;
; INDATA_ACLR_A                      ; NONE                              ; Untyped            ;
; BYTEENA_ACLR_A                     ; NONE                              ; Untyped            ;
; WIDTH_B                            ; 1                                 ; Untyped            ;
; WIDTHAD_B                          ; 1                                 ; Untyped            ;
; NUMWORDS_B                         ; 1                                 ; Untyped            ;
; INDATA_REG_B                       ; CLOCK1                            ; Untyped            ;
; WRCONTROL_WRADDRESS_REG_B          ; CLOCK1                            ; Untyped            ;
; RDCONTROL_REG_B                    ; CLOCK1                            ; Untyped            ;
; ADDRESS_REG_B                      ; CLOCK1                            ; Untyped            ;
; OUTDATA_REG_B                      ; UNREGISTERED                      ; Untyped            ;
; BYTEENA_REG_B                      ; CLOCK1                            ; Untyped            ;
; INDATA_ACLR_B                      ; NONE                              ; Untyped            ;
; WRCONTROL_ACLR_B                   ; NONE                              ; Untyped            ;
; ADDRESS_ACLR_B                     ; NONE                              ; Untyped            ;
; OUTDATA_ACLR_B                     ; NONE                              ; Untyped            ;
; RDCONTROL_ACLR_B                   ; NONE                              ; Untyped            ;
; BYTEENA_ACLR_B                     ; NONE                              ; Untyped            ;
; WIDTH_BYTEENA_A                    ; 1                                 ; Signed Integer     ;
; WIDTH_BYTEENA_B                    ; 1                                 ; Untyped            ;
; RAM_BLOCK_TYPE                     ; AUTO                              ; Untyped            ;
; BYTE_SIZE                          ; 8                                 ; Untyped            ;
; READ_DURING_WRITE_MODE_MIXED_PORTS ; DONT_CARE                         ; Untyped            ;
; READ_DURING_WRITE_MODE_PORT_A      ; NEW_DATA_NO_NBE_READ              ; Untyped            ;
; READ_DURING_WRITE_MODE_PORT_B      ; NEW_DATA_NO_NBE_READ              ; Untyped            ;
; INIT_FILE                          ; D:/alerta/quartus/kursach/222.mif ; Untyped            ;
; INIT_FILE_LAYOUT                   ; PORT_A                            ; Untyped            ;
; MAXIMUM_DEPTH                      ; 0                                 ; Untyped            ;
; CLOCK_ENABLE_INPUT_A               ; BYPASS                            ; Untyped            ;
; CLOCK_ENABLE_INPUT_B               ; NORMAL                            ; Untyped            ;
; CLOCK_ENABLE_OUTPUT_A              ; BYPASS                            ; Untyped            ;
; CLOCK_ENABLE_OUTPUT_B              ; NORMAL                            ; Untyped            ;
; CLOCK_ENABLE_CORE_A                ; USE_INPUT_CLKEN                   ; Untyped            ;
; CLOCK_ENABLE_CORE_B                ; USE_INPUT_CLKEN                   ; Untyped            ;
; ENABLE_ECC                         ; FALSE                             ; Untyped            ;
; DEVICE_FAMILY                      ; Stratix II                        ; Untyped            ;
; CBXI_PARAMETER                     ; altsyncram_uf71                   ; Untyped            ;
+------------------------------------+-----------------------------------+--------------------+
Note: In order to hide this table in the UI and the text report file, please set the "Show Parameter Settings Tables in Synthesis Report" option in "Analysis and Synthesis Settings -> More Settings" to "Off".


+----------------------------------------------------------------------------------------------+
; altsyncram Parameter Settings by Entity Instance                                             ;
+-------------------------------------------+--------------------------------------------------+
; Name                                      ; Value                                            ;
+-------------------------------------------+--------------------------------------------------+
; Number of entity instances                ; 2                                                ;
; Entity Instance                           ; lpm_ram_dq0:inst|altsyncram:altsyncram_component ;
;     -- OPERATION_MODE                     ; SINGLE_PORT                                      ;
;     -- WIDTH_A                            ; 8                                                ;
;     -- NUMWORDS_A                         ; 1024                                             ;
;     -- OUTDATA_REG_A                      ; UNREGISTERED                                     ;
;     -- WIDTH_B                            ; 1                                                ;
;     -- NUMWORDS_B                         ; 1                                                ;
;     -- ADDRESS_REG_B                      ; CLOCK1                                           ;
;     -- OUTDATA_REG_B                      ; UNREGISTERED                                     ;
;     -- RAM_BLOCK_TYPE                     ; AUTO                                             ;
;     -- READ_DURING_WRITE_MODE_MIXED_PORTS ; DONT_CARE                                        ;
; Entity Instance                           ; lpm_rom0:inst1|altsyncram:altsyncram_component   ;
;     -- OPERATION_MODE                     ; ROM                                              ;
;     -- WIDTH_A                            ; 8                                                ;
;     -- NUMWORDS_A                         ; 256                                              ;
;     -- OUTDATA_REG_A                      ; CLOCK1                                           ;
;     -- WIDTH_B                            ; 1                                                ;
;     -- NUMWORDS_B                         ; 1                                                ;
;     -- ADDRESS_REG_B                      ; CLOCK1                                           ;
;     -- OUTDATA_REG_B                      ; UNREGISTERED                                     ;
;     -- RAM_BLOCK_TYPE                     ; AUTO                                             ;
;     -- READ_DURING_WRITE_MODE_MIXED_PORTS ; DONT_CARE                                        ;
+-------------------------------------------+--------------------------------------------------+


+-------------------------------+
; Analysis & Synthesis Messages ;
+-------------------------------+
Info: *******************************************************************
Info: Running Quartus II Analysis & Synthesis
    Info: Version 9.1 Build 222 10/21/2009 SJ Web Edition
    Info: Processing started: Thu Apr 30 17:00:43 2026
Info: Command: quartus_map --read_settings_files=on --write_settings_files=off kursach -c kursach
Info: Found 1 design units, including 1 entities, in source file kursach.bdf
    Info: Found entity 1: kursach
Info: Found 1 design units, including 1 entities, in source file arbitr.bdf
    Info: Found entity 1: arbitr
Info: Found 2 design units, including 1 entities, in source file lpm_ram_dq0.vhd
    Info: Found design unit 1: lpm_ram_dq0-SYN
    Info: Found entity 1: lpm_ram_dq0
Info: Found 2 design units, including 1 entities, in source file lpm_rom0.vhd
    Info: Found design unit 1: lpm_rom0-SYN
    Info: Found entity 1: lpm_rom0
Info: Found 2 design units, including 1 entities, in source file lpm_bustri0.vhd
    Info: Found design unit 1: lpm_bustri0-SYN
    Info: Found entity 1: lpm_bustri0
Info: Found 1 design units, including 1 entities, in source file cash.bdf
    Info: Found entity 1: cash
Info: Found 2 design units, including 1 entities, in source file lpm_dff0.vhd
    Info: Found design unit 1: lpm_dff0-SYN
    Info: Found entity 1: lpm_dff0
Info: Found 2 design units, including 1 entities, in source file lpm_decode0.vhd
    Info: Found design unit 1: lpm_decode0-SYN
    Info: Found entity 1: lpm_decode0
Info: Found 2 design units, including 1 entities, in source file lpm_dff1.vhd
    Info: Found design unit 1: lpm_dff1-SYN
    Info: Found entity 1: lpm_dff1
Info: Found 2 design units, including 1 entities, in source file lpm_constant0.vhd
    Info: Found design unit 1: lpm_constant0-SYN
    Info: Found entity 1: lpm_constant0
Info: Found 2 design units, including 1 entities, in source file lpm_bustri1.vhd
    Info: Found design unit 1: lpm_bustri1-SYN
    Info: Found entity 1: lpm_bustri1
Info: Found 2 design units, including 1 entities, in source file lpm_compare0.vhd
    Info: Found design unit 1: lpm_compare0-SYN
    Info: Found entity 1: lpm_compare0
Info: Found 2 design units, including 1 entities, in source file lpm_counter0.vhd
    Info: Found design unit 1: lpm_counter0-SYN
    Info: Found entity 1: lpm_counter0
Info: Found 2 design units, including 1 entities, in source file lpm_counter1.vhd
    Info: Found design unit 1: lpm_counter1-SYN
    Info: Found entity 1: lpm_counter1
Info: Found 2 design units, including 1 entities, in source file lpm_add_sub1.vhd
    Info: Found design unit 1: lpm_add_sub1-SYN
    Info: Found entity 1: lpm_add_sub1
Info: Found 2 design units, including 1 entities, in source file lpm_bustri2.vhd
    Info: Found design unit 1: lpm_bustri2-SYN
    Info: Found entity 1: lpm_bustri2
Info: Found 2 design units, including 1 entities, in source file lpm_bustri3.vhd
    Info: Found design unit 1: lpm_bustri3-SYN
    Info: Found entity 1: lpm_bustri3
Info: Elaborating entity "kursach" for the top level hierarchy
Info: Elaborating entity "cash" for hierarchy "cash:inst8"
Warning: Block or symbol "WIRE" of instance "inst" overlaps another block or symbol
Warning: Block or symbol "WIRE" of instance "inst3" overlaps another block or symbol
Warning: Block or symbol "WIRE" of instance "inst5" overlaps another block or symbol
Warning: Block or symbol "WIRE" of instance "inst7" overlaps another block or symbol
Warning: Block or symbol "WIRE" of instance "inst9" overlaps another block or symbol
Warning: Block or symbol "WIRE" of instance "inst104" overlaps another block or symbol
Warning: Block or symbol "WIRE" of instance "inst106" overlaps another block or symbol
Warning: Block or symbol "WIRE" of instance "inst108" overlaps another block or symbol
Warning: Block or symbol "WIRE" of instance "inst110" overlaps another block or symbol
Warning: Block or symbol "NOT" of instance "inst113" overlaps another block or symbol
Warning: Block or symbol "WIRE" of instance "inst115" overlaps another block or symbol
Warning: Block or symbol "AND2" of instance "inst42" overlaps another block or symbol
Warning: Block or symbol "AND2" of instance "inst44" overlaps another block or symbol
Warning: Block or symbol "AND2" of instance "inst46" overlaps another block or symbol
Warning: Block or symbol "AND2" of instance "inst48" overlaps another block or symbol
Warning: Block or symbol "AND2" of instance "inst52" overlaps another block or symbol
Warning: Block or symbol "AND2" of instance "inst54" overlaps another block or symbol
Warning: Block or symbol "AND2" of instance "inst56" overlaps another block or symbol
Warning: Block or symbol "AND2" of instance "inst58" overlaps another block or symbol
Warning: Block or symbol "NOT" of instance "inst414" overlaps another block or symbol
Warning: Block or symbol "NOT" of instance "inst439" overlaps another block or symbol
Warning: Pin "strobe" is missing source
Warning: Primitive "AND2" of instance "inst44" not used
Warning: Primitive "AND2" of instance "inst45" not used
Warning: Primitive "AND2" of instance "inst46" not used
Warning: Primitive "AND2" of instance "inst47" not used
Warning: Primitive "AND2" of instance "inst48" not used
Warning: Primitive "AND2" of instance "inst49" not used
Warning: Primitive "AND2" of instance "inst52" not used
Warning: Primitive "AND2" of instance "inst53" not used
Warning: Primitive "AND2" of instance "inst54" not used
Warning: Primitive "AND2" of instance "inst55" not used
Warning: Primitive "AND2" of instance "inst56" not used
Warning: Primitive "AND2" of instance "inst57" not used
Warning: Primitive "AND2" of instance "inst58" not used
Warning: Primitive "AND2" of instance "inst59" not used
Info: Elaborating entity "lpm_compare0" for hierarchy "cash:inst8|lpm_compare0:inst36"
Info: Elaborating entity "lpm_compare" for hierarchy "cash:inst8|lpm_compare0:inst36|lpm_compare:lpm_compare_component"
Info: Elaborated megafunction instantiation "cash:inst8|lpm_compare0:inst36|lpm_compare:lpm_compare_component"
Info: Instantiated megafunction "cash:inst8|lpm_compare0:inst36|lpm_compare:lpm_compare_component" with the following parameter:
    Info: Parameter "lpm_representation" = "UNSIGNED"
    Info: Parameter "lpm_type" = "LPM_COMPARE"
    Info: Parameter "lpm_width" = "5"
Info: Found 1 design units, including 1 entities, in source file db/cmpr_cig.tdf
    Info: Found entity 1: cmpr_cig
Info: Elaborating entity "cmpr_cig" for hierarchy "cash:inst8|lpm_compare0:inst36|lpm_compare:lpm_compare_component|cmpr_cig:auto_generated"
Info: Elaborating entity "lpm_bustri1" for hierarchy "cash:inst8|lpm_bustri1:inst90"
Info: Elaborating entity "lpm_bustri" for hierarchy "cash:inst8|lpm_bustri1:inst90|lpm_bustri:lpm_bustri_component"
Info: Elaborated megafunction instantiation "cash:inst8|lpm_bustri1:inst90|lpm_bustri:lpm_bustri_component"
Info: Instantiated megafunction "cash:inst8|lpm_bustri1:inst90|lpm_bustri:lpm_bustri_component" with the following parameter:
    Info: Parameter "lpm_type" = "LPM_BUSTRI"
    Info: Parameter "lpm_width" = "5"
Info: Elaborating entity "lpm_decode0" for hierarchy "cash:inst8|lpm_decode0:inst12"
Info: Elaborating entity "lpm_decode" for hierarchy "cash:inst8|lpm_decode0:inst12|lpm_decode:lpm_decode_component"
Info: Elaborated megafunction instantiation "cash:inst8|lpm_decode0:inst12|lpm_decode:lpm_decode_component"
Info: Instantiated megafunction "cash:inst8|lpm_decode0:inst12|lpm_decode:lpm_decode_component" with the following parameter:
    Info: Parameter "lpm_decodes" = "8"
    Info: Parameter "lpm_type" = "LPM_DECODE"
    Info: Parameter "lpm_width" = "3"
Info: Found 1 design units, including 1 entities, in source file db/decode_5sf.tdf
    Info: Found entity 1: decode_5sf
Info: Elaborating entity "decode_5sf" for hierarchy "cash:inst8|lpm_decode0:inst12|lpm_decode:lpm_decode_component|decode_5sf:auto_generated"
Info: Elaborating entity "lpm_dff1" for hierarchy "cash:inst8|lpm_dff1:inst63"
Info: Elaborating entity "lpm_ff" for hierarchy "cash:inst8|lpm_dff1:inst63|lpm_ff:lpm_ff_component"
Info: Elaborated megafunction instantiation "cash:inst8|lpm_dff1:inst63|lpm_ff:lpm_ff_component"
Info: Instantiated megafunction "cash:inst8|lpm_dff1:inst63|lpm_ff:lpm_ff_component" with the following parameter:
    Info: Parameter "lpm_fftype" = "DFF"
    Info: Parameter "lpm_type" = "LPM_FF"
    Info: Parameter "lpm_width" = "5"
Info: Elaborating entity "lpm_counter0" for hierarchy "cash:inst8|lpm_counter0:inst39"
Info: Elaborating entity "lpm_counter" for hierarchy "cash:inst8|lpm_counter0:inst39|lpm_counter:lpm_counter_component"
Info: Elaborated megafunction instantiation "cash:inst8|lpm_counter0:inst39|lpm_counter:lpm_counter_component"
Info: Instantiated megafunction "cash:inst8|lpm_counter0:inst39|lpm_counter:lpm_counter_component" with the following parameter:
    Info: Parameter "lpm_direction" = "UP"
    Info: Parameter "lpm_modulus" = "9"
    Info: Parameter "lpm_port_updown" = "PORT_UNUSED"
    Info: Parameter "lpm_type" = "LPM_COUNTER"
    Info: Parameter "lpm_width" = "4"
Info: Found 1 design units, including 1 entities, in source file db/cntr_sej.tdf
    Info: Found entity 1: cntr_sej
Info: Elaborating entity "cntr_sej" for hierarchy "cash:inst8|lpm_counter0:inst39|lpm_counter:lpm_counter_component|cntr_sej:auto_generated"
Info: Found 1 design units, including 1 entities, in source file db/cmpr_adc.tdf
    Info: Found entity 1: cmpr_adc
Info: Elaborating entity "cmpr_adc" for hierarchy "cash:inst8|lpm_counter0:inst39|lpm_counter:lpm_counter_component|cntr_sej:auto_generated|cmpr_adc:cmpr2"
Info: Elaborating entity "lpm_constant0" for hierarchy "cash:inst8|lpm_constant0:inst16"
Info: Elaborating entity "lpm_constant" for hierarchy "cash:inst8|lpm_constant0:inst16|lpm_constant:lpm_constant_component"
Info: Elaborated megafunction instantiation "cash:inst8|lpm_constant0:inst16|lpm_constant:lpm_constant_component"
Info: Instantiated megafunction "cash:inst8|lpm_constant0:inst16|lpm_constant:lpm_constant_component" with the following parameter:
    Info: Parameter "lpm_cvalue" = "0"
    Info: Parameter "lpm_hint" = "ENABLE_RUNTIME_MOD=NO"
    Info: Parameter "lpm_type" = "LPM_CONSTANT"
    Info: Parameter "lpm_width" = "5"
Info: Elaborating entity "lpm_bustri0" for hierarchy "cash:inst8|lpm_bustri0:inst296"
Info: Elaborating entity "lpm_bustri" for hierarchy "cash:inst8|lpm_bustri0:inst296|lpm_bustri:lpm_bustri_component"
Info: Elaborated megafunction instantiation "cash:inst8|lpm_bustri0:inst296|lpm_bustri:lpm_bustri_component"
Info: Instantiated megafunction "cash:inst8|lpm_bustri0:inst296|lpm_bustri:lpm_bustri_component" with the following parameter:
    Info: Parameter "lpm_type" = "LPM_BUSTRI"
    Info: Parameter "lpm_width" = "8"
Info: Elaborating entity "lpm_bustri2" for hierarchy "cash:inst8|lpm_bustri2:inst425"
Info: Elaborating entity "lpm_bustri" for hierarchy "cash:inst8|lpm_bustri2:inst425|lpm_bustri:lpm_bustri_component"
Info: Elaborated megafunction instantiation "cash:inst8|lpm_bustri2:inst425|lpm_bustri:lpm_bustri_component"
Info: Instantiated megafunction "cash:inst8|lpm_bustri2:inst425|lpm_bustri:lpm_bustri_component" with the following parameter:
    Info: Parameter "lpm_type" = "LPM_BUSTRI"
    Info: Parameter "lpm_width" = "3"
Info: Elaborating entity "lpm_dff0" for hierarchy "cash:inst8|lpm_dff0:inst11"
Info: Elaborating entity "lpm_ff" for hierarchy "cash:inst8|lpm_dff0:inst11|lpm_ff:lpm_ff_component"
Info: Elaborated megafunction instantiation "cash:inst8|lpm_dff0:inst11|lpm_ff:lpm_ff_component"
Info: Instantiated megafunction "cash:inst8|lpm_dff0:inst11|lpm_ff:lpm_ff_component" with the following parameter:
    Info: Parameter "lpm_fftype" = "DFF"
    Info: Parameter "lpm_type" = "LPM_FF"
    Info: Parameter "lpm_width" = "8"
Info: Elaborating entity "lpm_add_sub1" for hierarchy "cash:inst8|lpm_add_sub1:inst60"
Info: Elaborating entity "lpm_add_sub" for hierarchy "cash:inst8|lpm_add_sub1:inst60|lpm_add_sub:lpm_add_sub_component"
Info: Elaborated megafunction instantiation "cash:inst8|lpm_add_sub1:inst60|lpm_add_sub:lpm_add_sub_component"
Info: Instantiated megafunction "cash:inst8|lpm_add_sub1:inst60|lpm_add_sub:lpm_add_sub_component" with the following parameter:
    Info: Parameter "lpm_direction" = "SUB"
    Info: Parameter "lpm_hint" = "ONE_INPUT_IS_CONSTANT=YES,CIN_USED=NO"
    Info: Parameter "lpm_representation" = "UNSIGNED"
    Info: Parameter "lpm_type" = "LPM_ADD_SUB"
    Info: Parameter "lpm_width" = "3"
Info: Found 1 design units, including 1 entities, in source file db/add_sub_uph.tdf
    Info: Found entity 1: add_sub_uph
Info: Elaborating entity "add_sub_uph" for hierarchy "cash:inst8|lpm_add_sub1:inst60|lpm_add_sub:lpm_add_sub_component|add_sub_uph:auto_generated"
Info: Elaborating entity "lpm_ram_dq0" for hierarchy "lpm_ram_dq0:inst"
Info: Elaborating entity "altsyncram" for hierarchy "lpm_ram_dq0:inst|altsyncram:altsyncram_component"
Info: Elaborated megafunction instantiation "lpm_ram_dq0:inst|altsyncram:altsyncram_component"
Info: Instantiated megafunction "lpm_ram_dq0:inst|altsyncram:altsyncram_component" with the following parameter:
    Info: Parameter "clock_enable_input_a" = "BYPASS"
    Info: Parameter "clock_enable_output_a" = "BYPASS"
    Info: Parameter "init_file" = "D:/alerta/quartus/kursach/ram.hex"
    Info: Parameter "intended_device_family" = "Stratix II"
    Info: Parameter "lpm_hint" = "ENABLE_RUNTIME_MOD=NO"
    Info: Parameter "lpm_type" = "altsyncram"
    Info: Parameter "numwords_a" = "1024"
    Info: Parameter "operation_mode" = "SINGLE_PORT"
    Info: Parameter "outdata_aclr_a" = "NONE"
    Info: Parameter "outdata_reg_a" = "UNREGISTERED"
    Info: Parameter "power_up_uninitialized" = "FALSE"
    Info: Parameter "widthad_a" = "10"
    Info: Parameter "width_a" = "8"
    Info: Parameter "width_byteena_a" = "1"
Info: Found 1 design units, including 1 entities, in source file db/altsyncram_56f1.tdf
    Info: Found entity 1: altsyncram_56f1
Info: Elaborating entity "altsyncram_56f1" for hierarchy "lpm_ram_dq0:inst|altsyncram:altsyncram_component|altsyncram_56f1:auto_generated"
Info: Elaborating entity "arbitr" for hierarchy "arbitr:inst2"
Info: Elaborating entity "lpm_bustri3" for hierarchy "lpm_bustri3:inst3"
Info: Elaborating entity "lpm_bustri" for hierarchy "lpm_bustri3:inst3|lpm_bustri:lpm_bustri_component"
Info: Elaborated megafunction instantiation "lpm_bustri3:inst3|lpm_bustri:lpm_bustri_component"
Info: Instantiated megafunction "lpm_bustri3:inst3|lpm_bustri:lpm_bustri_component" with the following parameter:
    Info: Parameter "lpm_type" = "LPM_BUSTRI"
    Info: Parameter "lpm_width" = "10"
Info: Elaborating entity "lpm_rom0" for hierarchy "lpm_rom0:inst1"
Info: Elaborating entity "altsyncram" for hierarchy "lpm_rom0:inst1|altsyncram:altsyncram_component"
Info: Elaborated megafunction instantiation "lpm_rom0:inst1|altsyncram:altsyncram_component"
Info: Instantiated megafunction "lpm_rom0:inst1|altsyncram:altsyncram_component" with the following parameter:
    Info: Parameter "clock_enable_input_a" = "BYPASS"
    Info: Parameter "clock_enable_output_a" = "BYPASS"
    Info: Parameter "init_file" = "D:/alerta/quartus/kursach/222.mif"
    Info: Parameter "intended_device_family" = "Stratix II"
    Info: Parameter "lpm_type" = "altsyncram"
    Info: Parameter "numwords_a" = "256"
    Info: Parameter "operation_mode" = "ROM"
    Info: Parameter "outdata_aclr_a" = "NONE"
    Info: Parameter "outdata_reg_a" = "CLOCK1"
    Info: Parameter "widthad_a" = "8"
    Info: Parameter "width_a" = "8"
    Info: Parameter "width_byteena_a" = "1"
Info: Found 1 design units, including 1 entities, in source file db/altsyncram_uf71.tdf
    Info: Found entity 1: altsyncram_uf71
Info: Elaborating entity "altsyncram_uf71" for hierarchy "lpm_rom0:inst1|altsyncram:altsyncram_component|altsyncram_uf71:auto_generated"
Warning: Synthesized away the following node(s):
    Warning: Synthesized away the following RAM node(s):
        Warning (14320): Synthesized away node "lpm_rom0:inst1|altsyncram:altsyncram_component|altsyncram_uf71:auto_generated|q_a[0]"
        Warning (14320): Synthesized away node "lpm_rom0:inst1|altsyncram:altsyncram_component|altsyncram_uf71:auto_generated|q_a[1]"
        Warning (14320): Synthesized away node "lpm_rom0:inst1|altsyncram:altsyncram_component|altsyncram_uf71:auto_generated|q_a[2]"
        Warning (14320): Synthesized away node "lpm_rom0:inst1|altsyncram:altsyncram_component|altsyncram_uf71:auto_generated|q_a[3]"
        Warning (14320): Synthesized away node "lpm_rom0:inst1|altsyncram:altsyncram_component|altsyncram_uf71:auto_generated|q_a[4]"
        Warning (14320): Synthesized away node "lpm_rom0:inst1|altsyncram:altsyncram_component|altsyncram_uf71:auto_generated|q_a[5]"
        Warning (14320): Synthesized away node "lpm_rom0:inst1|altsyncram:altsyncram_component|altsyncram_uf71:auto_generated|q_a[6]"
        Warning (14320): Synthesized away node "lpm_rom0:inst1|altsyncram:altsyncram_component|altsyncram_uf71:auto_generated|q_a[7]"
Warning: Tri-state node(s) do not directly drive top-level pin(s)
    Warning: Converted tri-state node "gdfx_temp1[9]" into a selector
    Warning: Converted tri-state node "gdfx_temp1[8]" into a selector
    Warning: Converted tri-state node "gdfx_temp1[7]" into a selector
    Warning: Converted tri-state node "gdfx_temp1[6]" into a selector
    Warning: Converted tri-state node "gdfx_temp1[5]" into a selector
    Warning: Converted tri-state node "gdfx_temp1[4]" into a selector
    Warning: Converted tri-state node "gdfx_temp1[3]" into a selector
    Warning: Converted tri-state node "gdfx_temp1[2]" into a selector
    Warning: Converted tri-state node "gdfx_temp1[1]" into a selector
    Warning: Converted tri-state node "gdfx_temp1[0]" into a selector
    Warning: Converted tri-state node "cash:inst8|gdfx_temp0[4]" into a selector
    Warning: Converted tri-state node "cash:inst8|gdfx_temp0[3]" into a selector
    Warning: Converted tri-state node "cash:inst8|gdfx_temp0[2]" into a selector
    Warning: Converted tri-state node "cash:inst8|gdfx_temp0[1]" into a selector
    Warning: Converted tri-state node "cash:inst8|gdfx_temp0[0]" into a selector
    Warning: Converted tri-state node "cash:inst8|gdfx_temp3[4]" into a selector
    Warning: Converted tri-state node "cash:inst8|gdfx_temp3[3]" into a selector
    Warning: Converted tri-state node "cash:inst8|gdfx_temp3[2]" into a selector
    Warning: Converted tri-state node "cash:inst8|gdfx_temp3[1]" into a selector
    Warning: Converted tri-state node "cash:inst8|gdfx_temp3[0]" into a selector
    Warning: Converted tri-state node "cash:inst8|gdfx_temp2[2]" into a selector
    Warning: Converted tri-state node "cash:inst8|gdfx_temp2[1]" into a selector
    Warning: Converted tri-state node "cash:inst8|gdfx_temp2[0]" into a selector
    Warning: Converted tri-state node "cash:inst8|gdfx_temp1[2]" into a selector
    Warning: Converted tri-state node "cash:inst8|gdfx_temp1[1]" into a selector
    Warning: Converted tri-state node "cash:inst8|gdfx_temp1[0]" into a selector
    Warning: Converted tri-state node "cash:inst8|gdfx_temp5[2]" into a selector
    Warning: Converted tri-state node "cash:inst8|gdfx_temp5[1]" into a selector
    Warning: Converted tri-state node "cash:inst8|gdfx_temp5[0]" into a selector
    Warning: Converted tri-state node "cash:inst8|gdfx_temp4[2]" into a selector
    Warning: Converted tri-state node "cash:inst8|gdfx_temp4[1]" into a selector
    Warning: Converted tri-state node "cash:inst8|gdfx_temp4[0]" into a selector
    Warning: Converted tri-state node feeding "cash:inst8|lpm_compare0:inst19|lpm_compare:lpm_compare_component|cmpr_cig:auto_generated|data_wire[2]" into a selector
    Warning: Converted tri-state node feeding "cash:inst8|lpm_compare0:inst19|lpm_compare:lpm_compare_component|cmpr_cig:auto_generated|data_wire[1]" into a selector
    Warning: Converted tri-state node feeding "cash:inst8|lpm_compare0:inst19|lpm_compare:lpm_compare_component|cmpr_cig:auto_generated|data_wire[1]" into a selector
    Warning: Converted tri-state node feeding "cash:inst8|lpm_compare0:inst19|lpm_compare:lpm_compare_component|cmpr_cig:auto_generated|data_wire[0]" into a selector
    Warning: Converted tri-state node feeding "cash:inst8|lpm_compare0:inst19|lpm_compare:lpm_compare_component|cmpr_cig:auto_generated|data_wire[0]" into a selector
    Warning: Converted tri-state node feeding "cash:inst8|lpm_compare0:inst36|lpm_compare:lpm_compare_component|cmpr_cig:auto_generated|data_wire[2]" into a selector
    Warning: Converted tri-state node feeding "cash:inst8|lpm_compare0:inst36|lpm_compare:lpm_compare_component|cmpr_cig:auto_generated|data_wire[1]" into a selector
    Warning: Converted tri-state node feeding "cash:inst8|lpm_compare0:inst36|lpm_compare:lpm_compare_component|cmpr_cig:auto_generated|data_wire[1]" into a selector
    Warning: Converted tri-state node feeding "cash:inst8|lpm_compare0:inst36|lpm_compare:lpm_compare_component|cmpr_cig:auto_generated|data_wire[0]" into a selector
    Warning: Converted tri-state node feeding "cash:inst8|lpm_compare0:inst36|lpm_compare:lpm_compare_component|cmpr_cig:auto_generated|data_wire[0]" into a selector
Warning: Tri-state node(s) do not directly drive top-level pin(s)
    Warning: Converted the fan-out from the tri-state buffer "lpm_bustri0:inst5|lpm_bustri:lpm_bustri_component|dout[7]" to the node "lpm_ram_dq0:inst|altsyncram:altsyncram_component|altsyncram_56f1:auto_generated|q_a[7]" into an OR gate
    Warning: Converted the fan-out from the tri-state buffer "lpm_bustri0:inst5|lpm_bustri:lpm_bustri_component|dout[6]" to the node "lpm_ram_dq0:inst|altsyncram:altsyncram_component|altsyncram_56f1:auto_generated|q_a[6]" into an OR gate
    Warning: Converted the fan-out from the tri-state buffer "lpm_bustri0:inst5|lpm_bustri:lpm_bustri_component|dout[5]" to the node "lpm_ram_dq0:inst|altsyncram:altsyncram_component|altsyncram_56f1:auto_generated|q_a[5]" into an OR gate
    Warning: Converted the fan-out from the tri-state buffer "lpm_bustri0:inst5|lpm_bustri:lpm_bustri_component|dout[4]" to the node "lpm_ram_dq0:inst|altsyncram:altsyncram_component|altsyncram_56f1:auto_generated|q_a[4]" into an OR gate
    Warning: Converted the fan-out from the tri-state buffer "lpm_bustri0:inst5|lpm_bustri:lpm_bustri_component|dout[3]" to the node "lpm_ram_dq0:inst|altsyncram:altsyncram_component|altsyncram_56f1:auto_generated|q_a[3]" into an OR gate
    Warning: Converted the fan-out from the tri-state buffer "lpm_bustri0:inst5|lpm_bustri:lpm_bustri_component|dout[2]" to the node "lpm_ram_dq0:inst|altsyncram:altsyncram_component|altsyncram_56f1:auto_generated|q_a[2]" into an OR gate
    Warning: Converted the fan-out from the tri-state buffer "lpm_bustri0:inst5|lpm_bustri:lpm_bustri_component|dout[1]" to the node "lpm_ram_dq0:inst|altsyncram:altsyncram_component|altsyncram_56f1:auto_generated|q_a[1]" into an OR gate
    Warning: Converted the fan-out from the tri-state buffer "lpm_bustri0:inst5|lpm_bustri:lpm_bustri_component|dout[0]" to the node "lpm_ram_dq0:inst|altsyncram:altsyncram_component|altsyncram_56f1:auto_generated|q_a[0]" into an OR gate
    Warning: Converted the fan-out from the tri-state buffer "cash:inst8|lpm_bustri0:inst27|lpm_bustri:lpm_bustri_component|dout[7]" to the node "cash:inst8|lpm_bustri0:inst417|lpm_bustri:lpm_bustri_component|dout[7]" into an OR gate
    Warning: Converted the fan-out from the tri-state buffer "cash:inst8|lpm_bustri0:inst27|lpm_bustri:lpm_bustri_component|dout[6]" to the node "cash:inst8|lpm_bustri0:inst417|lpm_bustri:lpm_bustri_component|dout[6]" into an OR gate
    Warning: Converted the fan-out from the tri-state buffer "cash:inst8|lpm_bustri0:inst27|lpm_bustri:lpm_bustri_component|dout[5]" to the node "cash:inst8|lpm_bustri0:inst417|lpm_bustri:lpm_bustri_component|dout[5]" into an OR gate
    Warning: Converted the fan-out from the tri-state buffer "cash:inst8|lpm_bustri0:inst27|lpm_bustri:lpm_bustri_component|dout[4]" to the node "cash:inst8|lpm_bustri0:inst417|lpm_bustri:lpm_bustri_component|dout[4]" into an OR gate
    Warning: Converted the fan-out from the tri-state buffer "cash:inst8|lpm_bustri0:inst27|lpm_bustri:lpm_bustri_component|dout[3]" to the node "cash:inst8|lpm_bustri0:inst417|lpm_bustri:lpm_bustri_component|dout[3]" into an OR gate
    Warning: Converted the fan-out from the tri-state buffer "cash:inst8|lpm_bustri0:inst27|lpm_bustri:lpm_bustri_component|dout[2]" to the node "cash:inst8|lpm_bustri0:inst417|lpm_bustri:lpm_bustri_component|dout[2]" into an OR gate
    Warning: Converted the fan-out from the tri-state buffer "cash:inst8|lpm_bustri0:inst27|lpm_bustri:lpm_bustri_component|dout[1]" to the node "cash:inst8|lpm_bustri0:inst417|lpm_bustri:lpm_bustri_component|dout[1]" into an OR gate
    Warning: Converted the fan-out from the tri-state buffer "cash:inst8|lpm_bustri0:inst27|lpm_bustri:lpm_bustri_component|dout[0]" to the node "cash:inst8|lpm_bustri0:inst417|lpm_bustri:lpm_bustri_component|dout[0]" into an OR gate
    Warning: Converted the fan-out from the tri-state buffer "cash:inst8|lpm_bustri0:inst296|lpm_bustri:lpm_bustri_component|dout[7]" to the node "cash:inst8|lpm_dff0:inst11|lpm_ff:lpm_ff_component|dffs[7]" into an OR gate
    Warning: Converted the fan-out from the tri-state buffer "cash:inst8|lpm_bustri0:inst296|lpm_bustri:lpm_bustri_component|dout[6]" to the node "cash:inst8|lpm_dff0:inst11|lpm_ff:lpm_ff_component|dffs[6]" into an OR gate
    Warning: Converted the fan-out from the tri-state buffer "cash:inst8|lpm_bustri0:inst296|lpm_bustri:lpm_bustri_component|dout[5]" to the node "cash:inst8|lpm_dff0:inst11|lpm_ff:lpm_ff_component|dffs[5]" into an OR gate
    Warning: Converted the fan-out from the tri-state buffer "cash:inst8|lpm_bustri0:inst296|lpm_bustri:lpm_bustri_component|dout[4]" to the node "cash:inst8|lpm_dff0:inst11|lpm_ff:lpm_ff_component|dffs[4]" into an OR gate
    Warning: Converted the fan-out from the tri-state buffer "cash:inst8|lpm_bustri0:inst296|lpm_bustri:lpm_bustri_component|dout[3]" to the node "cash:inst8|lpm_dff0:inst11|lpm_ff:lpm_ff_component|dffs[3]" into an OR gate
    Warning: Converted the fan-out from the tri-state buffer "cash:inst8|lpm_bustri0:inst296|lpm_bustri:lpm_bustri_component|dout[2]" to the node "cash:inst8|lpm_dff0:inst11|lpm_ff:lpm_ff_component|dffs[2]" into an OR gate
    Warning: Converted the fan-out from the tri-state buffer "cash:inst8|lpm_bustri0:inst296|lpm_bustri:lpm_bustri_component|dout[1]" to the node "cash:inst8|lpm_dff0:inst11|lpm_ff:lpm_ff_component|dffs[1]" into an OR gate
    Warning: Converted the fan-out from the tri-state buffer "cash:inst8|lpm_bustri0:inst296|lpm_bustri:lpm_bustri_component|dout[0]" to the node "cash:inst8|lpm_dff0:inst11|lpm_ff:lpm_ff_component|dffs[0]" into an OR gate
Warning: TRI or OPNDRN buffers permanently enabled
    Warning: Node "cash:inst8|lpm_bustri0:inst296|lpm_bustri:lpm_bustri_component|dout[7]~synth"
    Warning: Node "cash:inst8|lpm_bustri0:inst296|lpm_bustri:lpm_bustri_component|dout[6]~synth"
    Warning: Node "cash:inst8|lpm_bustri0:inst296|lpm_bustri:lpm_bustri_component|dout[5]~synth"
    Warning: Node "cash:inst8|lpm_bustri0:inst296|lpm_bustri:lpm_bustri_component|dout[4]~synth"
    Warning: Node "cash:inst8|lpm_bustri0:inst296|lpm_bustri:lpm_bustri_component|dout[3]~synth"
    Warning: Node "cash:inst8|lpm_bustri0:inst296|lpm_bustri:lpm_bustri_component|dout[2]~synth"
    Warning: Node "cash:inst8|lpm_bustri0:inst296|lpm_bustri:lpm_bustri_component|dout[1]~synth"
    Warning: Node "cash:inst8|lpm_bustri0:inst296|lpm_bustri:lpm_bustri_component|dout[0]~synth"
Info: Implemented 553 device resources after synthesis - the final resource count might be different
    Info: Implemented 40 input pins
    Info: Implemented 168 output pins
    Info: Implemented 337 logic cells
    Info: Implemented 8 RAM segments
Info: Quartus II Analysis & Synthesis was successful. 0 errors, 123 warnings
    Info: Peak virtual memory: 267 megabytes
    Info: Processing ended: Thu Apr 30 17:00:45 2026
    Info: Elapsed time: 00:00:02
    Info: Total CPU time (on all processors): 00:00:03


