Fitter report for kursach
Thu Apr 30 17:00:48 2026
Quartus II Version 9.1 Build 222 10/21/2009 SJ Web Edition


---------------------
; Table of Contents ;
---------------------
  1. Legal Notice
  2. Fitter Summary
  3. Fitter Settings
  4. Parallel Compilation
  5. I/O Assignment Warnings
  6. Incremental Compilation Preservation Summary
  7. Incremental Compilation Partition Settings
  8. Incremental Compilation Placement Preservation
  9. Pin-Out File
 10. Fitter Resource Usage Summary
 11. Input Pins
 12. Output Pins
 13. I/O Bank Usage
 14. All Package Pins
 15. Output Pin Default Load For Reported TCO
 16. Fitter Resource Utilization by Entity
 17. Delay Chain Summary
 18. Pad To Core Delay Chain Fanout
 19. Control Signals
 20. Global & Other Fast Signals
 21. Non-Global High Fan-Out Signals
 22. Fitter RAM Summary
 23. Interconnect Usage Summary
 24. LAB Logic Elements
 25. LAB-wide Signals
 26. LAB Signals Sourced
 27. LAB Signals Sourced Out
 28. LAB Distinct Inputs
 29. I/O Rules Summary
 30. I/O Rules Details
 31. I/O Rules Matrix
 32. Fitter Device Options
 33. Operating Settings and Conditions
 34. Estimated Delay Added for Hold Timing
 35. Fitter Messages



----------------
; Legal Notice ;
----------------
Copyright (C) 1991-2009 Altera Corporation
Your use of Altera Corporation's design tools, logic functions 
and other software and tools, and its AMPP partner logic 
functions, and any output files from any of the foregoing 
(including device programming or simulation files), and any 
associated documentation or information are expressly subject 
to the terms and conditions of the Altera Program License 
Subscription Agreement, Altera MegaCore Function License 
Agreement, or other applicable license agreement, including, 
without limitation, that your use is for the sole purpose of 
programming logic devices manufactured by Altera and sold by 
Altera or its authorized distributors.  Please refer to the 
applicable agreement for further details.



+-------------------------------------------------------------------------+
; Fitter Summary                                                          ;
+-------------------------------+-----------------------------------------+
; Fitter Status                 ; Successful - Thu Apr 30 17:00:48 2026   ;
; Quartus II Version            ; 9.1 Build 222 10/21/2009 SJ Web Edition ;
; Revision Name                 ; kursach                                 ;
; Top-level Entity Name         ; kursach                                 ;
; Family                        ; Stratix II                              ;
; Device                        ; EP2S15F484C3                            ;
; Timing Models                 ; Final                                   ;
; Logic utilization             ; 2 %                                     ;
;     Combinational ALUTs       ; 198 / 12,480 ( 2 % )                    ;
;     Dedicated logic registers ; 146 / 12,480 ( 1 % )                    ;
; Total registers               ; 146                                     ;
; Total pins                    ; 208 / 343 ( 61 % )                      ;
; Total virtual pins            ; 0                                       ;
; Total block memory bits       ; 8,192 / 419,328 ( 2 % )                 ;
; DSP block 9-bit elements      ; 0 / 96 ( 0 % )                          ;
; Total PLLs                    ; 0 / 6 ( 0 % )                           ;
; Total DLLs                    ; 0 / 2 ( 0 % )                           ;
+-------------------------------+-----------------------------------------+


+----------------------------------------------------------------------------------------------------------------------------------------------+
; Fitter Settings                                                                                                                              ;
+----------------------------------------------------------------------------+--------------------------------+--------------------------------+
; Option                                                                     ; Setting                        ; Default Value                  ;
+----------------------------------------------------------------------------+--------------------------------+--------------------------------+
; Device                                                                     ; AUTO                           ;                                ;
; Fit Attempts to Skip                                                       ; 0                              ; 0.0                            ;
; Use smart compilation                                                      ; Off                            ; Off                            ;
; Enable parallel Assembler and TimeQuest Timing Analyzer during compilation ; On                             ; On                             ;
; Enable compact report table                                                ; Off                            ; Off                            ;
; Use TimeQuest Timing Analyzer                                              ; Off                            ; Off                            ;
; Router Timing Optimization Level                                           ; Normal                         ; Normal                         ;
; Placement Effort Multiplier                                                ; 1.0                            ; 1.0                            ;
; Router Effort Multiplier                                                   ; 1.0                            ; 1.0                            ;
; Always Enable Input Buffers                                                ; Off                            ; Off                            ;
; Optimize Hold Timing                                                       ; IO Paths and Minimum TPD Paths ; IO Paths and Minimum TPD Paths ;
; Optimize Multi-Corner Timing                                               ; Off                            ; Off                            ;
; PowerPlay Power Optimization                                               ; Normal compilation             ; Normal compilation             ;
; Optimize Timing                                                            ; Normal compilation             ; Normal compilation             ;
; Optimize Timing for ECOs                                                   ; Off                            ; Off                            ;
; Regenerate full fit report during ECO compiles                             ; Off                            ; Off                            ;
; Optimize IOC Register Placement for Timing                                 ; On                             ; On                             ;
; Limit to One Fitting Attempt                                               ; Off                            ; Off                            ;
; Final Placement Optimizations                                              ; Automatically                  ; Automatically                  ;
; Fitter Aggressive Routability Optimizations                                ; Automatically                  ; Automatically                  ;
; Fitter Initial Placement Seed                                              ; 1                              ; 1                              ;
; PCI I/O                                                                    ; Off                            ; Off                            ;
; Weak Pull-Up Resistor                                                      ; Off                            ; Off                            ;
; Enable Bus-Hold Circuitry                                                  ; Off                            ; Off                            ;
; Auto Global Memory Control Signals                                         ; Off                            ; Off                            ;
; Auto Packed Registers                                                      ; Auto                           ; Auto                           ;
; Auto Delay Chains                                                          ; On                             ; On                             ;
; Auto Merge PLLs                                                            ; On                             ; On                             ;
; Perform Physical Synthesis for Combinational Logic for Fitting             ; Off                            ; Off                            ;
; Perform Physical Synthesis for Combinational Logic for Performance         ; Off                            ; Off                            ;
; Perform Register Duplication for Performance                               ; Off                            ; Off                            ;
; Perform Logic to Memory Mapping for Fitting                                ; Off                            ; Off                            ;
; Perform Register Retiming for Performance                                  ; Off                            ; Off                            ;
; Perform Asynchronous Signal Pipelining                                     ; Off                            ; Off                            ;
; Fitter Effort                                                              ; Auto Fit                       ; Auto Fit                       ;
; Physical Synthesis Effort Level                                            ; Normal                         ; Normal                         ;
; Logic Cell Insertion - Logic Duplication                                   ; Auto                           ; Auto                           ;
; Auto Register Duplication                                                  ; Auto                           ; Auto                           ;
; Auto Global Clock                                                          ; On                             ; On                             ;
; Auto Global Register Control Signals                                       ; On                             ; On                             ;
; Stop After Congestion Map Generation                                       ; Off                            ; Off                            ;
; Save Intermediate Fitting Results                                          ; Off                            ; Off                            ;
; Force Fitter to Avoid Periphery Placement Warnings                         ; Off                            ; Off                            ;
; Use Best Effort Settings for Compilation                                   ; Off                            ; Off                            ;
+----------------------------------------------------------------------------+--------------------------------+--------------------------------+


Parallel compilation was disabled, but you have multiple processors available. Enable parallel compilation to reduce compilation time.
+-------------------------------------+
; Parallel Compilation                ;
+----------------------------+--------+
; Processors                 ; Number ;
+----------------------------+--------+
; Number detected on machine ; 12     ;
; Maximum allowed            ; 1      ;
+----------------------------+--------+


+------------------------------------------------+
; I/O Assignment Warnings                        ;
+----------------+-------------------------------+
; Pin Name       ; Reason                        ;
+----------------+-------------------------------+
; data_o[7]      ; Incomplete set of assignments ;
; data_o[6]      ; Incomplete set of assignments ;
; data_o[5]      ; Incomplete set of assignments ;
; data_o[4]      ; Incomplete set of assignments ;
; data_o[3]      ; Incomplete set of assignments ;
; data_o[2]      ; Incomplete set of assignments ;
; data_o[1]      ; Incomplete set of assignments ;
; data_o[0]      ; Incomplete set of assignments ;
; data[7]        ; Incomplete set of assignments ;
; data[6]        ; Incomplete set of assignments ;
; data[5]        ; Incomplete set of assignments ;
; data[4]        ; Incomplete set of assignments ;
; data[3]        ; Incomplete set of assignments ;
; data[2]        ; Incomplete set of assignments ;
; data[1]        ; Incomplete set of assignments ;
; data[0]        ; Incomplete set of assignments ;
; cout0          ; Incomplete set of assignments ;
; address_o[9]   ; Incomplete set of assignments ;
; address_o[8]   ; Incomplete set of assignments ;
; address_o[7]   ; Incomplete set of assignments ;
; address_o[6]   ; Incomplete set of assignments ;
; address_o[5]   ; Incomplete set of assignments ;
; address_o[4]   ; Incomplete set of assignments ;
; address_o[3]   ; Incomplete set of assignments ;
; address_o[2]   ; Incomplete set of assignments ;
; address_o[1]   ; Incomplete set of assignments ;
; address_o[0]   ; Incomplete set of assignments ;
; t0             ; Incomplete set of assignments ;
; hit            ; Incomplete set of assignments ;
; t01            ; Incomplete set of assignments ;
; ad[9]          ; Incomplete set of assignments ;
; ad[8]          ; Incomplete set of assignments ;
; ad[7]          ; Incomplete set of assignments ;
; ad[6]          ; Incomplete set of assignments ;
; ad[5]          ; Incomplete set of assignments ;
; ad[4]          ; Incomplete set of assignments ;
; ad[3]          ; Incomplete set of assignments ;
; ad[2]          ; Incomplete set of assignments ;
; ad[1]          ; Incomplete set of assignments ;
; ad[0]          ; Incomplete set of assignments ;
; dff0[7]        ; Incomplete set of assignments ;
; dff0[6]        ; Incomplete set of assignments ;
; dff0[5]        ; Incomplete set of assignments ;
; dff0[4]        ; Incomplete set of assignments ;
; dff0[3]        ; Incomplete set of assignments ;
; dff0[2]        ; Incomplete set of assignments ;
; dff0[1]        ; Incomplete set of assignments ;
; dff0[0]        ; Incomplete set of assignments ;
; dff1[7]        ; Incomplete set of assignments ;
; dff1[6]        ; Incomplete set of assignments ;
; dff1[5]        ; Incomplete set of assignments ;
; dff1[4]        ; Incomplete set of assignments ;
; dff1[3]        ; Incomplete set of assignments ;
; dff1[2]        ; Incomplete set of assignments ;
; dff1[1]        ; Incomplete set of assignments ;
; dff1[0]        ; Incomplete set of assignments ;
; dff10[7]       ; Incomplete set of assignments ;
; dff10[6]       ; Incomplete set of assignments ;
; dff10[5]       ; Incomplete set of assignments ;
; dff10[4]       ; Incomplete set of assignments ;
; dff10[3]       ; Incomplete set of assignments ;
; dff10[2]       ; Incomplete set of assignments ;
; dff10[1]       ; Incomplete set of assignments ;
; dff10[0]       ; Incomplete set of assignments ;
; dff11[7]       ; Incomplete set of assignments ;
; dff11[6]       ; Incomplete set of assignments ;
; dff11[5]       ; Incomplete set of assignments ;
; dff11[4]       ; Incomplete set of assignments ;
; dff11[3]       ; Incomplete set of assignments ;
; dff11[2]       ; Incomplete set of assignments ;
; dff11[1]       ; Incomplete set of assignments ;
; dff11[0]       ; Incomplete set of assignments ;
; dff12[7]       ; Incomplete set of assignments ;
; dff12[6]       ; Incomplete set of assignments ;
; dff12[5]       ; Incomplete set of assignments ;
; dff12[4]       ; Incomplete set of assignments ;
; dff12[3]       ; Incomplete set of assignments ;
; dff12[2]       ; Incomplete set of assignments ;
; dff12[1]       ; Incomplete set of assignments ;
; dff12[0]       ; Incomplete set of assignments ;
; dff13[7]       ; Incomplete set of assignments ;
; dff13[6]       ; Incomplete set of assignments ;
; dff13[5]       ; Incomplete set of assignments ;
; dff13[4]       ; Incomplete set of assignments ;
; dff13[3]       ; Incomplete set of assignments ;
; dff13[2]       ; Incomplete set of assignments ;
; dff13[1]       ; Incomplete set of assignments ;
; dff13[0]       ; Incomplete set of assignments ;
; dff14[7]       ; Incomplete set of assignments ;
; dff14[6]       ; Incomplete set of assignments ;
; dff14[5]       ; Incomplete set of assignments ;
; dff14[4]       ; Incomplete set of assignments ;
; dff14[3]       ; Incomplete set of assignments ;
; dff14[2]       ; Incomplete set of assignments ;
; dff14[1]       ; Incomplete set of assignments ;
; dff14[0]       ; Incomplete set of assignments ;
; dff15[7]       ; Incomplete set of assignments ;
; dff15[6]       ; Incomplete set of assignments ;
; dff15[5]       ; Incomplete set of assignments ;
; dff15[4]       ; Incomplete set of assignments ;
; dff15[3]       ; Incomplete set of assignments ;
; dff15[2]       ; Incomplete set of assignments ;
; dff15[1]       ; Incomplete set of assignments ;
; dff15[0]       ; Incomplete set of assignments ;
; dff2[7]        ; Incomplete set of assignments ;
; dff2[6]        ; Incomplete set of assignments ;
; dff2[5]        ; Incomplete set of assignments ;
; dff2[4]        ; Incomplete set of assignments ;
; dff2[3]        ; Incomplete set of assignments ;
; dff2[2]        ; Incomplete set of assignments ;
; dff2[1]        ; Incomplete set of assignments ;
; dff2[0]        ; Incomplete set of assignments ;
; dff3[7]        ; Incomplete set of assignments ;
; dff3[6]        ; Incomplete set of assignments ;
; dff3[5]        ; Incomplete set of assignments ;
; dff3[4]        ; Incomplete set of assignments ;
; dff3[3]        ; Incomplete set of assignments ;
; dff3[2]        ; Incomplete set of assignments ;
; dff3[1]        ; Incomplete set of assignments ;
; dff3[0]        ; Incomplete set of assignments ;
; dff4[7]        ; Incomplete set of assignments ;
; dff4[6]        ; Incomplete set of assignments ;
; dff4[5]        ; Incomplete set of assignments ;
; dff4[4]        ; Incomplete set of assignments ;
; dff4[3]        ; Incomplete set of assignments ;
; dff4[2]        ; Incomplete set of assignments ;
; dff4[1]        ; Incomplete set of assignments ;
; dff4[0]        ; Incomplete set of assignments ;
; dff5[7]        ; Incomplete set of assignments ;
; dff5[6]        ; Incomplete set of assignments ;
; dff5[5]        ; Incomplete set of assignments ;
; dff5[4]        ; Incomplete set of assignments ;
; dff5[3]        ; Incomplete set of assignments ;
; dff5[2]        ; Incomplete set of assignments ;
; dff5[1]        ; Incomplete set of assignments ;
; dff5[0]        ; Incomplete set of assignments ;
; dff6[7]        ; Incomplete set of assignments ;
; dff6[6]        ; Incomplete set of assignments ;
; dff6[5]        ; Incomplete set of assignments ;
; dff6[4]        ; Incomplete set of assignments ;
; dff6[3]        ; Incomplete set of assignments ;
; dff6[2]        ; Incomplete set of assignments ;
; dff6[1]        ; Incomplete set of assignments ;
; dff6[0]        ; Incomplete set of assignments ;
; dff7[7]        ; Incomplete set of assignments ;
; dff7[6]        ; Incomplete set of assignments ;
; dff7[5]        ; Incomplete set of assignments ;
; dff7[4]        ; Incomplete set of assignments ;
; dff7[3]        ; Incomplete set of assignments ;
; dff7[2]        ; Incomplete set of assignments ;
; dff7[1]        ; Incomplete set of assignments ;
; dff7[0]        ; Incomplete set of assignments ;
; dff8[7]        ; Incomplete set of assignments ;
; dff8[6]        ; Incomplete set of assignments ;
; dff8[5]        ; Incomplete set of assignments ;
; dff8[4]        ; Incomplete set of assignments ;
; dff8[3]        ; Incomplete set of assignments ;
; dff8[2]        ; Incomplete set of assignments ;
; dff8[1]        ; Incomplete set of assignments ;
; dff8[0]        ; Incomplete set of assignments ;
; dff9[7]        ; Incomplete set of assignments ;
; dff9[6]        ; Incomplete set of assignments ;
; dff9[5]        ; Incomplete set of assignments ;
; dff9[4]        ; Incomplete set of assignments ;
; dff9[3]        ; Incomplete set of assignments ;
; dff9[2]        ; Incomplete set of assignments ;
; dff9[1]        ; Incomplete set of assignments ;
; dff9[0]        ; Incomplete set of assignments ;
; address[9]     ; Incomplete set of assignments ;
; address[8]     ; Incomplete set of assignments ;
; address[7]     ; Incomplete set of assignments ;
; address[6]     ; Incomplete set of assignments ;
; address[5]     ; Incomplete set of assignments ;
; address[4]     ; Incomplete set of assignments ;
; address[3]     ; Incomplete set of assignments ;
; clk            ; Incomplete set of assignments ;
; address[1]     ; Incomplete set of assignments ;
; address[0]     ; Incomplete set of assignments ;
; address[2]     ; Incomplete set of assignments ;
; write[7]       ; Incomplete set of assignments ;
; write[6]       ; Incomplete set of assignments ;
; write[5]       ; Incomplete set of assignments ;
; write[4]       ; Incomplete set of assignments ;
; write[3]       ; Incomplete set of assignments ;
; write[2]       ; Incomplete set of assignments ;
; write[1]       ; Incomplete set of assignments ;
; write[0]       ; Incomplete set of assignments ;
; write-read     ; Incomplete set of assignments ;
; read_write_per ; Incomplete set of assignments ;
; per_strob      ; Incomplete set of assignments ;
; per_data[7]    ; Incomplete set of assignments ;
; per_address[0] ; Incomplete set of assignments ;
; per_address[1] ; Incomplete set of assignments ;
; per_address[2] ; Incomplete set of assignments ;
; per_address[3] ; Incomplete set of assignments ;
; per_address[4] ; Incomplete set of assignments ;
; per_address[5] ; Incomplete set of assignments ;
; per_address[6] ; Incomplete set of assignments ;
; per_address[7] ; Incomplete set of assignments ;
; per_address[8] ; Incomplete set of assignments ;
; per_address[9] ; Incomplete set of assignments ;
; per_data[6]    ; Incomplete set of assignments ;
; per_data[5]    ; Incomplete set of assignments ;
; per_data[4]    ; Incomplete set of assignments ;
; per_data[3]    ; Incomplete set of assignments ;
; per_data[2]    ; Incomplete set of assignments ;
; per_data[1]    ; Incomplete set of assignments ;
; per_data[0]    ; Incomplete set of assignments ;
+----------------+-------------------------------+


+----------------------------------------------+
; Incremental Compilation Preservation Summary ;
+-------------------------+--------------------+
; Type                    ; Value              ;
+-------------------------+--------------------+
; Placement               ;                    ;
;     -- Requested        ; 0 / 564 ( 0.00 % ) ;
;     -- Achieved         ; 0 / 564 ( 0.00 % ) ;
;                         ;                    ;
; Routing (by Connection) ;                    ;
;     -- Requested        ; 0 / 0 ( 0.00 % )   ;
;     -- Achieved         ; 0 / 0 ( 0.00 % )   ;
+-------------------------+--------------------+


+--------------------------------------------------------------------------------------------------------------------------------------------------+
; Incremental Compilation Partition Settings                                                                                                       ;
+----------------+----------------+-------------------+-------------------------+------------------------+------------------------------+----------+
; Partition Name ; Partition Type ; Netlist Type Used ; Preservation Level Used ; Netlist Type Requested ; Preservation Level Requested ; Contents ;
+----------------+----------------+-------------------+-------------------------+------------------------+------------------------------+----------+
; Top            ; User-created   ; Source File       ; N/A                     ; Source File            ; N/A                          ;          ;
+----------------+----------------+-------------------+-------------------------+------------------------+------------------------------+----------+


+--------------------------------------------------------------------------------------------+
; Incremental Compilation Placement Preservation                                             ;
+----------------+---------+-------------------+-------------------------+-------------------+
; Partition Name ; # Nodes ; # Preserved Nodes ; Preservation Level Used ; Netlist Type Used ;
+----------------+---------+-------------------+-------------------------+-------------------+
; Top            ; 564     ; 0                 ; N/A                     ; Source File       ;
+----------------+---------+-------------------+-------------------------+-------------------+


+--------------+
; Pin-Out File ;
+--------------+
The pin-out file can be found in d:/alerta/quartus/kursach/kursach.pin.


+------------------------------------------------------------------------------------------------------------------------------------------------------------------------------------------+
; Fitter Resource Usage Summary                                                                                                                                                            ;
+-----------------------------------------------------------------------------------+------------------------------------------------------------------------------------------------------+
; Resource                                                                          ; Usage                                                                                                ;
+-----------------------------------------------------------------------------------+------------------------------------------------------------------------------------------------------+
; Combinational ALUTs                                                               ; 198 / 12,480 ( 2 % )                                                                                 ;
; Dedicated logic registers                                                         ; 146 / 12,480 ( 1 % )                                                                                 ;
;                                                                                   ;                                                                                                      ;
; Combinational ALUT usage by number of inputs                                      ;                                                                                                      ;
;     -- 7 input functions                                                          ; 8                                                                                                    ;
;     -- 6 input functions                                                          ; 118                                                                                                  ;
;     -- 5 input functions                                                          ; 14                                                                                                   ;
;     -- 4 input functions                                                          ; 14                                                                                                   ;
;     -- <=3 input functions                                                        ; 44                                                                                                   ;
;                                                                                   ;                                                                                                      ;
; Combinational ALUTs by mode                                                       ;                                                                                                      ;
;     -- normal mode                                                                ; 185                                                                                                  ;
;     -- extended LUT mode                                                          ; 8                                                                                                    ;
;     -- arithmetic mode                                                            ; 5                                                                                                    ;
;     -- shared arithmetic mode                                                     ; 0                                                                                                    ;
;                                                                                   ;                                                                                                      ;
; Logic utilization                                                                 ; 276 / 12,480 ( 2 % )                                                                                 ;
;     -- Difficulty Clustering Design                                               ; Low                                                                                                  ;
;     -- Combinational ALUT/register pairs used in final Placement                  ; 261                                                                                                  ;
;         -- Combinational with no register                                         ; 115                                                                                                  ;
;         -- Register only                                                          ; 63                                                                                                   ;
;         -- Combinational with a register                                          ; 83                                                                                                   ;
;     -- Estimated pairs recoverable by pairing ALUTs and registers as design grows ; -15                                                                                                  ;
;     -- Estimated Combinational ALUT/register pairs unavailable                    ; 30                                                                                                   ;
;         -- Unavailable due to unpartnered 7 LUTs                                  ; 6                                                                                                    ;
;         -- Unavailable due to unpartnered 6 LUTs                                  ; 24                                                                                                   ;
;         -- Unavailable due to unpartnered 5 LUTs                                  ; 0                                                                                                    ;
;         -- Unavailable due to LAB-wide signal conflicts                           ; 0                                                                                                    ;
;         -- Unavailable due to LAB input limits                                    ; 0                                                                                                    ;
;                                                                                   ;                                                                                                      ;
; Total registers*                                                                  ; 146 / 14,410 ( 1 % )                                                                                 ;
;     -- Dedicated logic registers                                                  ; 146 / 12,480 ( 1 % )                                                                                 ;
;     -- I/O registers                                                              ; 0 / 1,930 ( 0 % )                                                                                    ;
;                                                                                   ;                                                                                                      ;
; ALMs:  partially or completely used                                               ; 149 / 6,240 ( 2 % )                                                                                  ;
;                                                                                   ;                                                                                                      ;
; Total LABs:  partially or completely used                                         ; 22 / 780 ( 3 % )                                                                                     ;
;                                                                                   ;                                                                                                      ;
; User inserted logic elements                                                      ; 0                                                                                                    ;
; Virtual pins                                                                      ; 0                                                                                                    ;
; I/O pins                                                                          ; 208 / 343 ( 61 % )                                                                                   ;
;     -- Clock pins                                                                 ; 15 / 16 ( 94 % )                                                                                     ;
; Global signals                                                                    ; 3                                                                                                    ;
; M512s                                                                             ; 0 / 104 ( 0 % )                                                                                      ;
; M4Ks                                                                              ; 2 / 78 ( 3 % )                                                                                       ;
; Total block memory bits                                                           ; 8,192 / 419,328 ( 2 % )                                                                              ;
; Total block memory implementation bits                                            ; 9,216 / 419,328 ( 2 % )                                                                              ;
; DSP block 9-bit elements                                                          ; 0 / 96 ( 0 % )                                                                                       ;
; PLLs                                                                              ; 0 / 6 ( 0 % )                                                                                        ;
; Global clocks                                                                     ; 3 / 16 ( 19 % )                                                                                      ;
; Regional clocks                                                                   ; 0 / 32 ( 0 % )                                                                                       ;
; SERDES transmitters                                                               ; 0 / 38 ( 0 % )                                                                                       ;
; SERDES receivers                                                                  ; 0 / 42 ( 0 % )                                                                                       ;
; JTAGs                                                                             ; 0 / 1 ( 0 % )                                                                                        ;
; ASMI blocks                                                                       ; 0 / 1 ( 0 % )                                                                                        ;
; CRC blocks                                                                        ; 0 / 1 ( 0 % )                                                                                        ;
; Remote update blocks                                                              ; 0 / 1 ( 0 % )                                                                                        ;
; Average interconnect usage (total/H/V)                                            ; 2% / 1% / 2%                                                                                         ;
; Peak interconnect usage (total/H/V)                                               ; 6% / 6% / 7%                                                                                         ;
; Maximum fan-out node                                                              ; clk~clkctrl                                                                                          ;
; Maximum fan-out                                                                   ; 129                                                                                                  ;
; Highest non-global fan-out signal                                                 ; cash:inst8|lpm_decode0:inst12|lpm_decode:lpm_decode_component|decode_5sf:auto_generated|w_anode1w[3] ;
; Highest non-global fan-out                                                        ; 44                                                                                                   ;
; Total fan-out                                                                     ; 1657                                                                                                 ;
; Average fan-out                                                                   ; 2.92                                                                                                 ;
+-----------------------------------------------------------------------------------+------------------------------------------------------------------------------------------------------+
*  Register count does not include registers inside block RAM or DSP blocks.



+----------------------------------------------------------------------------------------------------------------------------------------------------------------------------------------------------------------------------------------------------------------------+
; Input Pins                                                                                                                                                                                                                                                           ;
+----------------+-------+----------+--------------+--------------+-------------+-----------------------+--------------------+--------+----------------+---------------+-----------------+----------+--------------+--------------+-------------+----------------------+
; Name           ; Pin # ; I/O Bank ; X coordinate ; Y coordinate ; Cell number ; Combinational Fan-Out ; Registered Fan-Out ; Global ; Input Register ; Power Up High ; PCI I/O Enabled ; Bus Hold ; Weak Pull Up ; I/O Standard ; Termination ; Location assigned by ;
+----------------+-------+----------+--------------+--------------+-------------+-----------------------+--------------------+--------+----------------+---------------+-----------------+----------+--------------+--------------+-------------+----------------------+
; address[0]     ; AA9   ; 10       ; 25           ; 0            ; 2           ; 16                    ; 0                  ; no     ; no             ; no            ; no              ; no       ; Off          ; 3.3-V LVTTL  ; Off         ; Fitter               ;
; address[1]     ; M2    ; 5        ; 40           ; 16           ; 2           ; 16                    ; 0                  ; no     ; no             ; no            ; no              ; no       ; Off          ; 3.3-V LVTTL  ; Off         ; Fitter               ;
; address[2]     ; K3    ; 5        ; 40           ; 18           ; 0           ; 6                     ; 0                  ; no     ; no             ; no            ; no              ; no       ; Off          ; 3.3-V LVTTL  ; Off         ; Fitter               ;
; address[3]     ; J6    ; 5        ; 40           ; 20           ; 2           ; 11                    ; 0                  ; no     ; no             ; no            ; no              ; no       ; Off          ; 3.3-V LVTTL  ; Off         ; Fitter               ;
; address[4]     ; D13   ; 3        ; 18           ; 27           ; 2           ; 11                    ; 0                  ; no     ; no             ; no            ; no              ; no       ; Off          ; 3.3-V LVTTL  ; Off         ; Fitter               ;
; address[5]     ; B12   ; 4        ; 22           ; 27           ; 2           ; 11                    ; 0                  ; no     ; no             ; no            ; no              ; no       ; Off          ; 3.3-V LVTTL  ; Off         ; Fitter               ;
; address[6]     ; B11   ; 4        ; 22           ; 27           ; 3           ; 7                     ; 0                  ; no     ; no             ; no            ; no              ; no       ; Off          ; 3.3-V LVTTL  ; Off         ; Fitter               ;
; address[7]     ; C11   ; 4        ; 22           ; 27           ; 0           ; 7                     ; 0                  ; no     ; no             ; no            ; no              ; no       ; Off          ; 3.3-V LVTTL  ; Off         ; Fitter               ;
; address[8]     ; C12   ; 4        ; 22           ; 27           ; 1           ; 7                     ; 0                  ; no     ; no             ; no            ; no              ; no       ; Off          ; 3.3-V LVTTL  ; Off         ; Fitter               ;
; address[9]     ; AA11  ; 7        ; 22           ; 0            ; 3           ; 7                     ; 0                  ; no     ; no             ; no            ; no              ; no       ; Off          ; 3.3-V LVTTL  ; Off         ; Fitter               ;
; clk            ; N20   ; 1        ; 0            ; 10           ; 1           ; 15                    ; 0                  ; yes    ; no             ; no            ; no              ; no       ; Off          ; 3.3-V LVTTL  ; Off         ; Fitter               ;
; per_address[0] ; J5    ; 5        ; 40           ; 20           ; 1           ; 1                     ; 0                  ; no     ; no             ; no            ; no              ; no       ; Off          ; 3.3-V LVTTL  ; Off         ; Fitter               ;
; per_address[1] ; H17   ; 2        ; 0            ; 23           ; 2           ; 1                     ; 0                  ; no     ; no             ; no            ; no              ; no       ; Off          ; 3.3-V LVTTL  ; Off         ; Fitter               ;
; per_address[2] ; J18   ; 2        ; 0            ; 20           ; 2           ; 1                     ; 0                  ; no     ; no             ; no            ; no              ; no       ; Off          ; 3.3-V LVTTL  ; Off         ; Fitter               ;
; per_address[3] ; K17   ; 2        ; 0            ; 19           ; 2           ; 1                     ; 0                  ; no     ; no             ; no            ; no              ; no       ; Off          ; 3.3-V LVTTL  ; Off         ; Fitter               ;
; per_address[4] ; M20   ; 2        ; 0            ; 16           ; 1           ; 1                     ; 0                  ; no     ; no             ; no            ; no              ; no       ; Off          ; 3.3-V LVTTL  ; Off         ; Fitter               ;
; per_address[5] ; G21   ; 2        ; 0            ; 21           ; 3           ; 1                     ; 0                  ; no     ; no             ; no            ; no              ; no       ; Off          ; 3.3-V LVTTL  ; Off         ; Fitter               ;
; per_address[6] ; E21   ; 2        ; 0            ; 24           ; 3           ; 1                     ; 0                  ; no     ; no             ; no            ; no              ; no       ; Off          ; 3.3-V LVTTL  ; Off         ; Fitter               ;
; per_address[7] ; J19   ; 2        ; 0            ; 20           ; 1           ; 1                     ; 0                  ; no     ; no             ; no            ; no              ; no       ; Off          ; 3.3-V LVTTL  ; Off         ; Fitter               ;
; per_address[8] ; H2    ; 5        ; 40           ; 20           ; 3           ; 1                     ; 0                  ; no     ; no             ; no            ; no              ; no       ; Off          ; 3.3-V LVTTL  ; Off         ; Fitter               ;
; per_address[9] ; W12   ; 8        ; 17           ; 0            ; 0           ; 1                     ; 0                  ; no     ; no             ; no            ; no              ; no       ; Off          ; 3.3-V LVTTL  ; Off         ; Fitter               ;
; per_data[0]    ; Y17   ; 8        ; 11           ; 0            ; 2           ; 1                     ; 0                  ; no     ; no             ; no            ; no              ; no       ; Off          ; 3.3-V LVTTL  ; Off         ; Fitter               ;
; per_data[1]    ; C13   ; 3        ; 18           ; 27           ; 1           ; 1                     ; 0                  ; no     ; no             ; no            ; no              ; no       ; Off          ; 3.3-V LVTTL  ; Off         ; Fitter               ;
; per_data[2]    ; F21   ; 2        ; 0            ; 23           ; 3           ; 1                     ; 0                  ; no     ; no             ; no            ; no              ; no       ; Off          ; 3.3-V LVTTL  ; Off         ; Fitter               ;
; per_data[3]    ; F14   ; 3        ; 7            ; 27           ; 1           ; 1                     ; 0                  ; no     ; no             ; no            ; no              ; no       ; Off          ; 3.3-V LVTTL  ; Off         ; Fitter               ;
; per_data[4]    ; N19   ; 1        ; 0            ; 10           ; 2           ; 1                     ; 0                  ; no     ; no             ; no            ; no              ; no       ; Off          ; 3.3-V LVTTL  ; Off         ; Fitter               ;
; per_data[5]    ; Y9    ; 10       ; 25           ; 0            ; 1           ; 1                     ; 0                  ; no     ; no             ; no            ; no              ; no       ; Off          ; 3.3-V LVTTL  ; Off         ; Fitter               ;
; per_data[6]    ; A7    ; 4        ; 29           ; 27           ; 3           ; 1                     ; 0                  ; no     ; no             ; no            ; no              ; no       ; Off          ; 3.3-V LVTTL  ; Off         ; Fitter               ;
; per_data[7]    ; T2    ; 6        ; 40           ; 7            ; 3           ; 1                     ; 0                  ; no     ; no             ; no            ; no              ; no       ; Off          ; 3.3-V LVTTL  ; Off         ; Fitter               ;
; per_strob      ; A10   ; 9        ; 25           ; 27           ; 3           ; 10                    ; 0                  ; no     ; no             ; no            ; no              ; no       ; Off          ; 3.3-V LVTTL  ; Off         ; Fitter               ;
; read_write_per ; D5    ; 4        ; 39           ; 27           ; 3           ; 1                     ; 0                  ; no     ; no             ; no            ; no              ; no       ; Off          ; 3.3-V LVTTL  ; Off         ; Fitter               ;
; write-read     ; E17   ; 3        ; 2            ; 27           ; 2           ; 2                     ; 0                  ; no     ; no             ; no            ; no              ; no       ; Off          ; 3.3-V LVTTL  ; Off         ; Fitter               ;
; write[0]       ; AB13  ; 8        ; 18           ; 0            ; 0           ; 1                     ; 0                  ; no     ; no             ; no            ; no              ; no       ; Off          ; 3.3-V LVTTL  ; Off         ; Fitter               ;
; write[1]       ; E1    ; 5        ; 40           ; 24           ; 0           ; 1                     ; 0                  ; no     ; no             ; no            ; no              ; no       ; Off          ; 3.3-V LVTTL  ; Off         ; Fitter               ;
; write[2]       ; M3    ; 5        ; 40           ; 16           ; 1           ; 1                     ; 0                  ; no     ; no             ; no            ; no              ; no       ; Off          ; 3.3-V LVTTL  ; Off         ; Fitter               ;
; write[3]       ; H14   ; 3        ; 7            ; 27           ; 2           ; 1                     ; 0                  ; no     ; no             ; no            ; no              ; no       ; Off          ; 3.3-V LVTTL  ; Off         ; Fitter               ;
; write[4]       ; C15   ; 3        ; 14           ; 27           ; 1           ; 1                     ; 0                  ; no     ; no             ; no            ; no              ; no       ; Off          ; 3.3-V LVTTL  ; Off         ; Fitter               ;
; write[5]       ; G22   ; 2        ; 0            ; 21           ; 0           ; 1                     ; 0                  ; no     ; no             ; no            ; no              ; no       ; Off          ; 3.3-V LVTTL  ; Off         ; Fitter               ;
; write[6]       ; M21   ; 2        ; 0            ; 16           ; 2           ; 1                     ; 0                  ; no     ; no             ; no            ; no              ; no       ; Off          ; 3.3-V LVTTL  ; Off         ; Fitter               ;
; write[7]       ; K22   ; 2        ; 0            ; 17           ; 0           ; 1                     ; 0                  ; no     ; no             ; no            ; no              ; no       ; Off          ; 3.3-V LVTTL  ; Off         ; Fitter               ;
+----------------+-------+----------+--------------+--------------+-------------+-----------------------+--------------------+--------+----------------+---------------+-----------------+----------+--------------+--------------+-------------+----------------------+


+--------------------------------------------------------------------------------------------------------------------------------------------------------------------------------------------------------------------------------------------------------------------------------------------------------------------------------------------+
; Output Pins                                                                                                                                                                                                                                                                                                                                ;
+--------------+-------+----------+--------------+--------------+-------------+-----------------+------------------------+---------------+-----------------+------------+---------------+----------+--------------+--------------+------------------+-------------+----------------------+------+----------------------+---------------------+
; Name         ; Pin # ; I/O Bank ; X coordinate ; Y coordinate ; Cell number ; Output Register ; Output Enable Register ; Power Up High ; PCI I/O Enabled ; Open Drain ; TRI Primitive ; Bus Hold ; Weak Pull Up ; I/O Standard ; Current Strength ; Termination ; Location assigned by ; Load ; Output Enable Source ; Output Enable Group ;
+--------------+-------+----------+--------------+--------------+-------------+-----------------+------------------------+---------------+-----------------+------------+---------------+----------+--------------+--------------+------------------+-------------+----------------------+------+----------------------+---------------------+
; ad[0]        ; U21   ; 1        ; 0            ; 6            ; 3           ; no              ; no                     ; no            ; no              ; no         ; no            ; no       ; Off          ; 3.3-V LVTTL  ; 12mA             ; Off         ; Fitter               ; 0 pF ; -                    ; -                   ;
; ad[1]        ; A13   ; 3        ; 18           ; 27           ; 0           ; no              ; no                     ; no            ; no              ; no         ; no            ; no       ; Off          ; 3.3-V LVTTL  ; 24mA             ; Off         ; Fitter               ; 0 pF ; -                    ; -                   ;
; ad[2]        ; V9    ; 10       ; 26           ; 0            ; 1           ; no              ; no                     ; no            ; no              ; no         ; no            ; no       ; Off          ; 3.3-V LVTTL  ; 24mA             ; Off         ; Fitter               ; 0 pF ; -                    ; -                   ;
; ad[3]        ; H4    ; 5        ; 40           ; 22           ; 3           ; no              ; no                     ; no            ; no              ; no         ; no            ; no       ; Off          ; 3.3-V LVTTL  ; 12mA             ; Off         ; Fitter               ; 0 pF ; -                    ; -                   ;
; ad[4]        ; H19   ; 2        ; 0            ; 22           ; 3           ; no              ; no                     ; no            ; no              ; no         ; no            ; no       ; Off          ; 3.3-V LVTTL  ; 12mA             ; Off         ; Fitter               ; 0 pF ; -                    ; -                   ;
; ad[5]        ; A5    ; 4        ; 31           ; 27           ; 3           ; no              ; no                     ; no            ; no              ; no         ; no            ; no       ; Off          ; 3.3-V LVTTL  ; 24mA             ; Off         ; Fitter               ; 0 pF ; -                    ; -                   ;
; ad[6]        ; B18   ; 3        ; 10           ; 27           ; 0           ; no              ; no                     ; no            ; no              ; no         ; no            ; no       ; Off          ; 3.3-V LVTTL  ; 24mA             ; Off         ; Fitter               ; 0 pF ; -                    ; -                   ;
; ad[7]        ; C18   ; 3        ; 10           ; 27           ; 3           ; no              ; no                     ; no            ; no              ; no         ; no            ; no       ; Off          ; 3.3-V LVTTL  ; 24mA             ; Off         ; Fitter               ; 0 pF ; -                    ; -                   ;
; ad[8]        ; H11   ; 3        ; 17           ; 27           ; 1           ; no              ; no                     ; no            ; no              ; no         ; no            ; no       ; Off          ; 3.3-V LVTTL  ; 24mA             ; Off         ; Fitter               ; 0 pF ; -                    ; -                   ;
; ad[9]        ; W11   ; 8        ; 17           ; 0            ; 3           ; no              ; no                     ; no            ; no              ; no         ; no            ; no       ; Off          ; 3.3-V LVTTL  ; 24mA             ; Off         ; Fitter               ; 0 pF ; -                    ; -                   ;
; address_o[0] ; R22   ; 1        ; 0            ; 8            ; 0           ; no              ; no                     ; no            ; no              ; no         ; no            ; no       ; Off          ; 3.3-V LVTTL  ; 12mA             ; Off         ; Fitter               ; 0 pF ; -                    ; -                   ;
; address_o[1] ; D12   ; 3        ; 17           ; 27           ; 0           ; no              ; no                     ; no            ; no              ; no         ; no            ; no       ; Off          ; 3.3-V LVTTL  ; 24mA             ; Off         ; Fitter               ; 0 pF ; -                    ; -                   ;
; address_o[2] ; U10   ; 7        ; 30           ; 0            ; 1           ; no              ; no                     ; no            ; no              ; no         ; no            ; no       ; Off          ; 3.3-V LVTTL  ; 24mA             ; Off         ; Fitter               ; 0 pF ; -                    ; -                   ;
; address_o[3] ; F2    ; 5        ; 40           ; 23           ; 3           ; no              ; no                     ; no            ; no              ; no         ; no            ; no       ; Off          ; 3.3-V LVTTL  ; 12mA             ; Off         ; Fitter               ; 0 pF ; -                    ; -                   ;
; address_o[4] ; G15   ; 3        ; 5            ; 27           ; 1           ; no              ; no                     ; no            ; no              ; no         ; no            ; no       ; Off          ; 3.3-V LVTTL  ; 24mA             ; Off         ; Fitter               ; 0 pF ; -                    ; -                   ;
; address_o[5] ; A6    ; 4        ; 30           ; 27           ; 3           ; no              ; no                     ; no            ; no              ; no         ; no            ; no       ; Off          ; 3.3-V LVTTL  ; 24mA             ; Off         ; Fitter               ; 0 pF ; -                    ; -                   ;
; address_o[6] ; A16   ; 3        ; 13           ; 27           ; 3           ; no              ; no                     ; no            ; no              ; no         ; no            ; no       ; Off          ; 3.3-V LVTTL  ; 24mA             ; Off         ; Fitter               ; 0 pF ; -                    ; -                   ;
; address_o[7] ; B17   ; 3        ; 11           ; 27           ; 0           ; no              ; no                     ; no            ; no              ; no         ; no            ; no       ; Off          ; 3.3-V LVTTL  ; 24mA             ; Off         ; Fitter               ; 0 pF ; -                    ; -                   ;
; address_o[8] ; E11   ; 3        ; 17           ; 27           ; 3           ; no              ; no                     ; no            ; no              ; no         ; no            ; no       ; Off          ; 3.3-V LVTTL  ; 24mA             ; Off         ; Fitter               ; 0 pF ; -                    ; -                   ;
; address_o[9] ; V11   ; 8        ; 17           ; 0            ; 2           ; no              ; no                     ; no            ; no              ; no         ; no            ; no       ; Off          ; 3.3-V LVTTL  ; 24mA             ; Off         ; Fitter               ; 0 pF ; -                    ; -                   ;
; cout0        ; B15   ; 3        ; 14           ; 27           ; 0           ; no              ; no                     ; no            ; no              ; no         ; no            ; no       ; Off          ; 3.3-V LVTTL  ; 24mA             ; Off         ; Fitter               ; 0 pF ; -                    ; -                   ;
; data[0]      ; H22   ; 2        ; 0            ; 20           ; 0           ; no              ; no                     ; no            ; no              ; no         ; yes           ; no       ; Off          ; 3.3-V LVTTL  ; 12mA             ; Off         ; Fitter               ; 0 pF ; -                    ; -                   ;
; data[1]      ; A8    ; 4        ; 26           ; 27           ; 3           ; no              ; no                     ; no            ; no              ; no         ; yes           ; no       ; Off          ; 3.3-V LVTTL  ; 24mA             ; Off         ; Fitter               ; 0 pF ; -                    ; -                   ;
; data[2]      ; D14   ; 3        ; 10           ; 27           ; 2           ; no              ; no                     ; no            ; no              ; no         ; yes           ; no       ; Off          ; 3.3-V LVTTL  ; 24mA             ; Off         ; Fitter               ; 0 pF ; -                    ; -                   ;
; data[3]      ; B6    ; 4        ; 30           ; 27           ; 0           ; no              ; no                     ; no            ; no              ; no         ; yes           ; no       ; Off          ; 3.3-V LVTTL  ; 24mA             ; Off         ; Fitter               ; 0 pF ; -                    ; -                   ;
; data[4]      ; L15   ; 2        ; 0            ; 17           ; 2           ; no              ; no                     ; no            ; no              ; no         ; yes           ; no       ; Off          ; 3.3-V LVTTL  ; 12mA             ; Off         ; Fitter               ; 0 pF ; -                    ; -                   ;
; data[5]      ; K8    ; 5        ; 40           ; 18           ; 2           ; no              ; no                     ; no            ; no              ; no         ; yes           ; no       ; Off          ; 3.3-V LVTTL  ; 12mA             ; Off         ; Fitter               ; 0 pF ; -                    ; -                   ;
; data[6]      ; F9    ; 4        ; 34           ; 27           ; 2           ; no              ; no                     ; no            ; no              ; no         ; yes           ; no       ; Off          ; 3.3-V LVTTL  ; 24mA             ; Off         ; Fitter               ; 0 pF ; -                    ; -                   ;
; data[7]      ; K16   ; 2        ; 0            ; 18           ; 1           ; no              ; no                     ; no            ; no              ; no         ; yes           ; no       ; Off          ; 3.3-V LVTTL  ; 12mA             ; Off         ; Fitter               ; 0 pF ; -                    ; -                   ;
; data_o[0]    ; G12   ; 3        ; 17           ; 27           ; 2           ; no              ; no                     ; no            ; no              ; no         ; yes           ; no       ; Off          ; 3.3-V LVTTL  ; 24mA             ; Off         ; Fitter               ; 0 pF ; -                    ; -                   ;
; data_o[1]    ; J16   ; 2        ; 0            ; 21           ; 2           ; no              ; no                     ; no            ; no              ; no         ; yes           ; no       ; Off          ; 3.3-V LVTTL  ; 12mA             ; Off         ; Fitter               ; 0 pF ; -                    ; -                   ;
; data_o[2]    ; E16   ; 3        ; 2            ; 27           ; 1           ; no              ; no                     ; no            ; no              ; no         ; yes           ; no       ; Off          ; 3.3-V LVTTL  ; 24mA             ; Off         ; Fitter               ; 0 pF ; -                    ; -                   ;
; data_o[3]    ; G18   ; 2        ; 0            ; 25           ; 1           ; no              ; no                     ; no            ; no              ; no         ; yes           ; no       ; Off          ; 3.3-V LVTTL  ; 12mA             ; Off         ; Fitter               ; 0 pF ; -                    ; -                   ;
; data_o[4]    ; D3    ; 4        ; 38           ; 27           ; 3           ; no              ; no                     ; no            ; no              ; no         ; yes           ; no       ; Off          ; 3.3-V LVTTL  ; 24mA             ; Off         ; Fitter               ; 0 pF ; -                    ; -                   ;
; data_o[5]    ; C16   ; 3        ; 14           ; 27           ; 2           ; no              ; no                     ; no            ; no              ; no         ; yes           ; no       ; Off          ; 3.3-V LVTTL  ; 24mA             ; Off         ; Fitter               ; 0 pF ; -                    ; -                   ;
; data_o[6]    ; H20   ; 2        ; 0            ; 22           ; 0           ; no              ; no                     ; no            ; no              ; no         ; yes           ; no       ; Off          ; 3.3-V LVTTL  ; 12mA             ; Off         ; Fitter               ; 0 pF ; -                    ; -                   ;
; data_o[7]    ; G9    ; 4        ; 33           ; 27           ; 1           ; no              ; no                     ; no            ; no              ; no         ; yes           ; no       ; Off          ; 3.3-V LVTTL  ; 24mA             ; Off         ; Fitter               ; 0 pF ; -                    ; -                   ;
; dff0[0]      ; P5    ; 6        ; 40           ; 8            ; 1           ; no              ; no                     ; no            ; no              ; no         ; no            ; no       ; Off          ; 3.3-V LVTTL  ; 12mA             ; Off         ; Fitter               ; 0 pF ; -                    ; -                   ;
; dff0[1]      ; R6    ; 6        ; 40           ; 6            ; 2           ; no              ; no                     ; no            ; no              ; no         ; no            ; no       ; Off          ; 3.3-V LVTTL  ; 12mA             ; Off         ; Fitter               ; 0 pF ; -                    ; -                   ;
; dff0[2]      ; P8    ; 6        ; 40           ; 7            ; 2           ; no              ; no                     ; no            ; no              ; no         ; no            ; no       ; Off          ; 3.3-V LVTTL  ; 12mA             ; Off         ; Fitter               ; 0 pF ; -                    ; -                   ;
; dff0[3]      ; C10   ; 9        ; 25           ; 27           ; 2           ; no              ; no                     ; no            ; no              ; no         ; no            ; no       ; Off          ; 3.3-V LVTTL  ; 24mA             ; Off         ; Fitter               ; 0 pF ; -                    ; -                   ;
; dff0[4]      ; F22   ; 2        ; 0            ; 23           ; 0           ; no              ; no                     ; no            ; no              ; no         ; no            ; no       ; Off          ; 3.3-V LVTTL  ; 12mA             ; Off         ; Fitter               ; 0 pF ; -                    ; -                   ;
; dff0[5]      ; H21   ; 2        ; 0            ; 20           ; 3           ; no              ; no                     ; no            ; no              ; no         ; no            ; no       ; Off          ; 3.3-V LVTTL  ; 12mA             ; Off         ; Fitter               ; 0 pF ; -                    ; -                   ;
; dff0[6]      ; L7    ; 5        ; 40           ; 17           ; 1           ; no              ; no                     ; no            ; no              ; no         ; no            ; no       ; Off          ; 3.3-V LVTTL  ; 12mA             ; Off         ; Fitter               ; 0 pF ; -                    ; -                   ;
; dff0[7]      ; J17   ; 2        ; 0            ; 21           ; 1           ; no              ; no                     ; no            ; no              ; no         ; no            ; no       ; Off          ; 3.3-V LVTTL  ; 12mA             ; Off         ; Fitter               ; 0 pF ; -                    ; -                   ;
; dff10[0]     ; Y8    ; 7        ; 29           ; 0            ; 2           ; no              ; no                     ; no            ; no              ; no         ; no            ; no       ; Off          ; 3.3-V LVTTL  ; 24mA             ; Off         ; Fitter               ; 0 pF ; -                    ; -                   ;
; dff10[1]     ; K1    ; 5        ; 40           ; 17           ; 0           ; no              ; no                     ; no            ; no              ; no         ; no            ; no       ; Off          ; 3.3-V LVTTL  ; 12mA             ; Off         ; Fitter               ; 0 pF ; -                    ; -                   ;
; dff10[2]     ; J3    ; 5        ; 40           ; 19           ; 3           ; no              ; no                     ; no            ; no              ; no         ; no            ; no       ; Off          ; 3.3-V LVTTL  ; 12mA             ; Off         ; Fitter               ; 0 pF ; -                    ; -                   ;
; dff10[3]     ; H12   ; 3        ; 15           ; 27           ; 2           ; no              ; no                     ; no            ; no              ; no         ; no            ; no       ; Off          ; 3.3-V LVTTL  ; 24mA             ; Off         ; Fitter               ; 0 pF ; -                    ; -                   ;
; dff10[4]     ; K18   ; 2        ; 0            ; 19           ; 1           ; no              ; no                     ; no            ; no              ; no         ; no            ; no       ; Off          ; 3.3-V LVTTL  ; 12mA             ; Off         ; Fitter               ; 0 pF ; -                    ; -                   ;
; dff10[5]     ; E14   ; 3        ; 7            ; 27           ; 0           ; no              ; no                     ; no            ; no              ; no         ; no            ; no       ; Off          ; 3.3-V LVTTL  ; 24mA             ; Off         ; Fitter               ; 0 pF ; -                    ; -                   ;
; dff10[6]     ; G20   ; 2        ; 0            ; 22           ; 1           ; no              ; no                     ; no            ; no              ; no         ; no            ; no       ; Off          ; 3.3-V LVTTL  ; 12mA             ; Off         ; Fitter               ; 0 pF ; -                    ; -                   ;
; dff10[7]     ; E2    ; 5        ; 40           ; 24           ; 3           ; no              ; no                     ; no            ; no              ; no         ; no            ; no       ; Off          ; 3.3-V LVTTL  ; 12mA             ; Off         ; Fitter               ; 0 pF ; -                    ; -                   ;
; dff11[0]     ; U12   ; 8        ; 15           ; 0            ; 1           ; no              ; no                     ; no            ; no              ; no         ; no            ; no       ; Off          ; 3.3-V LVTTL  ; 24mA             ; Off         ; Fitter               ; 0 pF ; -                    ; -                   ;
; dff11[1]     ; T17   ; 1        ; 0            ; 5            ; 2           ; no              ; no                     ; no            ; no              ; no         ; no            ; no       ; Off          ; 3.3-V LVTTL  ; 12mA             ; Off         ; Fitter               ; 0 pF ; -                    ; -                   ;
; dff11[2]     ; Y11   ; 7        ; 22           ; 0            ; 0           ; no              ; no                     ; no            ; no              ; no         ; no            ; no       ; Off          ; 3.3-V LVTTL  ; 24mA             ; Off         ; Fitter               ; 0 pF ; -                    ; -                   ;
; dff11[3]     ; R1    ; 6        ; 40           ; 8            ; 0           ; no              ; no                     ; no            ; no              ; no         ; no            ; no       ; Off          ; 3.3-V LVTTL  ; 12mA             ; Off         ; Fitter               ; 0 pF ; -                    ; -                   ;
; dff11[4]     ; R18   ; 1        ; 0            ; 6            ; 2           ; no              ; no                     ; no            ; no              ; no         ; no            ; no       ; Off          ; 3.3-V LVTTL  ; 12mA             ; Off         ; Fitter               ; 0 pF ; -                    ; -                   ;
; dff11[5]     ; R19   ; 1        ; 0            ; 6            ; 1           ; no              ; no                     ; no            ; no              ; no         ; no            ; no       ; Off          ; 3.3-V LVTTL  ; 12mA             ; Off         ; Fitter               ; 0 pF ; -                    ; -                   ;
; dff11[6]     ; A18   ; 3        ; 11           ; 27           ; 1           ; no              ; no                     ; no            ; no              ; no         ; no            ; no       ; Off          ; 3.3-V LVTTL  ; 24mA             ; Off         ; Fitter               ; 0 pF ; -                    ; -                   ;
; dff11[7]     ; P17   ; 1        ; 0            ; 7            ; 1           ; no              ; no                     ; no            ; no              ; no         ; no            ; no       ; Off          ; 3.3-V LVTTL  ; 12mA             ; Off         ; Fitter               ; 0 pF ; -                    ; -                   ;
; dff12[0]     ; N2    ; 6        ; 40           ; 10           ; 3           ; no              ; no                     ; no            ; no              ; no         ; no            ; no       ; Off          ; 3.3-V LVTTL  ; 12mA             ; Off         ; Fitter               ; 0 pF ; -                    ; -                   ;
; dff12[1]     ; D10   ; 9        ; 25           ; 27           ; 1           ; no              ; no                     ; no            ; no              ; no         ; no            ; no       ; Off          ; 3.3-V LVTTL  ; 24mA             ; Off         ; Fitter               ; 0 pF ; -                    ; -                   ;
; dff12[2]     ; K2    ; 5        ; 40           ; 17           ; 3           ; no              ; no                     ; no            ; no              ; no         ; no            ; no       ; Off          ; 3.3-V LVTTL  ; 12mA             ; Off         ; Fitter               ; 0 pF ; -                    ; -                   ;
; dff12[3]     ; P16   ; 1        ; 0            ; 7            ; 2           ; no              ; no                     ; no            ; no              ; no         ; no            ; no       ; Off          ; 3.3-V LVTTL  ; 12mA             ; Off         ; Fitter               ; 0 pF ; -                    ; -                   ;
; dff12[4]     ; T21   ; 1        ; 0            ; 7            ; 3           ; no              ; no                     ; no            ; no              ; no         ; no            ; no       ; Off          ; 3.3-V LVTTL  ; 12mA             ; Off         ; Fitter               ; 0 pF ; -                    ; -                   ;
; dff12[5]     ; H3    ; 5        ; 40           ; 22           ; 0           ; no              ; no                     ; no            ; no              ; no         ; no            ; no       ; Off          ; 3.3-V LVTTL  ; 12mA             ; Off         ; Fitter               ; 0 pF ; -                    ; -                   ;
; dff12[6]     ; AA13  ; 8        ; 18           ; 0            ; 3           ; no              ; no                     ; no            ; no              ; no         ; no            ; no       ; Off          ; 3.3-V LVTTL  ; 24mA             ; Off         ; Fitter               ; 0 pF ; -                    ; -                   ;
; dff12[7]     ; U22   ; 1        ; 0            ; 6            ; 0           ; no              ; no                     ; no            ; no              ; no         ; no            ; no       ; Off          ; 3.3-V LVTTL  ; 12mA             ; Off         ; Fitter               ; 0 pF ; -                    ; -                   ;
; dff13[0]     ; G1    ; 5        ; 40           ; 21           ; 0           ; no              ; no                     ; no            ; no              ; no         ; no            ; no       ; Off          ; 3.3-V LVTTL  ; 12mA             ; Off         ; Fitter               ; 0 pF ; -                    ; -                   ;
; dff13[1]     ; L16   ; 2        ; 0            ; 17           ; 1           ; no              ; no                     ; no            ; no              ; no         ; no            ; no       ; Off          ; 3.3-V LVTTL  ; 12mA             ; Off         ; Fitter               ; 0 pF ; -                    ; -                   ;
; dff13[2]     ; AA12  ; 8        ; 18           ; 0            ; 1           ; no              ; no                     ; no            ; no              ; no         ; no            ; no       ; Off          ; 3.3-V LVTTL  ; 24mA             ; Off         ; Fitter               ; 0 pF ; -                    ; -                   ;
; dff13[3]     ; R21   ; 1        ; 0            ; 8            ; 3           ; no              ; no                     ; no            ; no              ; no         ; no            ; no       ; Off          ; 3.3-V LVTTL  ; 12mA             ; Off         ; Fitter               ; 0 pF ; -                    ; -                   ;
; dff13[4]     ; B7    ; 4        ; 29           ; 27           ; 0           ; no              ; no                     ; no            ; no              ; no         ; no            ; no       ; Off          ; 3.3-V LVTTL  ; 24mA             ; Off         ; Fitter               ; 0 pF ; -                    ; -                   ;
; dff13[5]     ; Y10   ; 7        ; 22           ; 0            ; 2           ; no              ; no                     ; no            ; no              ; no         ; no            ; no       ; Off          ; 3.3-V LVTTL  ; 24mA             ; Off         ; Fitter               ; 0 pF ; -                    ; -                   ;
; dff13[6]     ; K21   ; 2        ; 0            ; 17           ; 3           ; no              ; no                     ; no            ; no              ; no         ; no            ; no       ; Off          ; 3.3-V LVTTL  ; 12mA             ; Off         ; Fitter               ; 0 pF ; -                    ; -                   ;
; dff13[7]     ; A15   ; 3        ; 14           ; 27           ; 3           ; no              ; no                     ; no            ; no              ; no         ; no            ; no       ; Off          ; 3.3-V LVTTL  ; 24mA             ; Off         ; Fitter               ; 0 pF ; -                    ; -                   ;
; dff14[0]     ; T19   ; 1        ; 0            ; 5            ; 3           ; no              ; no                     ; no            ; no              ; no         ; no            ; no       ; Off          ; 3.3-V LVTTL  ; 12mA             ; Off         ; Fitter               ; 0 pF ; -                    ; -                   ;
; dff14[1]     ; G19   ; 2        ; 0            ; 22           ; 2           ; no              ; no                     ; no            ; no              ; no         ; no            ; no       ; Off          ; 3.3-V LVTTL  ; 12mA             ; Off         ; Fitter               ; 0 pF ; -                    ; -                   ;
; dff14[2]     ; AA10  ; 10       ; 25           ; 0            ; 0           ; no              ; no                     ; no            ; no              ; no         ; no            ; no       ; Off          ; 3.3-V LVTTL  ; 24mA             ; Off         ; Fitter               ; 0 pF ; -                    ; -                   ;
; dff14[3]     ; J15   ; 3        ; 6            ; 27           ; 2           ; no              ; no                     ; no            ; no              ; no         ; no            ; no       ; Off          ; 3.3-V LVTTL  ; 24mA             ; Off         ; Fitter               ; 0 pF ; -                    ; -                   ;
; dff14[4]     ; E22   ; 2        ; 0            ; 24           ; 0           ; no              ; no                     ; no            ; no              ; no         ; no            ; no       ; Off          ; 3.3-V LVTTL  ; 12mA             ; Off         ; Fitter               ; 0 pF ; -                    ; -                   ;
; dff14[5]     ; D6    ; 4        ; 35           ; 27           ; 0           ; no              ; no                     ; no            ; no              ; no         ; no            ; no       ; Off          ; 3.3-V LVTTL  ; 24mA             ; Off         ; Fitter               ; 0 pF ; -                    ; -                   ;
; dff14[6]     ; F13   ; 3        ; 13           ; 27           ; 1           ; no              ; no                     ; no            ; no              ; no         ; no            ; no       ; Off          ; 3.3-V LVTTL  ; 24mA             ; Off         ; Fitter               ; 0 pF ; -                    ; -                   ;
; dff14[7]     ; AB8   ; 7        ; 26           ; 0            ; 3           ; no              ; no                     ; no            ; no              ; no         ; no            ; no       ; Off          ; 3.3-V LVTTL  ; 24mA             ; Off         ; Fitter               ; 0 pF ; -                    ; -                   ;
; dff15[0]     ; Y16   ; 8        ; 13           ; 0            ; 3           ; no              ; no                     ; no            ; no              ; no         ; no            ; no       ; Off          ; 3.3-V LVTTL  ; 24mA             ; Off         ; Fitter               ; 0 pF ; -                    ; -                   ;
; dff15[1]     ; Y12   ; 8        ; 18           ; 0            ; 2           ; no              ; no                     ; no            ; no              ; no         ; no            ; no       ; Off          ; 3.3-V LVTTL  ; 24mA             ; Off         ; Fitter               ; 0 pF ; -                    ; -                   ;
; dff15[2]     ; A17   ; 3        ; 11           ; 27           ; 3           ; no              ; no                     ; no            ; no              ; no         ; no            ; no       ; Off          ; 3.3-V LVTTL  ; 24mA             ; Off         ; Fitter               ; 0 pF ; -                    ; -                   ;
; dff15[3]     ; P3    ; 6        ; 40           ; 9            ; 3           ; no              ; no                     ; no            ; no              ; no         ; no            ; no       ; Off          ; 3.3-V LVTTL  ; 12mA             ; Off         ; Fitter               ; 0 pF ; -                    ; -                   ;
; dff15[4]     ; R7    ; 6        ; 40           ; 3            ; 1           ; no              ; no                     ; no            ; no              ; no         ; no            ; no       ; Off          ; 3.3-V LVTTL  ; 12mA             ; Off         ; Fitter               ; 0 pF ; -                    ; -                   ;
; dff15[5]     ; K7    ; 5        ; 40           ; 18           ; 1           ; no              ; no                     ; no            ; no              ; no         ; no            ; no       ; Off          ; 3.3-V LVTTL  ; 12mA             ; Off         ; Fitter               ; 0 pF ; -                    ; -                   ;
; dff15[6]     ; W4    ; 6        ; 40           ; 1            ; 2           ; no              ; no                     ; no            ; no              ; no         ; no            ; no       ; Off          ; 3.3-V LVTTL  ; 12mA             ; Off         ; Fitter               ; 0 pF ; -                    ; -                   ;
; dff15[7]     ; G2    ; 5        ; 40           ; 21           ; 3           ; no              ; no                     ; no            ; no              ; no         ; no            ; no       ; Off          ; 3.3-V LVTTL  ; 12mA             ; Off         ; Fitter               ; 0 pF ; -                    ; -                   ;
; dff1[0]      ; V8    ; 7        ; 33           ; 0            ; 1           ; no              ; no                     ; no            ; no              ; no         ; no            ; no       ; Off          ; 3.3-V LVTTL  ; 24mA             ; Off         ; Fitter               ; 0 pF ; -                    ; -                   ;
; dff1[1]      ; N21   ; 1        ; 0            ; 10           ; 3           ; no              ; no                     ; no            ; no              ; no         ; no            ; no       ; Off          ; 3.3-V LVTTL  ; 12mA             ; Off         ; Fitter               ; 0 pF ; -                    ; -                   ;
; dff1[2]      ; K15   ; 2        ; 0            ; 18           ; 2           ; no              ; no                     ; no            ; no              ; no         ; no            ; no       ; Off          ; 3.3-V LVTTL  ; 12mA             ; Off         ; Fitter               ; 0 pF ; -                    ; -                   ;
; dff1[3]      ; F15   ; 3        ; 5            ; 27           ; 3           ; no              ; no                     ; no            ; no              ; no         ; no            ; no       ; Off          ; 3.3-V LVTTL  ; 24mA             ; Off         ; Fitter               ; 0 pF ; -                    ; -                   ;
; dff1[4]      ; K20   ; 2        ; 0            ; 18           ; 0           ; no              ; no                     ; no            ; no              ; no         ; no            ; no       ; Off          ; 3.3-V LVTTL  ; 12mA             ; Off         ; Fitter               ; 0 pF ; -                    ; -                   ;
; dff1[5]      ; P18   ; 1        ; 0            ; 8            ; 2           ; no              ; no                     ; no            ; no              ; no         ; no            ; no       ; Off          ; 3.3-V LVTTL  ; 12mA             ; Off         ; Fitter               ; 0 pF ; -                    ; -                   ;
; dff1[6]      ; F20   ; 2        ; 0            ; 24           ; 1           ; no              ; no                     ; no            ; no              ; no         ; no            ; no       ; Off          ; 3.3-V LVTTL  ; 12mA             ; Off         ; Fitter               ; 0 pF ; -                    ; -                   ;
; dff1[7]      ; AB10  ; 10       ; 25           ; 0            ; 3           ; no              ; no                     ; no            ; no              ; no         ; no            ; no       ; Off          ; 3.3-V LVTTL  ; 24mA             ; Off         ; Fitter               ; 0 pF ; -                    ; -                   ;
; dff2[0]      ; G3    ; 5        ; 40           ; 23           ; 1           ; no              ; no                     ; no            ; no              ; no         ; no            ; no       ; Off          ; 3.3-V LVTTL  ; 12mA             ; Off         ; Fitter               ; 0 pF ; -                    ; -                   ;
; dff2[1]      ; K5    ; 5        ; 40           ; 19           ; 1           ; no              ; no                     ; no            ; no              ; no         ; no            ; no       ; Off          ; 3.3-V LVTTL  ; 12mA             ; Off         ; Fitter               ; 0 pF ; -                    ; -                   ;
; dff2[2]      ; P19   ; 1        ; 0            ; 8            ; 1           ; no              ; no                     ; no            ; no              ; no         ; no            ; no       ; Off          ; 3.3-V LVTTL  ; 12mA             ; Off         ; Fitter               ; 0 pF ; -                    ; -                   ;
; dff2[3]      ; R3    ; 6        ; 40           ; 6            ; 0           ; no              ; no                     ; no            ; no              ; no         ; no            ; no       ; Off          ; 3.3-V LVTTL  ; 12mA             ; Off         ; Fitter               ; 0 pF ; -                    ; -                   ;
; dff2[4]      ; P2    ; 6        ; 40           ; 9            ; 0           ; no              ; no                     ; no            ; no              ; no         ; no            ; no       ; Off          ; 3.3-V LVTTL  ; 12mA             ; Off         ; Fitter               ; 0 pF ; -                    ; -                   ;
; dff2[5]      ; B9    ; 9        ; 26           ; 27           ; 2           ; no              ; no                     ; no            ; no              ; no         ; no            ; no       ; Off          ; 3.3-V LVTTL  ; 24mA             ; Off         ; Fitter               ; 0 pF ; -                    ; -                   ;
; dff2[6]      ; E15   ; 3        ; 5            ; 27           ; 0           ; no              ; no                     ; no            ; no              ; no         ; no            ; no       ; Off          ; 3.3-V LVTTL  ; 24mA             ; Off         ; Fitter               ; 0 pF ; -                    ; -                   ;
; dff2[7]      ; C17   ; 3        ; 11           ; 27           ; 2           ; no              ; no                     ; no            ; no              ; no         ; no            ; no       ; Off          ; 3.3-V LVTTL  ; 24mA             ; Off         ; Fitter               ; 0 pF ; -                    ; -                   ;
; dff3[0]      ; AB7   ; 7        ; 29           ; 0            ; 3           ; no              ; no                     ; no            ; no              ; no         ; no            ; no       ; Off          ; 3.3-V LVTTL  ; 24mA             ; Off         ; Fitter               ; 0 pF ; -                    ; -                   ;
; dff3[1]      ; L3    ; 5        ; 40           ; 16           ; 0           ; no              ; no                     ; no            ; no              ; no         ; no            ; no       ; Off          ; 3.3-V LVTTL  ; 12mA             ; Off         ; Fitter               ; 0 pF ; -                    ; -                   ;
; dff3[2]      ; N1    ; 6        ; 40           ; 10           ; 0           ; no              ; no                     ; no            ; no              ; no         ; no            ; no       ; Off          ; 3.3-V LVTTL  ; 12mA             ; Off         ; Fitter               ; 0 pF ; -                    ; -                   ;
; dff3[3]      ; N8    ; 6        ; 40           ; 9            ; 2           ; no              ; no                     ; no            ; no              ; no         ; no            ; no       ; Off          ; 3.3-V LVTTL  ; 12mA             ; Off         ; Fitter               ; 0 pF ; -                    ; -                   ;
; dff3[4]      ; D20   ; 3        ; 3            ; 27           ; 3           ; no              ; no                     ; no            ; no              ; no         ; no            ; no       ; Off          ; 3.3-V LVTTL  ; 24mA             ; Off         ; Fitter               ; 0 pF ; -                    ; -                   ;
; dff3[5]      ; N7    ; 6        ; 40           ; 9            ; 1           ; no              ; no                     ; no            ; no              ; no         ; no            ; no       ; Off          ; 3.3-V LVTTL  ; 12mA             ; Off         ; Fitter               ; 0 pF ; -                    ; -                   ;
; dff3[6]      ; B8    ; 4        ; 26           ; 27           ; 0           ; no              ; no                     ; no            ; no              ; no         ; no            ; no       ; Off          ; 3.3-V LVTTL  ; 24mA             ; Off         ; Fitter               ; 0 pF ; -                    ; -                   ;
; dff3[7]      ; H9    ; 4        ; 33           ; 27           ; 2           ; no              ; no                     ; no            ; no              ; no         ; no            ; no       ; Off          ; 3.3-V LVTTL  ; 24mA             ; Off         ; Fitter               ; 0 pF ; -                    ; -                   ;
; dff4[0]      ; F1    ; 5        ; 40           ; 23           ; 0           ; no              ; no                     ; no            ; no              ; no         ; no            ; no       ; Off          ; 3.3-V LVTTL  ; 12mA             ; Off         ; Fitter               ; 0 pF ; -                    ; -                   ;
; dff4[1]      ; C5    ; 4        ; 31           ; 27           ; 1           ; no              ; no                     ; no            ; no              ; no         ; no            ; no       ; Off          ; 3.3-V LVTTL  ; 24mA             ; Off         ; Fitter               ; 0 pF ; -                    ; -                   ;
; dff4[2]      ; N22   ; 1        ; 0            ; 10           ; 0           ; no              ; no                     ; no            ; no              ; no         ; no            ; no       ; Off          ; 3.3-V LVTTL  ; 12mA             ; Off         ; Fitter               ; 0 pF ; -                    ; -                   ;
; dff4[3]      ; H6    ; 5        ; 40           ; 21           ; 2           ; no              ; no                     ; no            ; no              ; no         ; no            ; no       ; Off          ; 3.3-V LVTTL  ; 12mA             ; Off         ; Fitter               ; 0 pF ; -                    ; -                   ;
; dff4[4]      ; H1    ; 5        ; 40           ; 20           ; 0           ; no              ; no                     ; no            ; no              ; no         ; no            ; no       ; Off          ; 3.3-V LVTTL  ; 12mA             ; Off         ; Fitter               ; 0 pF ; -                    ; -                   ;
; dff4[5]      ; T10   ; 7        ; 30           ; 0            ; 2           ; no              ; no                     ; no            ; no              ; no         ; no            ; no       ; Off          ; 3.3-V LVTTL  ; 24mA             ; Off         ; Fitter               ; 0 pF ; -                    ; -                   ;
; dff4[6]      ; G14   ; 3        ; 7            ; 27           ; 3           ; no              ; no                     ; no            ; no              ; no         ; no            ; no       ; Off          ; 3.3-V LVTTL  ; 24mA             ; Off         ; Fitter               ; 0 pF ; -                    ; -                   ;
; dff4[7]      ; L8    ; 5        ; 40           ; 17           ; 2           ; no              ; no                     ; no            ; no              ; no         ; no            ; no       ; Off          ; 3.3-V LVTTL  ; 12mA             ; Off         ; Fitter               ; 0 pF ; -                    ; -                   ;
; dff5[0]      ; C9    ; 9        ; 26           ; 27           ; 1           ; no              ; no                     ; no            ; no              ; no         ; no            ; no       ; Off          ; 3.3-V LVTTL  ; 24mA             ; Off         ; Fitter               ; 0 pF ; -                    ; -                   ;
; dff5[1]      ; P6    ; 6        ; 40           ; 8            ; 2           ; no              ; no                     ; no            ; no              ; no         ; no            ; no       ; Off          ; 3.3-V LVTTL  ; 12mA             ; Off         ; Fitter               ; 0 pF ; -                    ; -                   ;
; dff5[2]      ; B5    ; 4        ; 31           ; 27           ; 0           ; no              ; no                     ; no            ; no              ; no         ; no            ; no       ; Off          ; 3.3-V LVTTL  ; 24mA             ; Off         ; Fitter               ; 0 pF ; -                    ; -                   ;
; dff5[3]      ; V7    ; 7        ; 35           ; 0            ; 0           ; no              ; no                     ; no            ; no              ; no         ; no            ; no       ; Off          ; 3.3-V LVTTL  ; 24mA             ; Off         ; Fitter               ; 0 pF ; -                    ; -                   ;
; dff5[4]      ; K4    ; 5        ; 40           ; 18           ; 3           ; no              ; no                     ; no            ; no              ; no         ; no            ; no       ; Off          ; 3.3-V LVTTL  ; 12mA             ; Off         ; Fitter               ; 0 pF ; -                    ; -                   ;
; dff5[5]      ; U18   ; 1        ; 0            ; 4            ; 1           ; no              ; no                     ; no            ; no              ; no         ; no            ; no       ; Off          ; 3.3-V LVTTL  ; 12mA             ; Off         ; Fitter               ; 0 pF ; -                    ; -                   ;
; dff5[6]      ; N15   ; 1        ; 0            ; 9            ; 2           ; no              ; no                     ; no            ; no              ; no         ; no            ; no       ; Off          ; 3.3-V LVTTL  ; 12mA             ; Off         ; Fitter               ; 0 pF ; -                    ; -                   ;
; dff5[7]      ; W9    ; 10       ; 26           ; 0            ; 2           ; no              ; no                     ; no            ; no              ; no         ; no            ; no       ; Off          ; 3.3-V LVTTL  ; 24mA             ; Off         ; Fitter               ; 0 pF ; -                    ; -                   ;
; dff6[0]      ; H5    ; 5        ; 40           ; 21           ; 1           ; no              ; no                     ; no            ; no              ; no         ; no            ; no       ; Off          ; 3.3-V LVTTL  ; 12mA             ; Off         ; Fitter               ; 0 pF ; -                    ; -                   ;
; dff6[1]      ; AA8   ; 7        ; 26           ; 0            ; 0           ; no              ; no                     ; no            ; no              ; no         ; no            ; no       ; Off          ; 3.3-V LVTTL  ; 24mA             ; Off         ; Fitter               ; 0 pF ; -                    ; -                   ;
; dff6[2]      ; K6    ; 5        ; 40           ; 19           ; 2           ; no              ; no                     ; no            ; no              ; no         ; no            ; no       ; Off          ; 3.3-V LVTTL  ; 12mA             ; Off         ; Fitter               ; 0 pF ; -                    ; -                   ;
; dff6[3]      ; T22   ; 1        ; 0            ; 7            ; 0           ; no              ; no                     ; no            ; no              ; no         ; no            ; no       ; Off          ; 3.3-V LVTTL  ; 12mA             ; Off         ; Fitter               ; 0 pF ; -                    ; -                   ;
; dff6[4]      ; J7    ; 5        ; 40           ; 22           ; 1           ; no              ; no                     ; no            ; no              ; no         ; no            ; no       ; Off          ; 3.3-V LVTTL  ; 12mA             ; Off         ; Fitter               ; 0 pF ; -                    ; -                   ;
; dff6[5]      ; Y7    ; 7        ; 29           ; 0            ; 1           ; no              ; no                     ; no            ; no              ; no         ; no            ; no       ; Off          ; 3.3-V LVTTL  ; 24mA             ; Off         ; Fitter               ; 0 pF ; -                    ; -                   ;
; dff6[6]      ; F4    ; 5        ; 40           ; 25           ; 1           ; no              ; no                     ; no            ; no              ; no         ; no            ; no       ; Off          ; 3.3-V LVTTL  ; 12mA             ; Off         ; Fitter               ; 0 pF ; -                    ; -                   ;
; dff6[7]      ; P7    ; 6        ; 40           ; 7            ; 1           ; no              ; no                     ; no            ; no              ; no         ; no            ; no       ; Off          ; 3.3-V LVTTL  ; 12mA             ; Off         ; Fitter               ; 0 pF ; -                    ; -                   ;
; dff7[0]      ; G13   ; 3        ; 13           ; 27           ; 2           ; no              ; no                     ; no            ; no              ; no         ; no            ; no       ; Off          ; 3.3-V LVTTL  ; 24mA             ; Off         ; Fitter               ; 0 pF ; -                    ; -                   ;
; dff7[1]      ; J20   ; 2        ; 0            ; 19           ; 3           ; no              ; no                     ; no            ; no              ; no         ; no            ; no       ; Off          ; 3.3-V LVTTL  ; 12mA             ; Off         ; Fitter               ; 0 pF ; -                    ; -                   ;
; dff7[2]      ; R2    ; 6        ; 40           ; 8            ; 3           ; no              ; no                     ; no            ; no              ; no         ; no            ; no       ; Off          ; 3.3-V LVTTL  ; 12mA             ; Off         ; Fitter               ; 0 pF ; -                    ; -                   ;
; dff7[3]      ; L2    ; 5        ; 40           ; 16           ; 3           ; no              ; no                     ; no            ; no              ; no         ; no            ; no       ; Off          ; 3.3-V LVTTL  ; 12mA             ; Off         ; Fitter               ; 0 pF ; -                    ; -                   ;
; dff7[4]      ; C8    ; 4        ; 29           ; 27           ; 1           ; no              ; no                     ; no            ; no              ; no         ; no            ; no       ; Off          ; 3.3-V LVTTL  ; 24mA             ; Off         ; Fitter               ; 0 pF ; -                    ; -                   ;
; dff7[5]      ; C6    ; 4        ; 31           ; 27           ; 2           ; no              ; no                     ; no            ; no              ; no         ; no            ; no       ; Off          ; 3.3-V LVTTL  ; 24mA             ; Off         ; Fitter               ; 0 pF ; -                    ; -                   ;
; dff7[6]      ; L21   ; 2        ; 0            ; 16           ; 3           ; no              ; no                     ; no            ; no              ; no         ; no            ; no       ; Off          ; 3.3-V LVTTL  ; 12mA             ; Off         ; Fitter               ; 0 pF ; -                    ; -                   ;
; dff7[7]      ; B10   ; 9        ; 25           ; 27           ; 0           ; no              ; no                     ; no            ; no              ; no         ; no            ; no       ; Off          ; 3.3-V LVTTL  ; 24mA             ; Off         ; Fitter               ; 0 pF ; -                    ; -                   ;
; dff8[0]      ; P20   ; 1        ; 0            ; 9            ; 3           ; no              ; no                     ; no            ; no              ; no         ; no            ; no       ; Off          ; 3.3-V LVTTL  ; 12mA             ; Off         ; Fitter               ; 0 pF ; -                    ; -                   ;
; dff8[1]      ; C7    ; 4        ; 29           ; 27           ; 2           ; no              ; no                     ; no            ; no              ; no         ; no            ; no       ; Off          ; 3.3-V LVTTL  ; 24mA             ; Off         ; Fitter               ; 0 pF ; -                    ; -                   ;
; dff8[2]      ; L20   ; 2        ; 0            ; 16           ; 0           ; no              ; no                     ; no            ; no              ; no         ; no            ; no       ; Off          ; 3.3-V LVTTL  ; 12mA             ; Off         ; Fitter               ; 0 pF ; -                    ; -                   ;
; dff8[3]      ; B16   ; 3        ; 13           ; 27           ; 0           ; no              ; no                     ; no            ; no              ; no         ; no            ; no       ; Off          ; 3.3-V LVTTL  ; 24mA             ; Off         ; Fitter               ; 0 pF ; -                    ; -                   ;
; dff8[4]      ; T1    ; 6        ; 40           ; 7            ; 0           ; no              ; no                     ; no            ; no              ; no         ; no            ; no       ; Off          ; 3.3-V LVTTL  ; 12mA             ; Off         ; Fitter               ; 0 pF ; -                    ; -                   ;
; dff8[5]      ; AB6   ; 7        ; 30           ; 0            ; 3           ; no              ; no                     ; no            ; no              ; no         ; no            ; no       ; Off          ; 3.3-V LVTTL  ; 24mA             ; Off         ; Fitter               ; 0 pF ; -                    ; -                   ;
; dff8[6]      ; E12   ; 3        ; 15           ; 27           ; 3           ; no              ; no                     ; no            ; no              ; no         ; no            ; no       ; Off          ; 3.3-V LVTTL  ; 24mA             ; Off         ; Fitter               ; 0 pF ; -                    ; -                   ;
; dff8[7]      ; E10   ; 4        ; 30           ; 27           ; 2           ; no              ; no                     ; no            ; no              ; no         ; no            ; no       ; Off          ; 3.3-V LVTTL  ; 24mA             ; Off         ; Fitter               ; 0 pF ; -                    ; -                   ;
; dff9[0]      ; D8    ; 4        ; 34           ; 27           ; 0           ; no              ; no                     ; no            ; no              ; no         ; no            ; no       ; Off          ; 3.3-V LVTTL  ; 24mA             ; Off         ; Fitter               ; 0 pF ; -                    ; -                   ;
; dff9[1]      ; P21   ; 1        ; 0            ; 9            ; 0           ; no              ; no                     ; no            ; no              ; no         ; no            ; no       ; Off          ; 3.3-V LVTTL  ; 12mA             ; Off         ; Fitter               ; 0 pF ; -                    ; -                   ;
; dff9[2]      ; N16   ; 1        ; 0            ; 9            ; 1           ; no              ; no                     ; no            ; no              ; no         ; no            ; no       ; Off          ; 3.3-V LVTTL  ; 12mA             ; Off         ; Fitter               ; 0 pF ; -                    ; -                   ;
; dff9[3]      ; D11   ; 3        ; 15           ; 27           ; 0           ; no              ; no                     ; no            ; no              ; no         ; no            ; no       ; Off          ; 3.3-V LVTTL  ; 24mA             ; Off         ; Fitter               ; 0 pF ; -                    ; -                   ;
; dff9[4]      ; B13   ; 3        ; 18           ; 27           ; 3           ; no              ; no                     ; no            ; no              ; no         ; no            ; no       ; Off          ; 3.3-V LVTTL  ; 24mA             ; Off         ; Fitter               ; 0 pF ; -                    ; -                   ;
; dff9[5]      ; W10   ; 7        ; 22           ; 0            ; 1           ; no              ; no                     ; no            ; no              ; no         ; no            ; no       ; Off          ; 3.3-V LVTTL  ; 24mA             ; Off         ; Fitter               ; 0 pF ; -                    ; -                   ;
; dff9[6]      ; K19   ; 2        ; 0            ; 18           ; 3           ; no              ; no                     ; no            ; no              ; no         ; no            ; no       ; Off          ; 3.3-V LVTTL  ; 12mA             ; Off         ; Fitter               ; 0 pF ; -                    ; -                   ;
; dff9[7]      ; J2    ; 5        ; 40           ; 19           ; 0           ; no              ; no                     ; no            ; no              ; no         ; no            ; no       ; Off          ; 3.3-V LVTTL  ; 12mA             ; Off         ; Fitter               ; 0 pF ; -                    ; -                   ;
; hit          ; C19   ; 3        ; 3            ; 27           ; 0           ; no              ; no                     ; no            ; no              ; no         ; no            ; no       ; Off          ; 3.3-V LVTTL  ; 24mA             ; Off         ; Fitter               ; 0 pF ; -                    ; -                   ;
; t0           ; C14   ; 3        ; 10           ; 27           ; 1           ; no              ; no                     ; no            ; no              ; no         ; no            ; no       ; Off          ; 3.3-V LVTTL  ; 24mA             ; Off         ; Fitter               ; 0 pF ; -                    ; -                   ;
; t01          ; J21   ; 2        ; 0            ; 19           ; 0           ; no              ; no                     ; no            ; no              ; no         ; no            ; no       ; Off          ; 3.3-V LVTTL  ; 12mA             ; Off         ; Fitter               ; 0 pF ; -                    ; -                   ;
+--------------+-------+----------+--------------+--------------+-------------+-----------------+------------------------+---------------+-----------------+------------+---------------+----------+--------------+--------------+------------------+-------------+----------------------+------+----------------------+---------------------+


+------------------------------------------------------------+
; I/O Bank Usage                                             ;
+----------+------------------+---------------+--------------+
; I/O Bank ; Usage            ; VCCIO Voltage ; VREF Voltage ;
+----------+------------------+---------------+--------------+
; 1        ; 23 / 40 ( 57 % ) ; 3.3V          ; --           ;
; 2        ; 35 / 44 ( 80 % ) ; 3.3V          ; --           ;
; 3        ; 40 / 50 ( 80 % ) ; 3.3V          ; --           ;
; 4        ; 24 / 35 ( 69 % ) ; 3.3V          ; --           ;
; 5        ; 33 / 44 ( 75 % ) ; 3.3V          ; --           ;
; 6        ; 18 / 40 ( 45 % ) ; 3.3V          ; --           ;
; 7        ; 14 / 34 ( 41 % ) ; 3.3V          ; --           ;
; 8        ; 10 / 43 ( 23 % ) ; 3.3V          ; --           ;
; 9        ; 6 / 6 ( 100 % )  ; 3.3V          ; --           ;
; 10       ; 6 / 6 ( 100 % )  ; 3.3V          ; --           ;
+----------+------------------+---------------+--------------+


+--------------------------------------------------------------------------------------------------------------------------------------------------------+
; All Package Pins                                                                                                                                       ;
+----------+------------+----------+--------------------------+--------+--------------+---------+------------+-----------------+----------+--------------+
; Location ; Pad Number ; I/O Bank ; Pin Name/Usage           ; Dir.   ; I/O Standard ; Voltage ; I/O Type   ; User Assignment ; Bus Hold ; Weak Pull Up ;
+----------+------------+----------+--------------------------+--------+--------------+---------+------------+-----------------+----------+--------------+
; A1       ;            ;          ; GND                      ; gnd    ;              ;         ; --         ;                 ; --       ; --           ;
; A2       ;            ;          ; TEMPDIODEp               ;        ;              ;         ; --         ;                 ; --       ; --           ;
; A3       ;            ; 4        ; VCCIO4                   ; power  ;              ; 3.3V    ; --         ;                 ; --       ; --           ;
; A4       ; 277        ; 4        ; ^MSEL3                   ;        ;              ;         ; --         ;                 ; --       ; --           ;
; A5       ; 307        ; 4        ; ad[5]                    ; output ; 3.3-V LVTTL  ;         ; Column I/O ; N               ; no       ; Off          ;
; A6       ; 311        ; 4        ; address_o[5]             ; output ; 3.3-V LVTTL  ;         ; Column I/O ; N               ; no       ; Off          ;
; A7       ; 315        ; 4        ; per_data[6]              ; input  ; 3.3-V LVTTL  ;         ; Column I/O ; N               ; no       ; Off          ;
; A8       ; 318        ; 4        ; data[1]                  ; output ; 3.3-V LVTTL  ;         ; Column I/O ; N               ; no       ; Off          ;
; A9       ;            ;          ; GND                      ; gnd    ;              ;         ; --         ;                 ; --       ; --           ;
; A10      ; 323        ; 9        ; per_strob                ; input  ; 3.3-V LVTTL  ;         ; Column I/O ; N               ; no       ; Off          ;
; A11      ;            ; 4        ; VCCIO4                   ; power  ;              ; 3.3V    ; --         ;                 ; --       ; --           ;
; A12      ;            ; 3        ; VCCIO3                   ; power  ;              ; 3.3V    ; --         ;                 ; --       ; --           ;
; A13      ; 329        ; 3        ; ad[1]                    ; output ; 3.3-V LVTTL  ;         ; Column I/O ; N               ; no       ; Off          ;
; A14      ;            ;          ; GND                      ; gnd    ;              ;         ; --         ;                 ; --       ; --           ;
; A15      ; 343        ; 3        ; dff13[7]                 ; output ; 3.3-V LVTTL  ;         ; Column I/O ; N               ; no       ; Off          ;
; A16      ; 347        ; 3        ; address_o[6]             ; output ; 3.3-V LVTTL  ;         ; Column I/O ; N               ; no       ; Off          ;
; A17      ; 351        ; 3        ; dff15[2]                 ; output ; 3.3-V LVTTL  ;         ; Column I/O ; N               ; no       ; Off          ;
; A18      ; 350        ; 3        ; dff11[6]                 ; output ; 3.3-V LVTTL  ;         ; Column I/O ; N               ; no       ; Off          ;
; A19      ; 375        ; 3        ; GND*                     ;        ;              ;         ; Column I/O ;                 ; no       ; Off          ;
; A20      ;            ; 3        ; VCCIO3                   ; power  ;              ; 3.3V    ; --         ;                 ; --       ; --           ;
; A21      ; 383        ; 3        ; ^nCE                     ;        ;              ;         ; --         ;                 ; --       ; --           ;
; A22      ;            ;          ; GND                      ; gnd    ;              ;         ; --         ;                 ; --       ; --           ;
; AA1      ;            ; 6        ; VCCIO6                   ; power  ;              ; 3.3V    ; --         ;                 ; --       ; --           ;
; AA2      ;            ;          ; GND                      ; gnd    ;              ;         ; --         ;                 ; --       ; --           ;
; AA3      ; 191        ; 7        ; ^nCEO                    ;        ;              ;         ; --         ;                 ; --       ; --           ;
; AA4      ; 181        ; 7        ; GND*                     ;        ;              ;         ; Column I/O ;                 ; no       ; Off          ;
; AA5      ; 163        ; 7        ; GND*                     ;        ;              ;         ; Column I/O ;                 ; no       ; Off          ;
; AA6      ; 159        ; 7        ; GND*                     ;        ;              ;         ; Column I/O ;                 ; no       ; Off          ;
; AA7      ; 155        ; 7        ; GND*                     ;        ;              ;         ; Column I/O ;                 ; no       ; Off          ;
; AA8      ; 151        ; 7        ; dff6[1]                  ; output ; 3.3-V LVTTL  ;         ; Column I/O ; N               ; no       ; Off          ;
; AA9      ; 144        ; 10       ; address[0]               ; input  ; 3.3-V LVTTL  ;         ; Column I/O ; N               ; no       ; Off          ;
; AA10     ; 147        ; 10       ; dff14[2]                 ; output ; 3.3-V LVTTL  ;         ; Column I/O ; N               ; no       ; Off          ;
; AA11     ; 141        ; 7        ; address[9]               ; input  ; 3.3-V LVTTL  ;         ; Column I/O ; N               ; no       ; Off          ;
; AA12     ; 138        ; 8        ; dff13[2]                 ; output ; 3.3-V LVTTL  ;         ; Column I/O ; N               ; no       ; Off          ;
; AA13     ; 137        ; 8        ; dff12[6]                 ; output ; 3.3-V LVTTL  ;         ; Column I/O ; N               ; no       ; Off          ;
; AA14     ;            ; 8        ; VREFB8                   ; power  ;              ;         ; --         ;                 ; --       ; --           ;
; AA15     ; 127        ; 8        ; GND*                     ;        ;              ;         ; Column I/O ;                 ; no       ; Off          ;
; AA16     ; 123        ; 8        ; GND*                     ;        ;              ;         ; Column I/O ;                 ; no       ; Off          ;
; AA17     ; 119        ; 8        ; GND*                     ;        ;              ;         ; Column I/O ;                 ; no       ; Off          ;
; AA18     ; 115        ; 8        ; GND*                     ;        ;              ;         ; Column I/O ;                 ; no       ; Off          ;
; AA19     ; 85         ; 8        ; #TCK                     ; input  ;              ;         ; --         ;                 ; --       ; --           ;
; AA20     ; 86         ; 8        ; #TMS                     ; input  ;              ;         ; --         ;                 ; --       ; --           ;
; AA21     ;            ;          ; GND                      ; gnd    ;              ;         ; --         ;                 ; --       ; --           ;
; AA22     ;            ; 1        ; VCCIO1                   ; power  ;              ; 3.3V    ; --         ;                 ; --       ; --           ;
; AB1      ;            ;          ; GND                      ; gnd    ;              ;         ; --         ;                 ; --       ; --           ;
; AB2      ; 190        ; 7        ; ^nIO_PULLUP              ;        ;              ;         ; --         ;                 ; --       ; --           ;
; AB3      ;            ; 7        ; VCCIO7                   ; power  ;              ; 3.3V    ; --         ;                 ; --       ; --           ;
; AB4      ;            ;          ; GND                      ; gnd    ;              ;         ; --         ;                 ; --       ; --           ;
; AB5      ; 161        ; 7        ; GND*                     ;        ;              ;         ; Column I/O ;                 ; no       ; Off          ;
; AB6      ; 157        ; 7        ; dff8[5]                  ; output ; 3.3-V LVTTL  ;         ; Column I/O ; N               ; no       ; Off          ;
; AB7      ; 153        ; 7        ; dff3[0]                  ; output ; 3.3-V LVTTL  ;         ; Column I/O ; N               ; no       ; Off          ;
; AB8      ; 150        ; 7        ; dff14[7]                 ; output ; 3.3-V LVTTL  ;         ; Column I/O ; N               ; no       ; Off          ;
; AB9      ;            ;          ; GND                      ; gnd    ;              ;         ; --         ;                 ; --       ; --           ;
; AB10     ; 145        ; 10       ; dff1[7]                  ; output ; 3.3-V LVTTL  ;         ; Column I/O ; N               ; no       ; Off          ;
; AB11     ;            ; 7        ; VCCIO7                   ; power  ;              ; 3.3V    ; --         ;                 ; --       ; --           ;
; AB12     ;            ; 8        ; VCCIO8                   ; power  ;              ; 3.3V    ; --         ;                 ; --       ; --           ;
; AB13     ; 139        ; 8        ; write[0]                 ; input  ; 3.3-V LVTTL  ;         ; Column I/O ; N               ; no       ; Off          ;
; AB14     ;            ;          ; GND                      ; gnd    ;              ;         ; --         ;                 ; --       ; --           ;
; AB15     ; 125        ; 8        ; GND*                     ;        ;              ;         ; Column I/O ;                 ; no       ; Off          ;
; AB16     ; 124        ; 8        ; GND*                     ;        ;              ;         ; Column I/O ;                 ; no       ; Off          ;
; AB17     ; 117        ; 8        ; GND*                     ;        ;              ;         ; Column I/O ;                 ; no       ; Off          ;
; AB18     ; 118        ; 8        ; GND*                     ;        ;              ;         ; Column I/O ;                 ; no       ; Off          ;
; AB19     ; 87         ; 8        ; #TRST                    ; input  ;              ;         ; --         ;                 ; --       ; --           ;
; AB20     ;            ; 8        ; VCCIO8                   ; power  ;              ; 3.3V    ; --         ;                 ; --       ; --           ;
; AB21     ; 84         ; 8        ; #TDI                     ; input  ;              ;         ; --         ;                 ; --       ; --           ;
; AB22     ;            ;          ; GND                      ; gnd    ;              ;         ; --         ;                 ; --       ; --           ;
; B1       ;            ; 5        ; VCCIO5                   ; power  ;              ; 3.3V    ; --         ;                 ; --       ; --           ;
; B2       ;            ;          ; GND                      ; gnd    ;              ;         ; --         ;                 ; --       ; --           ;
; B3       ; 276        ; 4        ; #TDO                     ; output ;              ;         ; --         ;                 ; --       ; --           ;
; B4       ; 279        ; 4        ; ^MSEL2                   ;        ;              ;         ; --         ;                 ; --       ; --           ;
; B5       ; 305        ; 4        ; dff5[2]                  ; output ; 3.3-V LVTTL  ;         ; Column I/O ; N               ; no       ; Off          ;
; B6       ; 309        ; 4        ; data[3]                  ; output ; 3.3-V LVTTL  ;         ; Column I/O ; N               ; no       ; Off          ;
; B7       ; 313        ; 4        ; dff13[4]                 ; output ; 3.3-V LVTTL  ;         ; Column I/O ; N               ; no       ; Off          ;
; B8       ; 317        ; 4        ; dff3[6]                  ; output ; 3.3-V LVTTL  ;         ; Column I/O ; N               ; no       ; Off          ;
; B9       ; 320        ; 9        ; dff2[5]                  ; output ; 3.3-V LVTTL  ;         ; Column I/O ; N               ; no       ; Off          ;
; B10      ; 321        ; 9        ; dff7[7]                  ; output ; 3.3-V LVTTL  ;         ; Column I/O ; N               ; no       ; Off          ;
; B11      ; 327        ; 4        ; address[6]               ; input  ; 3.3-V LVTTL  ;         ; Column I/O ; N               ; no       ; Off          ;
; B12      ; 328        ; 4        ; address[5]               ; input  ; 3.3-V LVTTL  ;         ; Column I/O ; N               ; no       ; Off          ;
; B13      ; 331        ; 3        ; dff9[4]                  ; output ; 3.3-V LVTTL  ;         ; Column I/O ; N               ; no       ; Off          ;
; B14      ;            ; 3        ; VREFB3                   ; power  ;              ;         ; --         ;                 ; --       ; --           ;
; B15      ; 341        ; 3        ; cout0                    ; output ; 3.3-V LVTTL  ;         ; Column I/O ; N               ; no       ; Off          ;
; B16      ; 345        ; 3        ; dff8[3]                  ; output ; 3.3-V LVTTL  ;         ; Column I/O ; N               ; no       ; Off          ;
; B17      ; 349        ; 3        ; address_o[7]             ; output ; 3.3-V LVTTL  ;         ; Column I/O ; N               ; no       ; Off          ;
; B18      ; 353        ; 3        ; ad[6]                    ; output ; 3.3-V LVTTL  ;         ; Column I/O ; N               ; no       ; Off          ;
; B19      ; 377        ; 3        ; GND*                     ;        ;              ;         ; Column I/O ;                 ; no       ; Off          ;
; B20      ; 381        ; 3        ; ^nSTATUS                 ;        ;              ;         ; --         ;                 ; --       ; --           ;
; B21      ;            ;          ; GND                      ; gnd    ;              ;         ; --         ;                 ; --       ; --           ;
; B22      ;            ; 2        ; VCCIO2                   ; power  ;              ; 3.3V    ; --         ;                 ; --       ; --           ;
; C1       ; 275        ; 5        ; GND*                     ;        ;              ;         ; Row I/O    ;                 ; no       ; Off          ;
; C2       ; 273        ; 5        ; GND*                     ;        ;              ;         ; Row I/O    ;                 ; no       ; Off          ;
; C3       ;            ;          ; TEMPDIODEn               ;        ;              ;         ; --         ;                 ; --       ; --           ;
; C4       ; 285        ; 4        ; GND*                     ;        ;              ;         ; Column I/O ;                 ; no       ; Off          ;
; C5       ; 306        ; 4        ; dff4[1]                  ; output ; 3.3-V LVTTL  ;         ; Column I/O ; N               ; no       ; Off          ;
; C6       ; 308        ; 4        ; dff7[5]                  ; output ; 3.3-V LVTTL  ;         ; Column I/O ; N               ; no       ; Off          ;
; C7       ; 316        ; 4        ; dff8[1]                  ; output ; 3.3-V LVTTL  ;         ; Column I/O ; N               ; no       ; Off          ;
; C8       ; 314        ; 4        ; dff7[4]                  ; output ; 3.3-V LVTTL  ;         ; Column I/O ; N               ; no       ; Off          ;
; C9       ; 319        ; 9        ; dff5[0]                  ; output ; 3.3-V LVTTL  ;         ; Column I/O ; N               ; no       ; Off          ;
; C10      ; 324        ; 9        ; dff0[3]                  ; output ; 3.3-V LVTTL  ;         ; Column I/O ; N               ; no       ; Off          ;
; C11      ; 325        ; 4        ; address[7]               ; input  ; 3.3-V LVTTL  ;         ; Column I/O ; N               ; no       ; Off          ;
; C12      ; 326        ; 4        ; address[8]               ; input  ; 3.3-V LVTTL  ;         ; Column I/O ; N               ; no       ; Off          ;
; C13      ; 330        ; 3        ; per_data[1]              ; input  ; 3.3-V LVTTL  ;         ; Column I/O ; N               ; no       ; Off          ;
; C14      ; 354        ; 3        ; t0                       ; output ; 3.3-V LVTTL  ;         ; Column I/O ; N               ; no       ; Off          ;
; C15      ; 342        ; 3        ; write[4]                 ; input  ; 3.3-V LVTTL  ;         ; Column I/O ; N               ; no       ; Off          ;
; C16      ; 344        ; 3        ; data_o[5]                ; output ; 3.3-V LVTTL  ;         ; Column I/O ; N               ; no       ; Off          ;
; C17      ; 352        ; 3        ; dff2[7]                  ; output ; 3.3-V LVTTL  ;         ; Column I/O ; N               ; no       ; Off          ;
; C18      ; 355        ; 3        ; ad[7]                    ; output ; 3.3-V LVTTL  ;         ; Column I/O ; N               ; no       ; Off          ;
; C19      ; 369        ; 3        ; hit                      ; output ; 3.3-V LVTTL  ;         ; Column I/O ; N               ; no       ; Off          ;
; C20      ; 384        ; 3        ; ^CONF_DONE               ;        ;              ;         ; --         ;                 ; --       ; --           ;
; C21      ; 2          ; 2        ; GND*                     ;        ;              ;         ; Row I/O    ;                 ; no       ; Off          ;
; C22      ; 0          ; 2        ; GND*                     ;        ;              ;         ; Row I/O    ;                 ; no       ; Off          ;
; D1       ; 271        ; 5        ; GND*                     ;        ;              ;         ; Row I/O    ;                 ; no       ; Off          ;
; D2       ; 269        ; 5        ; GND*                     ;        ;              ;         ; Row I/O    ;                 ; no       ; Off          ;
; D3       ; 287        ; 4        ; data_o[4]                ; output ; 3.3-V LVTTL  ;         ; Column I/O ; N               ; no       ; Off          ;
; D4       ; 278        ; 4        ; ^MSEL1                   ;        ;              ;         ; --         ;                 ; --       ; --           ;
; D5       ; 283        ; 4        ; read_write_per           ; input  ; 3.3-V LVTTL  ;         ; Column I/O ; N               ; no       ; Off          ;
; D6       ; 293        ; 4        ; dff14[5]                 ; output ; 3.3-V LVTTL  ;         ; Column I/O ; N               ; no       ; Off          ;
; D7       ;            ; 4        ; VREFB4                   ; power  ;              ;         ; --         ;                 ; --       ; --           ;
; D8       ; 297        ; 4        ; dff9[0]                  ; output ; 3.3-V LVTTL  ;         ; Column I/O ; N               ; no       ; Off          ;
; D9       ;            ; 4        ; VREFB4                   ; power  ;              ;         ; --         ;                 ; --       ; --           ;
; D10      ; 322        ; 9        ; dff12[1]                 ; output ; 3.3-V LVTTL  ;         ; Column I/O ; N               ; no       ; Off          ;
; D11      ; 337        ; 3        ; dff9[3]                  ; output ; 3.3-V LVTTL  ;         ; Column I/O ; N               ; no       ; Off          ;
; D12      ; 333        ; 3        ; address_o[1]             ; output ; 3.3-V LVTTL  ;         ; Column I/O ; N               ; no       ; Off          ;
; D13      ; 332        ; 3        ; address[4]               ; input  ; 3.3-V LVTTL  ;         ; Column I/O ; N               ; no       ; Off          ;
; D14      ; 356        ; 3        ; data[2]                  ; output ; 3.3-V LVTTL  ;         ; Column I/O ; N               ; no       ; Off          ;
; D15      ; 361        ; 3        ; GND*                     ;        ;              ;         ; Column I/O ;                 ; no       ; Off          ;
; D16      ;            ; 3        ; VREFB3                   ; power  ;              ;         ; --         ;                 ; --       ; --           ;
; D17      ; 373        ; 3        ; GND*                     ;        ;              ;         ; Column I/O ;                 ; no       ; Off          ;
; D18      ; 379        ; 3        ; GND*                     ;        ;              ;         ; Column I/O ;                 ; no       ; Off          ;
; D19      ; 382        ; 3        ; ^DCLK                    ;        ;              ;         ; --         ;                 ; --       ; --           ;
; D20      ; 371        ; 3        ; dff3[4]                  ; output ; 3.3-V LVTTL  ;         ; Column I/O ; N               ; no       ; Off          ;
; D21      ; 6          ; 2        ; GND*                     ;        ;              ;         ; Row I/O    ;                 ; no       ; Off          ;
; D22      ; 4          ; 2        ; GND*                     ;        ;              ;         ; Row I/O    ;                 ; no       ; Off          ;
; E1       ; 267        ; 5        ; write[1]                 ; input  ; 3.3-V LVTTL  ;         ; Row I/O    ; N               ; no       ; Off          ;
; E2       ; 265        ; 5        ; dff10[7]                 ; output ; 3.3-V LVTTL  ;         ; Row I/O    ; N               ; no       ; Off          ;
; E3       ; 274        ; 5        ; GND*                     ;        ;              ;         ; Row I/O    ;                 ; no       ; Off          ;
; E4       ; 272        ; 5        ; GND*                     ;        ;              ;         ; Row I/O    ;                 ; no       ; Off          ;
; E5       ; 280        ; 4        ; ^MSEL0                   ;        ;              ;         ; --         ;                 ; --       ; --           ;
; E6       ; 281        ; 4        ; GND*                     ;        ;              ;         ; Column I/O ;                 ; no       ; Off          ;
; E7       ; 289        ; 4        ; GND*                     ;        ;              ;         ; Column I/O ;                 ; no       ; Off          ;
; E8       ; 298        ; 4        ; GND*                     ;        ;              ;         ; Column I/O ;                 ; no       ; Off          ;
; E9       ; 301        ; 4        ; GND*                     ;        ;              ;         ; Column I/O ;                 ; no       ; Off          ;
; E10      ; 312        ; 4        ; dff8[7]                  ; output ; 3.3-V LVTTL  ;         ; Column I/O ; N               ; no       ; Off          ;
; E11      ; 335        ; 3        ; address_o[8]             ; output ; 3.3-V LVTTL  ;         ; Column I/O ; N               ; no       ; Off          ;
; E12      ; 339        ; 3        ; dff8[6]                  ; output ; 3.3-V LVTTL  ;         ; Column I/O ; N               ; no       ; Off          ;
; E13      ; 338        ; 3        ; ~DATA0~ / RESERVED_INPUT ; input  ; 3.3-V LVTTL  ;         ; Column I/O ; N               ; no       ; Off          ;
; E14      ; 357        ; 3        ; dff10[5]                 ; output ; 3.3-V LVTTL  ;         ; Column I/O ; N               ; no       ; Off          ;
; E15      ; 365        ; 3        ; dff2[6]                  ; output ; 3.3-V LVTTL  ;         ; Column I/O ; N               ; no       ; Off          ;
; E16      ; 374        ; 3        ; data_o[2]                ; output ; 3.3-V LVTTL  ;         ; Column I/O ; N               ; no       ; Off          ;
; E17      ; 376        ; 3        ; write-read               ; input  ; 3.3-V LVTTL  ;         ; Column I/O ; N               ; no       ; Off          ;
; E18      ; 380        ; 3        ; GND*                     ;        ;              ;         ; Column I/O ;                 ; no       ; Off          ;
; E19      ; 3          ; 2        ; GND*                     ;        ;              ;         ; Row I/O    ;                 ; no       ; Off          ;
; E20      ; 1          ; 2        ; GND*                     ;        ;              ;         ; Row I/O    ;                 ; no       ; Off          ;
; E21      ; 10         ; 2        ; per_address[6]           ; input  ; 3.3-V LVTTL  ;         ; Row I/O    ; N               ; no       ; Off          ;
; E22      ; 8          ; 2        ; dff14[4]                 ; output ; 3.3-V LVTTL  ;         ; Row I/O    ; N               ; no       ; Off          ;
; F1       ; 263        ; 5        ; dff4[0]                  ; output ; 3.3-V LVTTL  ;         ; Row I/O    ; N               ; no       ; Off          ;
; F2       ; 261        ; 5        ; address_o[3]             ; output ; 3.3-V LVTTL  ;         ; Row I/O    ; N               ; no       ; Off          ;
; F3       ;            ; 5        ; VREFB5                   ; power  ;              ;         ; --         ;                 ; --       ; --           ;
; F4       ; 270        ; 5        ; dff6[6]                  ; output ; 3.3-V LVTTL  ;         ; Row I/O    ; N               ; no       ; Off          ;
; F5       ; 268        ; 5        ; GND*                     ;        ;              ;         ; Row I/O    ;                 ; no       ; Off          ;
; F6       ; 288        ; 4        ; GND*                     ;        ;              ;         ; Column I/O ;                 ; no       ; Off          ;
; F7       ; 296        ; 4        ; GND*                     ;        ;              ;         ; Column I/O ;                 ; no       ; Off          ;
; F8       ; 294        ; 4        ; GND*                     ;        ;              ;         ; Column I/O ;                 ; no       ; Off          ;
; F9       ; 300        ; 4        ; data[6]                  ; output ; 3.3-V LVTTL  ;         ; Column I/O ; N               ; no       ; Off          ;
; F10      ;            ;          ; GNDA_PLL5                ; gnd    ;              ;         ; --         ;                 ; --       ; --           ;
; F11      ;            ;          ; GNDA_PLL5                ; gnd    ;              ;         ; --         ;                 ; --       ; --           ;
; F12      ;            ;          ; VCCA_PLL5                ; power  ;              ; 1.2V    ; --         ;                 ; --       ; --           ;
; F13      ; 346        ; 3        ; dff14[6]                 ; output ; 3.3-V LVTTL  ;         ; Column I/O ; N               ; no       ; Off          ;
; F14      ; 358        ; 3        ; per_data[3]              ; input  ; 3.3-V LVTTL  ;         ; Column I/O ; N               ; no       ; Off          ;
; F15      ; 367        ; 3        ; dff1[3]                  ; output ; 3.3-V LVTTL  ;         ; Column I/O ; N               ; no       ; Off          ;
; F16      ; 362        ; 3        ; GND*                     ;        ;              ;         ; Column I/O ;                 ; no       ; Off          ;
; F17      ; 378        ; 3        ; GND*                     ;        ;              ;         ; Column I/O ;                 ; no       ; Off          ;
; F18      ;            ; 2        ; VREFB2                   ; power  ;              ;         ; --         ;                 ; --       ; --           ;
; F19      ; 11         ; 2        ; GND*                     ;        ;              ;         ; Row I/O    ;                 ; no       ; Off          ;
; F20      ; 9          ; 2        ; dff1[6]                  ; output ; 3.3-V LVTTL  ;         ; Row I/O    ; N               ; no       ; Off          ;
; F21      ; 14         ; 2        ; per_data[2]              ; input  ; 3.3-V LVTTL  ;         ; Row I/O    ; N               ; no       ; Off          ;
; F22      ; 12         ; 2        ; dff0[4]                  ; output ; 3.3-V LVTTL  ;         ; Row I/O    ; N               ; no       ; Off          ;
; G1       ; 255        ; 5        ; dff13[0]                 ; output ; 3.3-V LVTTL  ;         ; Row I/O    ; N               ; no       ; Off          ;
; G2       ; 253        ; 5        ; dff15[7]                 ; output ; 3.3-V LVTTL  ;         ; Row I/O    ; N               ; no       ; Off          ;
; G3       ; 262        ; 5        ; dff2[0]                  ; output ; 3.3-V LVTTL  ;         ; Row I/O    ; N               ; no       ; Off          ;
; G4       ; 260        ; 5        ; GND*                     ;        ;              ;         ; Row I/O    ;                 ; no       ; Off          ;
; G5       ; 266        ; 5        ; GND*                     ;        ;              ;         ; Row I/O    ;                 ; no       ; Off          ;
; G6       ; 264        ; 5        ; GND*                     ;        ;              ;         ; Row I/O    ;                 ; no       ; Off          ;
; G7       ; 286        ; 4        ; GND*                     ;        ;              ;         ; Column I/O ;                 ; no       ; Off          ;
; G8       ; 291        ; 4        ; GND*                     ;        ;              ;         ; Column I/O ;                 ; no       ; Off          ;
; G9       ; 302        ; 4        ; data_o[7]                ; output ; 3.3-V LVTTL  ;         ; Column I/O ; N               ; no       ; Off          ;
; G10      ;            ; 9        ; VCC_PLL5_OUT             ; power  ;              ; 3.3V    ; --         ;                 ; --       ; --           ;
; G11      ;            ;          ; VCCD_PLL5                ; power  ;              ; 1.2V    ; --         ;                 ; --       ; --           ;
; G12      ; 336        ; 3        ; data_o[0]                ; output ; 3.3-V LVTTL  ;         ; Column I/O ; N               ; no       ; Off          ;
; G13      ; 348        ; 3        ; dff7[0]                  ; output ; 3.3-V LVTTL  ;         ; Column I/O ; N               ; no       ; Off          ;
; G14      ; 359        ; 3        ; dff4[6]                  ; output ; 3.3-V LVTTL  ;         ; Column I/O ; N               ; no       ; Off          ;
; G15      ; 366        ; 3        ; address_o[4]             ; output ; 3.3-V LVTTL  ;         ; Column I/O ; N               ; no       ; Off          ;
; G16      ; 370        ; 3        ; GND*                     ;        ;              ;         ; Column I/O ;                 ; no       ; Off          ;
; G17      ; 7          ; 2        ; GND*                     ;        ;              ;         ; Row I/O    ;                 ; no       ; Off          ;
; G18      ; 5          ; 2        ; data_o[3]                ; output ; 3.3-V LVTTL  ;         ; Row I/O    ; N               ; no       ; Off          ;
; G19      ; 19         ; 2        ; dff14[1]                 ; output ; 3.3-V LVTTL  ;         ; Row I/O    ; N               ; no       ; Off          ;
; G20      ; 17         ; 2        ; dff10[6]                 ; output ; 3.3-V LVTTL  ;         ; Row I/O    ; N               ; no       ; Off          ;
; G21      ; 22         ; 2        ; per_address[5]           ; input  ; 3.3-V LVTTL  ;         ; Row I/O    ; N               ; no       ; Off          ;
; G22      ; 20         ; 2        ; write[5]                 ; input  ; 3.3-V LVTTL  ;         ; Row I/O    ; N               ; no       ; Off          ;
; H1       ; 251        ; 5        ; dff4[4]                  ; output ; 3.3-V LVTTL  ;         ; Row I/O    ; N               ; no       ; Off          ;
; H2       ; 249        ; 5        ; per_address[8]           ; input  ; 3.3-V LVTTL  ;         ; Row I/O    ; N               ; no       ; Off          ;
; H3       ; 259        ; 5        ; dff12[5]                 ; output ; 3.3-V LVTTL  ;         ; Row I/O    ; N               ; no       ; Off          ;
; H4       ; 257        ; 5        ; ad[3]                    ; output ; 3.3-V LVTTL  ;         ; Row I/O    ; N               ; no       ; Off          ;
; H5       ; 254        ; 5        ; dff6[0]                  ; output ; 3.3-V LVTTL  ;         ; Row I/O    ; N               ; no       ; Off          ;
; H6       ; 252        ; 5        ; dff4[3]                  ; output ; 3.3-V LVTTL  ;         ; Row I/O    ; N               ; no       ; Off          ;
; H7       ; 284        ; 4        ; GND*                     ;        ;              ;         ; Column I/O ;                 ; no       ; Off          ;
; H8       ;            ;          ; VCCINT                   ; power  ;              ; 1.2V    ; --         ;                 ; --       ; --           ;
; H9       ; 304        ; 4        ; dff3[7]                  ; output ; 3.3-V LVTTL  ;         ; Column I/O ; N               ; no       ; Off          ;
; H10      ;            ; 4        ; VCCPD4                   ; power  ;              ; 3.3V    ; --         ;                 ; --       ; --           ;
; H11      ; 334        ; 3        ; ad[8]                    ; output ; 3.3-V LVTTL  ;         ; Column I/O ; N               ; no       ; Off          ;
; H12      ; 340        ; 3        ; dff10[3]                 ; output ; 3.3-V LVTTL  ;         ; Column I/O ; N               ; no       ; Off          ;
; H13      ;            ; 3        ; VCCPD3                   ; power  ;              ; 3.3V    ; --         ;                 ; --       ; --           ;
; H14      ; 360        ; 3        ; write[3]                 ; input  ; 3.3-V LVTTL  ;         ; Column I/O ; N               ; no       ; Off          ;
; H15      ;            ;          ; GND                      ; gnd    ;              ;         ; --         ;                 ; --       ; --           ;
; H16      ; 368        ; 3        ; GND*                     ;        ;              ;         ; Column I/O ;                 ; no       ; Off          ;
; H17      ; 15         ; 2        ; per_address[1]           ; input  ; 3.3-V LVTTL  ;         ; Row I/O    ; N               ; no       ; Off          ;
; H18      ; 13         ; 2        ; GND*                     ;        ;              ;         ; Row I/O    ;                 ; no       ; Off          ;
; H19      ; 18         ; 2        ; ad[4]                    ; output ; 3.3-V LVTTL  ;         ; Row I/O    ; N               ; no       ; Off          ;
; H20      ; 16         ; 2        ; data_o[6]                ; output ; 3.3-V LVTTL  ;         ; Row I/O    ; N               ; no       ; Off          ;
; H21      ; 26         ; 2        ; dff0[5]                  ; output ; 3.3-V LVTTL  ;         ; Row I/O    ; N               ; no       ; Off          ;
; H22      ; 24         ; 2        ; data[0]                  ; output ; 3.3-V LVTTL  ;         ; Row I/O    ; N               ; no       ; Off          ;
; J1       ;            ;          ; GND                      ; gnd    ;              ;         ; --         ;                 ; --       ; --           ;
; J2       ; 247        ; 5        ; dff9[7]                  ; output ; 3.3-V LVTTL  ;         ; Row I/O    ; N               ; no       ; Off          ;
; J3       ; 245        ; 5        ; dff10[2]                 ; output ; 3.3-V LVTTL  ;         ; Row I/O    ; N               ; no       ; Off          ;
; J4       ;            ; 5        ; VREFB5                   ; power  ;              ;         ; --         ;                 ; --       ; --           ;
; J5       ; 250        ; 5        ; per_address[0]           ; input  ; 3.3-V LVTTL  ;         ; Row I/O    ; N               ; no       ; Off          ;
; J6       ; 248        ; 5        ; address[3]               ; input  ; 3.3-V LVTTL  ;         ; Row I/O    ; N               ; no       ; Off          ;
; J7       ; 258        ; 5        ; dff6[4]                  ; output ; 3.3-V LVTTL  ;         ; Row I/O    ; N               ; no       ; Off          ;
; J8       ; 256        ; 5        ; GND*                     ;        ;              ;         ; Row I/O    ;                 ; no       ; Off          ;
; J9       ;            ;          ; VCCINT                   ; power  ;              ; 1.2V    ; --         ;                 ; --       ; --           ;
; J10      ;            ;          ; GND                      ; gnd    ;              ;         ; --         ;                 ; --       ; --           ;
; J11      ;            ;          ; VCCINT                   ; power  ;              ; 1.2V    ; --         ;                 ; --       ; --           ;
; J12      ;            ;          ; GND                      ; gnd    ;              ;         ; --         ;                 ; --       ; --           ;
; J13      ;            ;          ; VCCINT                   ; power  ;              ; 1.2V    ; --         ;                 ; --       ; --           ;
; J14      ;            ;          ; GND                      ; gnd    ;              ;         ; --         ;                 ; --       ; --           ;
; J15      ; 364        ; 3        ; dff14[3]                 ; output ; 3.3-V LVTTL  ;         ; Column I/O ; N               ; no       ; Off          ;
; J16      ; 23         ; 2        ; data_o[1]                ; output ; 3.3-V LVTTL  ;         ; Row I/O    ; N               ; no       ; Off          ;
; J17      ; 21         ; 2        ; dff0[7]                  ; output ; 3.3-V LVTTL  ;         ; Row I/O    ; N               ; no       ; Off          ;
; J18      ; 27         ; 2        ; per_address[2]           ; input  ; 3.3-V LVTTL  ;         ; Row I/O    ; N               ; no       ; Off          ;
; J19      ; 25         ; 2        ; per_address[7]           ; input  ; 3.3-V LVTTL  ;         ; Row I/O    ; N               ; no       ; Off          ;
; J20      ; 30         ; 2        ; dff7[1]                  ; output ; 3.3-V LVTTL  ;         ; Row I/O    ; N               ; no       ; Off          ;
; J21      ; 28         ; 2        ; t01                      ; output ; 3.3-V LVTTL  ;         ; Row I/O    ; N               ; no       ; Off          ;
; J22      ;            ;          ; GND                      ; gnd    ;              ;         ; --         ;                 ; --       ; --           ;
; K1       ; 239        ; 5        ; dff10[1]                 ; output ; 3.3-V LVTTL  ;         ; Row I/O    ; N               ; no       ; Off          ;
; K2       ; 237        ; 5        ; dff12[2]                 ; output ; 3.3-V LVTTL  ;         ; Row I/O    ; N               ; no       ; Off          ;
; K3       ; 243        ; 5        ; address[2]               ; input  ; 3.3-V LVTTL  ;         ; Row I/O    ; N               ; no       ; Off          ;
; K4       ; 241        ; 5        ; dff5[4]                  ; output ; 3.3-V LVTTL  ;         ; Row I/O    ; N               ; no       ; Off          ;
; K5       ; 246        ; 5        ; dff2[1]                  ; output ; 3.3-V LVTTL  ;         ; Row I/O    ; N               ; no       ; Off          ;
; K6       ; 244        ; 5        ; dff6[2]                  ; output ; 3.3-V LVTTL  ;         ; Row I/O    ; N               ; no       ; Off          ;
; K7       ; 242        ; 5        ; dff15[5]                 ; output ; 3.3-V LVTTL  ;         ; Row I/O    ; N               ; no       ; Off          ;
; K8       ; 240        ; 5        ; data[5]                  ; output ; 3.3-V LVTTL  ;         ; Row I/O    ; N               ; no       ; Off          ;
; K9       ;            ;          ; GND                      ; gnd    ;              ;         ; --         ;                 ; --       ; --           ;
; K10      ;            ;          ; VCCINT                   ; power  ;              ; 1.2V    ; --         ;                 ; --       ; --           ;
; K11      ;            ;          ; GND                      ; gnd    ;              ;         ; --         ;                 ; --       ; --           ;
; K12      ;            ;          ; VCCINT                   ; power  ;              ; 1.2V    ; --         ;                 ; --       ; --           ;
; K13      ;            ;          ; GND                      ; gnd    ;              ;         ; --         ;                 ; --       ; --           ;
; K14      ;            ; 2        ; VCCPD2                   ; power  ;              ; 3.3V    ; --         ;                 ; --       ; --           ;
; K15      ; 35         ; 2        ; dff1[2]                  ; output ; 3.3-V LVTTL  ;         ; Row I/O    ; N               ; no       ; Off          ;
; K16      ; 33         ; 2        ; data[7]                  ; output ; 3.3-V LVTTL  ;         ; Row I/O    ; N               ; no       ; Off          ;
; K17      ; 31         ; 2        ; per_address[3]           ; input  ; 3.3-V LVTTL  ;         ; Row I/O    ; N               ; no       ; Off          ;
; K18      ; 29         ; 2        ; dff10[4]                 ; output ; 3.3-V LVTTL  ;         ; Row I/O    ; N               ; no       ; Off          ;
; K19      ; 34         ; 2        ; dff9[6]                  ; output ; 3.3-V LVTTL  ;         ; Row I/O    ; N               ; no       ; Off          ;
; K20      ; 32         ; 2        ; dff1[4]                  ; output ; 3.3-V LVTTL  ;         ; Row I/O    ; N               ; no       ; Off          ;
; K21      ; 38         ; 2        ; dff13[6]                 ; output ; 3.3-V LVTTL  ;         ; Row I/O    ; N               ; no       ; Off          ;
; K22      ; 36         ; 2        ; write[7]                 ; input  ; 3.3-V LVTTL  ;         ; Row I/O    ; N               ; no       ; Off          ;
; L1       ;            ; 5        ; VCCIO5                   ; power  ;              ; 3.3V    ; --         ;                 ; --       ; --           ;
; L2       ; 233        ; 5        ; dff7[3]                  ; output ; 3.3-V LVTTL  ;         ; Row I/O    ; N               ; no       ; Off          ;
; L3       ; 235        ; 5        ; dff3[1]                  ; output ; 3.3-V LVTTL  ;         ; Row I/O    ; N               ; no       ; Off          ;
; L4       ;            ;          ; GNDA_PLL4                ; gnd    ;              ;         ; --         ;                 ; --       ; --           ;
; L5       ;            ;          ; GNDA_PLL4                ; gnd    ;              ;         ; --         ;                 ; --       ; --           ;
; L6       ;            ;          ; VCCD_PLL4                ; power  ;              ; 1.2V    ; --         ;                 ; --       ; --           ;
; L7       ; 238        ; 5        ; dff0[6]                  ; output ; 3.3-V LVTTL  ;         ; Row I/O    ; N               ; no       ; Off          ;
; L8       ; 236        ; 5        ; dff4[7]                  ; output ; 3.3-V LVTTL  ;         ; Row I/O    ; N               ; no       ; Off          ;
; L9       ;            ; 5        ; VCCPD5                   ; power  ;              ; 3.3V    ; --         ;                 ; --       ; --           ;
; L10      ;            ;          ; GND                      ; gnd    ;              ;         ; --         ;                 ; --       ; --           ;
; L11      ;            ;          ; VCCINT                   ; power  ;              ; 1.2V    ; --         ;                 ; --       ; --           ;
; L12      ;            ;          ; GND                      ; gnd    ;              ;         ; --         ;                 ; --       ; --           ;
; L13      ;            ;          ; VCCINT                   ; power  ;              ; 1.2V    ; --         ;                 ; --       ; --           ;
; L14      ;            ;          ; GND                      ; gnd    ;              ;         ; --         ;                 ; --       ; --           ;
; L15      ; 39         ; 2        ; data[4]                  ; output ; 3.3-V LVTTL  ;         ; Row I/O    ; N               ; no       ; Off          ;
; L16      ; 37         ; 2        ; dff13[1]                 ; output ; 3.3-V LVTTL  ;         ; Row I/O    ; N               ; no       ; Off          ;
; L17      ;            ;          ; GNDA_PLL1                ; gnd    ;              ;         ; --         ;                 ; --       ; --           ;
; L18      ;            ;          ; GNDA_PLL1                ; gnd    ;              ;         ; --         ;                 ; --       ; --           ;
; L19      ;            ; 2        ; VREFB2                   ; power  ;              ;         ; --         ;                 ; --       ; --           ;
; L20      ; 40         ; 2        ; dff8[2]                  ; output ; 3.3-V LVTTL  ;         ; Row I/O    ; N               ; no       ; Off          ;
; L21      ; 42         ; 2        ; dff7[6]                  ; output ; 3.3-V LVTTL  ;         ; Row I/O    ; N               ; no       ; Off          ;
; L22      ;            ; 2        ; VCCIO2                   ; power  ;              ; 3.3V    ; --         ;                 ; --       ; --           ;
; M1       ;            ; 6        ; VCCIO6                   ; power  ;              ; 3.3V    ; --         ;                 ; --       ; --           ;
; M2       ; 232        ; 5        ; address[1]               ; input  ; 3.3-V LVTTL  ;         ; Row I/O    ; N               ; no       ; Off          ;
; M3       ; 234        ; 5        ; write[2]                 ; input  ; 3.3-V LVTTL  ;         ; Row I/O    ; N               ; no       ; Off          ;
; M4       ;            ;          ; VCCA_PLL3                ; power  ;              ; 1.2V    ; --         ;                 ; --       ; --           ;
; M5       ;            ;          ; VCCD_PLL3                ; power  ;              ; 1.2V    ; --         ;                 ; --       ; --           ;
; M6       ;            ;          ; VCCA_PLL4                ; power  ;              ; 1.2V    ; --         ;                 ; --       ; --           ;
; M7       ;            ;          ; GND                      ; gnd    ;              ;         ; --         ;                 ; --       ; --           ;
; M8       ;            ;          ; VCCINT                   ; power  ;              ; 1.2V    ; --         ;                 ; --       ; --           ;
; M9       ;            ;          ; GND                      ; gnd    ;              ;         ; --         ;                 ; --       ; --           ;
; M10      ;            ;          ; VCCINT                   ; power  ;              ; 1.2V    ; --         ;                 ; --       ; --           ;
; M11      ;            ;          ; GND                      ; gnd    ;              ;         ; --         ;                 ; --       ; --           ;
; M12      ;            ;          ; VCCINT                   ; power  ;              ; 1.2V    ; --         ;                 ; --       ; --           ;
; M13      ;            ;          ; GND                      ; gnd    ;              ;         ; --         ;                 ; --       ; --           ;
; M14      ;            ;          ; VCCINT                   ; power  ;              ; 1.2V    ; --         ;                 ; --       ; --           ;
; M15      ;            ;          ; GND                      ; gnd    ;              ;         ; --         ;                 ; --       ; --           ;
; M16      ;            ;          ; VCCD_PLL1                ; power  ;              ; 1.2V    ; --         ;                 ; --       ; --           ;
; M17      ;            ;          ; VCCA_PLL1                ; power  ;              ; 1.2V    ; --         ;                 ; --       ; --           ;
; M18      ;            ;          ; VCCD_PLL2                ; power  ;              ; 1.2V    ; --         ;                 ; --       ; --           ;
; M19      ;            ;          ; VCCA_PLL2                ; power  ;              ; 1.2V    ; --         ;                 ; --       ; --           ;
; M20      ; 41         ; 2        ; per_address[4]           ; input  ; 3.3-V LVTTL  ;         ; Row I/O    ; N               ; no       ; Off          ;
; M21      ; 43         ; 2        ; write[6]                 ; input  ; 3.3-V LVTTL  ;         ; Row I/O    ; N               ; no       ; Off          ;
; M22      ;            ; 1        ; VCCIO1                   ; power  ;              ; 3.3V    ; --         ;                 ; --       ; --           ;
; N1       ; 231        ; 6        ; dff3[2]                  ; output ; 3.3-V LVTTL  ;         ; Row I/O    ; N               ; no       ; Off          ;
; N2       ; 229        ; 6        ; dff12[0]                 ; output ; 3.3-V LVTTL  ;         ; Row I/O    ; N               ; no       ; Off          ;
; N3       ; 230        ; 6        ; GND+                     ;        ;              ;         ; Row I/O    ;                 ; --       ; --           ;
; N4       ; 228        ; 6        ; GND+                     ;        ;              ;         ; Row I/O    ;                 ; --       ; --           ;
; N5       ;            ;          ; GNDA_PLL3                ; gnd    ;              ;         ; --         ;                 ; --       ; --           ;
; N6       ;            ;          ; GNDA_PLL3                ; gnd    ;              ;         ; --         ;                 ; --       ; --           ;
; N7       ; 226        ; 6        ; dff3[5]                  ; output ; 3.3-V LVTTL  ;         ; Row I/O    ; N               ; no       ; Off          ;
; N8       ; 224        ; 6        ; dff3[3]                  ; output ; 3.3-V LVTTL  ;         ; Row I/O    ; N               ; no       ; Off          ;
; N9       ;            ; 6        ; VCCPD6                   ; power  ;              ; 3.3V    ; --         ;                 ; --       ; --           ;
; N10      ;            ;          ; GND                      ; gnd    ;              ;         ; --         ;                 ; --       ; --           ;
; N11      ;            ;          ; VCCINT                   ; power  ;              ; 1.2V    ; --         ;                 ; --       ; --           ;
; N12      ;            ;          ; GND                      ; gnd    ;              ;         ; --         ;                 ; --       ; --           ;
; N13      ;            ;          ; VCCINT                   ; power  ;              ; 1.2V    ; --         ;                 ; --       ; --           ;
; N14      ;            ;          ; GND                      ; gnd    ;              ;         ; --         ;                 ; --       ; --           ;
; N15      ; 51         ; 1        ; dff5[6]                  ; output ; 3.3-V LVTTL  ;         ; Row I/O    ; N               ; no       ; Off          ;
; N16      ; 49         ; 1        ; dff9[2]                  ; output ; 3.3-V LVTTL  ;         ; Row I/O    ; N               ; no       ; Off          ;
; N17      ;            ;          ; GNDA_PLL2                ; gnd    ;              ;         ; --         ;                 ; --       ; --           ;
; N18      ;            ;          ; GNDA_PLL2                ; gnd    ;              ;         ; --         ;                 ; --       ; --           ;
; N19      ; 47         ; 1        ; per_data[4]              ; input  ; 3.3-V LVTTL  ;         ; Row I/O    ; N               ; no       ; Off          ;
; N20      ; 45         ; 1        ; clk                      ; input  ; 3.3-V LVTTL  ;         ; Row I/O    ; N               ; no       ; Off          ;
; N21      ; 46         ; 1        ; dff1[1]                  ; output ; 3.3-V LVTTL  ;         ; Row I/O    ; N               ; no       ; Off          ;
; N22      ; 44         ; 1        ; dff4[2]                  ; output ; 3.3-V LVTTL  ;         ; Row I/O    ; N               ; no       ; Off          ;
; P1       ;            ;          ; GND                      ; gnd    ;              ;         ; --         ;                 ; --       ; --           ;
; P2       ; 227        ; 6        ; dff2[4]                  ; output ; 3.3-V LVTTL  ;         ; Row I/O    ; N               ; no       ; Off          ;
; P3       ; 225        ; 6        ; dff15[3]                 ; output ; 3.3-V LVTTL  ;         ; Row I/O    ; N               ; no       ; Off          ;
; P4       ;            ; 6        ; VREFB6                   ; power  ;              ;         ; --         ;                 ; --       ; --           ;
; P5       ; 222        ; 6        ; dff0[0]                  ; output ; 3.3-V LVTTL  ;         ; Row I/O    ; N               ; no       ; Off          ;
; P6       ; 220        ; 6        ; dff5[1]                  ; output ; 3.3-V LVTTL  ;         ; Row I/O    ; N               ; no       ; Off          ;
; P7       ; 218        ; 6        ; dff6[7]                  ; output ; 3.3-V LVTTL  ;         ; Row I/O    ; N               ; no       ; Off          ;
; P8       ; 216        ; 6        ; dff0[2]                  ; output ; 3.3-V LVTTL  ;         ; Row I/O    ; N               ; no       ; Off          ;
; P9       ;            ;          ; VCCINT                   ; power  ;              ; 1.2V    ; --         ;                 ; --       ; --           ;
; P10      ;            ; 7        ; VCCPD7                   ; power  ;              ; 3.3V    ; --         ;                 ; --       ; --           ;
; P11      ;            ;          ; GND                      ; gnd    ;              ;         ; --         ;                 ; --       ; --           ;
; P12      ;            ;          ; VCCINT                   ; power  ;              ; 1.2V    ; --         ;                 ; --       ; --           ;
; P13      ;            ;          ; GND                      ; gnd    ;              ;         ; --         ;                 ; --       ; --           ;
; P14      ;            ;          ; VCCINT                   ; power  ;              ; 1.2V    ; --         ;                 ; --       ; --           ;
; P15      ;            ; 1        ; VCCPD1                   ; power  ;              ; 3.3V    ; --         ;                 ; --       ; --           ;
; P16      ; 59         ; 1        ; dff12[3]                 ; output ; 3.3-V LVTTL  ;         ; Row I/O    ; N               ; no       ; Off          ;
; P17      ; 57         ; 1        ; dff11[7]                 ; output ; 3.3-V LVTTL  ;         ; Row I/O    ; N               ; no       ; Off          ;
; P18      ; 55         ; 1        ; dff1[5]                  ; output ; 3.3-V LVTTL  ;         ; Row I/O    ; N               ; no       ; Off          ;
; P19      ; 53         ; 1        ; dff2[2]                  ; output ; 3.3-V LVTTL  ;         ; Row I/O    ; N               ; no       ; Off          ;
; P20      ; 50         ; 1        ; dff8[0]                  ; output ; 3.3-V LVTTL  ;         ; Row I/O    ; N               ; no       ; Off          ;
; P21      ; 48         ; 1        ; dff9[1]                  ; output ; 3.3-V LVTTL  ;         ; Row I/O    ; N               ; no       ; Off          ;
; P22      ;            ;          ; GND                      ; gnd    ;              ;         ; --         ;                 ; --       ; --           ;
; R1       ; 223        ; 6        ; dff11[3]                 ; output ; 3.3-V LVTTL  ;         ; Row I/O    ; N               ; no       ; Off          ;
; R2       ; 221        ; 6        ; dff7[2]                  ; output ; 3.3-V LVTTL  ;         ; Row I/O    ; N               ; no       ; Off          ;
; R3       ; 215        ; 6        ; dff2[3]                  ; output ; 3.3-V LVTTL  ;         ; Row I/O    ; N               ; no       ; Off          ;
; R4       ; 213        ; 6        ; GND*                     ;        ;              ;         ; Row I/O    ;                 ; no       ; Off          ;
; R5       ; 214        ; 6        ; GND*                     ;        ;              ;         ; Row I/O    ;                 ; no       ; Off          ;
; R6       ; 212        ; 6        ; dff0[1]                  ; output ; 3.3-V LVTTL  ;         ; Row I/O    ; N               ; no       ; Off          ;
; R7       ; 202        ; 6        ; dff15[4]                 ; output ; 3.3-V LVTTL  ;         ; Row I/O    ; N               ; no       ; Off          ;
; R8       ; 200        ; 6        ; GND*                     ;        ;              ;         ; Row I/O    ;                 ; no       ; Off          ;
; R9       ; 168        ; 7        ; GND*                     ;        ;              ;         ; Column I/O ;                 ; no       ; Off          ;
; R10      ;            ;          ; GND                      ; gnd    ;              ;         ; --         ;                 ; --       ; --           ;
; R11      ;            ; 10       ; VCC_PLL6_OUT             ; power  ;              ; 3.3V    ; --         ;                 ; --       ; --           ;
; R12      ;            ;          ; VCCA_PLL6                ; power  ;              ; 1.2V    ; --         ;                 ; --       ; --           ;
; R13      ;            ; 8        ; VCCPD8                   ; power  ;              ; 3.3V    ; --         ;                 ; --       ; --           ;
; R14      ; 106        ; 8        ; GND*                     ;        ;              ;         ; Column I/O ;                 ; no       ; Off          ;
; R15      ; 89         ; 8        ; GND*                     ;        ;              ;         ; Column I/O ;                 ; no       ; Off          ;
; R16      ; 83         ; 1        ; GND*                     ;        ;              ;         ; Row I/O    ;                 ; no       ; Off          ;
; R17      ; 81         ; 1        ; GND*                     ;        ;              ;         ; Row I/O    ;                 ; no       ; Off          ;
; R18      ; 63         ; 1        ; dff11[4]                 ; output ; 3.3-V LVTTL  ;         ; Row I/O    ; N               ; no       ; Off          ;
; R19      ; 61         ; 1        ; dff11[5]                 ; output ; 3.3-V LVTTL  ;         ; Row I/O    ; N               ; no       ; Off          ;
; R20      ;            ; 1        ; VREFB1                   ; power  ;              ;         ; --         ;                 ; --       ; --           ;
; R21      ; 54         ; 1        ; dff13[3]                 ; output ; 3.3-V LVTTL  ;         ; Row I/O    ; N               ; no       ; Off          ;
; R22      ; 52         ; 1        ; address_o[0]             ; output ; 3.3-V LVTTL  ;         ; Row I/O    ; N               ; no       ; Off          ;
; T1       ; 219        ; 6        ; dff8[4]                  ; output ; 3.3-V LVTTL  ;         ; Row I/O    ; N               ; no       ; Off          ;
; T2       ; 217        ; 6        ; per_data[7]              ; input  ; 3.3-V LVTTL  ;         ; Row I/O    ; N               ; no       ; Off          ;
; T3       ; 207        ; 6        ; GND*                     ;        ;              ;         ; Row I/O    ;                 ; no       ; Off          ;
; T4       ; 205        ; 6        ; GND*                     ;        ;              ;         ; Row I/O    ;                 ; no       ; Off          ;
; T5       ; 210        ; 6        ; GND*                     ;        ;              ;         ; Row I/O    ;                 ; no       ; Off          ;
; T6       ; 208        ; 6        ; GND*                     ;        ;              ;         ; Row I/O    ;                 ; no       ; Off          ;
; T7       ; 186        ; 7        ; GND*                     ;        ;              ;         ; Column I/O ;                 ; no       ; Off          ;
; T8       ; 172        ; 7        ; GND*                     ;        ;              ;         ; Column I/O ;                 ; no       ; Off          ;
; T9       ; 170        ; 7        ; GND*                     ;        ;              ;         ; Column I/O ;                 ; no       ; Off          ;
; T10      ; 156        ; 7        ; dff4[5]                  ; output ; 3.3-V LVTTL  ;         ; Column I/O ; N               ; no       ; Off          ;
; T11      ;            ;          ; GNDA_PLL6                ; gnd    ;              ;         ; --         ;                 ; --       ; --           ;
; T12      ;            ;          ; GNDA_PLL6                ; gnd    ;              ;         ; --         ;                 ; --       ; --           ;
; T13      ; 120        ; 8        ; GND*                     ;        ;              ;         ; Column I/O ;                 ; no       ; Off          ;
; T14      ; 108        ; 8        ; GND*                     ;        ;              ;         ; Column I/O ;                 ; no       ; Off          ;
; T15      ; 98         ; 8        ; GND*                     ;        ;              ;         ; Column I/O ;                 ; no       ; Off          ;
; T16      ; 92         ; 8        ; GND*                     ;        ;              ;         ; Column I/O ;                 ; no       ; Off          ;
; T17      ; 67         ; 1        ; dff11[1]                 ; output ; 3.3-V LVTTL  ;         ; Row I/O    ; N               ; no       ; Off          ;
; T18      ; 65         ; 1        ; GND*                     ;        ;              ;         ; Row I/O    ;                 ; no       ; Off          ;
; T19      ; 66         ; 1        ; dff14[0]                 ; output ; 3.3-V LVTTL  ;         ; Row I/O    ; N               ; no       ; Off          ;
; T20      ; 64         ; 1        ; GND*                     ;        ;              ;         ; Row I/O    ;                 ; no       ; Off          ;
; T21      ; 58         ; 1        ; dff12[4]                 ; output ; 3.3-V LVTTL  ;         ; Row I/O    ; N               ; no       ; Off          ;
; T22      ; 56         ; 1        ; dff6[3]                  ; output ; 3.3-V LVTTL  ;         ; Row I/O    ; N               ; no       ; Off          ;
; U1       ; 211        ; 6        ; GND*                     ;        ;              ;         ; Row I/O    ;                 ; no       ; Off          ;
; U2       ; 209        ; 6        ; GND*                     ;        ;              ;         ; Row I/O    ;                 ; no       ; Off          ;
; U3       ;            ; 6        ; VREFB6                   ; power  ;              ;         ; --         ;                 ; --       ; --           ;
; U4       ; 206        ; 6        ; GND*                     ;        ;              ;         ; Row I/O    ;                 ; no       ; Off          ;
; U5       ; 204        ; 6        ; GND*                     ;        ;              ;         ; Row I/O    ;                 ; no       ; Off          ;
; U6       ; 179        ; 7        ; GND*                     ;        ;              ;         ; Column I/O ;                 ; no       ; Off          ;
; U7       ; 180        ; 7        ; GND*                     ;        ;              ;         ; Column I/O ;                 ; no       ; Off          ;
; U8       ; 173        ; 7        ; GND*                     ;        ;              ;         ; Column I/O ;                 ; no       ; Off          ;
; U9       ; 171        ; 7        ; GND*                     ;        ;              ;         ; Column I/O ;                 ; no       ; Off          ;
; U10      ; 158        ; 7        ; address_o[2]             ; output ; 3.3-V LVTTL  ;         ; Column I/O ; N               ; no       ; Off          ;
; U11      ;            ;          ; VCCD_PLL6                ; power  ;              ; 1.2V    ; --         ;                 ; --       ; --           ;
; U12      ; 130        ; 8        ; dff11[0]                 ; output ; 3.3-V LVTTL  ;         ; Column I/O ; N               ; no       ; Off          ;
; U13      ; 112        ; 8        ; GND*                     ;        ;              ;         ; Column I/O ;                 ; no       ; Off          ;
; U14      ; 103        ; 8        ; GND*                     ;        ;              ;         ; Column I/O ;                 ; no       ; Off          ;
; U15      ; 99         ; 8        ; GND*                     ;        ;              ;         ; Column I/O ;                 ; no       ; Off          ;
; U16      ; 94         ; 8        ; GND*                     ;        ;              ;         ; Column I/O ;                 ; no       ; Off          ;
; U17      ; 71         ; 1        ; GND*                     ;        ;              ;         ; Row I/O    ;                 ; no       ; Off          ;
; U18      ; 69         ; 1        ; dff5[5]                  ; output ; 3.3-V LVTTL  ;         ; Row I/O    ; N               ; no       ; Off          ;
; U19      ; 70         ; 1        ; GND*                     ;        ;              ;         ; Row I/O    ;                 ; no       ; Off          ;
; U20      ; 68         ; 1        ; GND*                     ;        ;              ;         ; Row I/O    ;                 ; no       ; Off          ;
; U21      ; 62         ; 1        ; ad[0]                    ; output ; 3.3-V LVTTL  ;         ; Row I/O    ; N               ; no       ; Off          ;
; U22      ; 60         ; 1        ; dff12[7]                 ; output ; 3.3-V LVTTL  ;         ; Row I/O    ; N               ; no       ; Off          ;
; V1       ; 203        ; 6        ; GND*                     ;        ;              ;         ; Row I/O    ;                 ; no       ; Off          ;
; V2       ; 201        ; 6        ; GND*                     ;        ;              ;         ; Row I/O    ;                 ; no       ; Off          ;
; V3       ; 198        ; 6        ; GND*                     ;        ;              ;         ; Row I/O    ;                 ; no       ; Off          ;
; V4       ; 196        ; 6        ; GND*                     ;        ;              ;         ; Row I/O    ;                 ; no       ; Off          ;
; V5       ; 188        ; 7        ; ^PORSEL                  ;        ;              ;         ; --         ;                 ; --       ; --           ;
; V6       ; 185        ; 7        ; GND*                     ;        ;              ;         ; Column I/O ;                 ; no       ; Off          ;
; V7       ; 175        ; 7        ; dff5[3]                  ; output ; 3.3-V LVTTL  ;         ; Column I/O ; N               ; no       ; Off          ;
; V8       ; 166        ; 7        ; dff1[0]                  ; output ; 3.3-V LVTTL  ;         ; Column I/O ; N               ; no       ; Off          ;
; V9       ; 149        ; 10       ; ad[2]                    ; output ; 3.3-V LVTTL  ;         ; Column I/O ; N               ; no       ; Off          ;
; V10      ; 165        ; 7        ; GND*                     ;        ;              ;         ; Column I/O ;                 ; no       ; Off          ;
; V11      ; 132        ; 8        ; address_o[9]             ; output ; 3.3-V LVTTL  ;         ; Column I/O ; N               ; no       ; Off          ;
; V12      ; 134        ; 8        ; GND*                     ;        ;              ;         ; Column I/O ;                 ; no       ; Off          ;
; V13      ; 114        ; 8        ; GND*                     ;        ;              ;         ; Column I/O ;                 ; no       ; Off          ;
; V14      ; 105        ; 8        ; GND*                     ;        ;              ;         ; Column I/O ;                 ; no       ; Off          ;
; V15      ; 97         ; 8        ; GND*                     ;        ;              ;         ; Column I/O ;                 ; no       ; Off          ;
; V16      ; 93         ; 8        ; GND*                     ;        ;              ;         ; Column I/O ;                 ; no       ; Off          ;
; V17      ; 90         ; 8        ; ^VCCSEL                  ;        ;              ;         ; --         ;                 ; --       ; --           ;
; V18      ; 75         ; 1        ; GND*                     ;        ;              ;         ; Row I/O    ;                 ; no       ; Off          ;
; V19      ; 73         ; 1        ; GND*                     ;        ;              ;         ; Row I/O    ;                 ; no       ; Off          ;
; V20      ;            ; 1        ; VREFB1                   ; power  ;              ;         ; --         ;                 ; --       ; --           ;
; V21      ; 74         ; 1        ; GND*                     ;        ;              ;         ; Row I/O    ;                 ; no       ; Off          ;
; V22      ; 72         ; 1        ; GND*                     ;        ;              ;         ; Row I/O    ;                 ; no       ; Off          ;
; W1       ; 199        ; 6        ; GND*                     ;        ;              ;         ; Row I/O    ;                 ; no       ; Off          ;
; W2       ; 197        ; 6        ; GND*                     ;        ;              ;         ; Row I/O    ;                 ; no       ; Off          ;
; W3       ; 194        ; 6        ; GND*                     ;        ;              ;         ; Row I/O    ;                 ; no       ; Off          ;
; W4       ; 192        ; 6        ; dff15[6]                 ; output ; 3.3-V LVTTL  ;         ; Row I/O    ; N               ; no       ; Off          ;
; W5       ; 182        ; 7        ; GND*                     ;        ;              ;         ; Column I/O ;                 ; no       ; Off          ;
; W6       ;            ; 7        ; VREFB7                   ; power  ;              ;         ; --         ;                 ; --       ; --           ;
; W7       ; 177        ; 7        ; GND*                     ;        ;              ;         ; Column I/O ;                 ; no       ; Off          ;
; W8       ;            ; 7        ; VREFB7                   ; power  ;              ;         ; --         ;                 ; --       ; --           ;
; W9       ; 148        ; 10       ; dff5[7]                  ; output ; 3.3-V LVTTL  ;         ; Column I/O ; N               ; no       ; Off          ;
; W10      ; 142        ; 7        ; dff9[5]                  ; output ; 3.3-V LVTTL  ;         ; Column I/O ; N               ; no       ; Off          ;
; W11      ; 133        ; 8        ; ad[9]                    ; output ; 3.3-V LVTTL  ;         ; Column I/O ; N               ; no       ; Off          ;
; W12      ; 135        ; 8        ; per_address[9]           ; input  ; 3.3-V LVTTL  ;         ; Column I/O ; N               ; no       ; Off          ;
; W13      ; 128        ; 8        ; GND*                     ;        ;              ;         ; Column I/O ;                 ; no       ; Off          ;
; W14      ; 109        ; 8        ; GND*                     ;        ;              ;         ; Column I/O ;                 ; no       ; Off          ;
; W15      ; 102        ; 8        ; GND*                     ;        ;              ;         ; Column I/O ;                 ; no       ; Off          ;
; W16      ; 101        ; 8        ; GND*                     ;        ;              ;         ; Column I/O ;                 ; no       ; Off          ;
; W17      ; 95         ; 8        ; GND*                     ;        ;              ;         ; Column I/O ;                 ; no       ; Off          ;
; W18      ; 88         ; 8        ; ^nCONFIG                 ;        ;              ;         ; --         ;                 ; --       ; --           ;
; W19      ; 79         ; 1        ; GND*                     ;        ;              ;         ; Row I/O    ;                 ; no       ; Off          ;
; W20      ; 77         ; 1        ; GND*                     ;        ;              ;         ; Row I/O    ;                 ; no       ; Off          ;
; W21      ; 78         ; 1        ; GND*                     ;        ;              ;         ; Row I/O    ;                 ; no       ; Off          ;
; W22      ; 76         ; 1        ; GND*                     ;        ;              ;         ; Row I/O    ;                 ; no       ; Off          ;
; Y1       ; 195        ; 6        ; GND*                     ;        ;              ;         ; Row I/O    ;                 ; no       ; Off          ;
; Y2       ; 193        ; 6        ; GND*                     ;        ;              ;         ; Row I/O    ;                 ; no       ; Off          ;
; Y3       ; 184        ; 7        ; GND*                     ;        ;              ;         ; Column I/O ;                 ; no       ; Off          ;
; Y4       ; 189        ; 7        ; PLL_ENA                  ;        ;              ;         ; --         ;                 ; --       ; --           ;
; Y5       ; 162        ; 7        ; GND*                     ;        ;              ;         ; Column I/O ;                 ; no       ; Off          ;
; Y6       ; 160        ; 7        ; GND*                     ;        ;              ;         ; Column I/O ;                 ; no       ; Off          ;
; Y7       ; 154        ; 7        ; dff6[5]                  ; output ; 3.3-V LVTTL  ;         ; Column I/O ; N               ; no       ; Off          ;
; Y8       ; 152        ; 7        ; dff10[0]                 ; output ; 3.3-V LVTTL  ;         ; Column I/O ; N               ; no       ; Off          ;
; Y9       ; 146        ; 10       ; per_data[5]              ; input  ; 3.3-V LVTTL  ;         ; Column I/O ; N               ; no       ; Off          ;
; Y10      ; 140        ; 7        ; dff13[5]                 ; output ; 3.3-V LVTTL  ;         ; Column I/O ; N               ; no       ; Off          ;
; Y11      ; 143        ; 7        ; dff11[2]                 ; output ; 3.3-V LVTTL  ;         ; Column I/O ; N               ; no       ; Off          ;
; Y12      ; 136        ; 8        ; dff15[1]                 ; output ; 3.3-V LVTTL  ;         ; Column I/O ; N               ; no       ; Off          ;
; Y13      ; 131        ; 8        ; GND*                     ;        ;              ;         ; Column I/O ;                 ; no       ; Off          ;
; Y14      ; 110        ; 8        ; GND*                     ;        ;              ;         ; Column I/O ;                 ; no       ; Off          ;
; Y15      ; 126        ; 8        ; GND*                     ;        ;              ;         ; Column I/O ;                 ; no       ; Off          ;
; Y16      ; 121        ; 8        ; dff15[0]                 ; output ; 3.3-V LVTTL  ;         ; Column I/O ; N               ; no       ; Off          ;
; Y17      ; 116        ; 8        ; per_data[0]              ; input  ; 3.3-V LVTTL  ;         ; Column I/O ; N               ; no       ; Off          ;
; Y18      ; 113        ; 8        ; GND*                     ;        ;              ;         ; Column I/O ;                 ; no       ; Off          ;
; Y19      ;            ; 8        ; VREFB8                   ; power  ;              ;         ; --         ;                 ; --       ; --           ;
; Y20      ; 91         ; 8        ; GND*                     ;        ;              ;         ; Column I/O ;                 ; no       ; Off          ;
; Y21      ; 82         ; 1        ; GND*                     ;        ;              ;         ; Row I/O    ;                 ; no       ; Off          ;
; Y22      ; 80         ; 1        ; GND*                     ;        ;              ;         ; Row I/O    ;                 ; no       ; Off          ;
+----------+------------+----------+--------------------------+--------+--------------+---------+------------+-----------------+----------+--------------+
Note: Pin directions (input, output or bidir) are based on device operating in user mode.


+-------------------------------------------------------------------------------+
; Output Pin Default Load For Reported TCO                                      ;
+----------------------------------+-------+------------------------------------+
; I/O Standard                     ; Load  ; Termination Resistance             ;
+----------------------------------+-------+------------------------------------+
; 3.3-V PCI                        ; 10 pF ; 25 Ohm (Parallel)                  ;
; 3.3-V PCI-X                      ; 10 pF ; 25 Ohm (Parallel)                  ;
; Differential 2.5-V SSTL Class II ; 0 pF  ; (See SSTL-2 Class II)              ;
; Differential 1.8-V SSTL Class II ; 0 pF  ; (See 1.8-V SSTL Class II)          ;
; LVDS                             ; 0 pF  ; 100 Ohm (Differential)             ;
; HyperTransport                   ; 0 pF  ; 100 Ohm (Differential)             ;
; Differential LVPECL              ; 0 pF  ; 100 Ohm (Differential)             ;
; 3.3-V LVTTL                      ; 0 pF  ; Not Available                      ;
; 3.3-V LVCMOS                     ; 0 pF  ; Not Available                      ;
; 2.5 V                            ; 0 pF  ; Not Available                      ;
; 1.8 V                            ; 0 pF  ; Not Available                      ;
; 1.5 V                            ; 0 pF  ; Not Available                      ;
; SSTL-2 Class I                   ; 0 pF  ; 50 Ohm (Parallel), 25 Ohm (Serial) ;
; SSTL-2 Class II                  ; 0 pF  ; 25 Ohm (Parallel), 25 Ohm (Serial) ;
; SSTL-18 Class I                  ; 0 pF  ; 50 Ohm (Parallel), 25 Ohm (Serial) ;
; SSTL-18 Class II                 ; 0 pF  ; 25 Ohm (Parallel), 25 Ohm (Serial) ;
; 1.5-V HSTL Class I               ; 0 pF  ; 50 Ohm (Parallel)                  ;
; 1.5-V HSTL Class II              ; 0 pF  ; 25 Ohm (Parallel)                  ;
; 1.8-V HSTL Class I               ; 0 pF  ; 50 Ohm (Parallel)                  ;
; 1.8-V HSTL Class II              ; 0 pF  ; 25 Ohm (Parallel)                  ;
; 1.2-V HSTL                       ; 0 pF  ; Not Available                      ;
; Differential SSTL-2              ; 0 pF  ; (See SSTL-2)                       ;
; Differential 1.8-V SSTL Class I  ; 0 pF  ; (See 1.8-V SSTL Class I)           ;
; Differential 1.5-V HSTL Class I  ; 0 pF  ; (See 1.5-V HSTL Class I)           ;
; Differential 1.5-V HSTL Class II ; 0 pF  ; (See 1.5-V HSTL Class II)          ;
; Differential 1.8-V HSTL Class I  ; 0 pF  ; (See 1.8-V HSTL Class I)           ;
; Differential 1.8-V HSTL Class II ; 0 pF  ; (See 1.8-V HSTL Class II)          ;
; Differential 1.2-V HSTL          ; 0 pF  ; Not Available                      ;
+----------------------------------+-------+------------------------------------+
Note: User assignments will override these defaults. The user specified values are listed in the Output Pins and Bidir Pins tables.


+----------------------------------------------------------------------------------------------------------------------------------------------------------------------------------------------------------------------------------------------------------------------------------------------------------------------------------------------------------------------------------------------------------------------------------------------------------------------+
; Fitter Resource Utilization by Entity                                                                                                                                                                                                                                                                                                                                                                                                                                ;
+----------------------------------------------+---------------------+----------+---------------------------+---------------+-------------------+-------+------+--------+--------------+---------+-----------+-----------+------+--------------+--------------------------------+--------------------+-------------------------------+------------------------------------------------------------------------------------------------------------------+--------------+
; Compilation Hierarchy Node                   ; Combinational ALUTs ; ALMs     ; Dedicated Logic Registers ; I/O Registers ; Block Memory Bits ; M512s ; M4Ks ; M-RAMs ; DSP Elements ; DSP 9x9 ; DSP 18x18 ; DSP 36x36 ; Pins ; Virtual Pins ; Combinational with no register ; Register-Only      ; Combinational with a register ; Full Hierarchy Name                                                                                              ; Library Name ;
;                                              ;                     ;          ;                           ;               ;                   ;       ;      ;        ;              ;         ;           ;           ;      ;              ; ALUT/register pair             ; ALUT/register pair ; ALUT/register pair            ;                                                                                                                  ;              ;
+----------------------------------------------+---------------------+----------+---------------------------+---------------+-------------------+-------+------+--------+--------------+---------+-----------+-----------+------+--------------+--------------------------------+--------------------+-------------------------------+------------------------------------------------------------------------------------------------------------------+--------------+
; |kursach                                     ; 198 (14)            ; 149 (5)  ; 146 (0)                   ; 0 (0)         ; 8192              ; 0     ; 2    ; 0      ; 0            ; 0       ; 0         ; 0         ; 208  ; 0            ; 115 (11)                       ; 63 (0)             ; 83 (3)                        ; |kursach                                                                                                         ; work         ;
;    |cash:inst8|                              ; 167 (24)            ; 134 (13) ; 146 (6)                   ; 0 (0)         ; 0                 ; 0     ; 0    ; 0      ; 0            ; 0       ; 0         ; 0         ; 0    ; 0            ; 87 (21)                        ; 63 (1)             ; 83 (4)                        ; |kursach|cash:inst8                                                                                              ;              ;
;       |lpm_add_sub1:inst60|                  ; 1 (0)               ; 1 (0)    ; 0 (0)                     ; 0 (0)         ; 0                 ; 0     ; 0    ; 0      ; 0            ; 0       ; 0         ; 0         ; 0    ; 0            ; 1 (0)                          ; 0 (0)              ; 0 (0)                         ; |kursach|cash:inst8|lpm_add_sub1:inst60                                                                          ; work         ;
;          |lpm_add_sub:lpm_add_sub_component| ; 1 (0)               ; 1 (0)    ; 0 (0)                     ; 0 (0)         ; 0                 ; 0     ; 0    ; 0      ; 0            ; 0       ; 0         ; 0         ; 0    ; 0            ; 1 (0)                          ; 0 (0)              ; 0 (0)                         ; |kursach|cash:inst8|lpm_add_sub1:inst60|lpm_add_sub:lpm_add_sub_component                                        ; work         ;
;             |add_sub_uph:auto_generated|     ; 1 (1)               ; 1 (1)    ; 0 (0)                     ; 0 (0)         ; 0                 ; 0     ; 0    ; 0      ; 0            ; 0       ; 0         ; 0         ; 0    ; 0            ; 1 (1)                          ; 0 (0)              ; 0 (0)                         ; |kursach|cash:inst8|lpm_add_sub1:inst60|lpm_add_sub:lpm_add_sub_component|add_sub_uph:auto_generated             ; work         ;
;       |lpm_bustri0:inst27|                   ; 65 (0)              ; 55 (0)   ; 0 (0)                     ; 0 (0)         ; 0                 ; 0     ; 0    ; 0      ; 0            ; 0       ; 0         ; 0         ; 0    ; 0            ; 17 (0)                         ; 0 (0)              ; 48 (0)                        ; |kursach|cash:inst8|lpm_bustri0:inst27                                                                           ; work         ;
;          |lpm_bustri:lpm_bustri_component|   ; 65 (65)             ; 55 (55)  ; 0 (0)                     ; 0 (0)         ; 0                 ; 0     ; 0    ; 0      ; 0            ; 0       ; 0         ; 0         ; 0    ; 0            ; 17 (17)                        ; 0 (0)              ; 48 (48)                       ; |kursach|cash:inst8|lpm_bustri0:inst27|lpm_bustri:lpm_bustri_component                                           ; work         ;
;       |lpm_bustri0:inst296|                  ; 17 (0)              ; 15 (0)   ; 0 (0)                     ; 0 (0)         ; 0                 ; 0     ; 0    ; 0      ; 0            ; 0       ; 0         ; 0         ; 0    ; 0            ; 9 (0)                          ; 0 (0)              ; 8 (0)                         ; |kursach|cash:inst8|lpm_bustri0:inst296                                                                          ; work         ;
;          |lpm_bustri:lpm_bustri_component|   ; 17 (17)             ; 15 (15)  ; 0 (0)                     ; 0 (0)         ; 0                 ; 0     ; 0    ; 0      ; 0            ; 0       ; 0         ; 0         ; 0    ; 0            ; 9 (9)                          ; 0 (0)              ; 8 (8)                         ; |kursach|cash:inst8|lpm_bustri0:inst296|lpm_bustri:lpm_bustri_component                                          ; work         ;
;       |lpm_bustri0:inst85|                   ; 12 (0)              ; 7 (0)    ; 0 (0)                     ; 0 (0)         ; 0                 ; 0     ; 0    ; 0      ; 0            ; 0       ; 0         ; 0         ; 0    ; 0            ; 6 (0)                          ; 0 (0)              ; 6 (0)                         ; |kursach|cash:inst8|lpm_bustri0:inst85                                                                           ; work         ;
;          |lpm_bustri:lpm_bustri_component|   ; 12 (12)             ; 7 (7)    ; 0 (0)                     ; 0 (0)         ; 0                 ; 0     ; 0    ; 0      ; 0            ; 0       ; 0         ; 0         ; 0    ; 0            ; 6 (6)                          ; 0 (0)              ; 6 (6)                         ; |kursach|cash:inst8|lpm_bustri0:inst85|lpm_bustri:lpm_bustri_component                                           ; work         ;
;       |lpm_bustri0:inst86|                   ; 11 (0)              ; 9 (0)    ; 0 (0)                     ; 0 (0)         ; 0                 ; 0     ; 0    ; 0      ; 0            ; 0       ; 0         ; 0         ; 0    ; 0            ; 3 (0)                          ; 0 (0)              ; 8 (0)                         ; |kursach|cash:inst8|lpm_bustri0:inst86                                                                           ; work         ;
;          |lpm_bustri:lpm_bustri_component|   ; 11 (11)             ; 9 (9)    ; 0 (0)                     ; 0 (0)         ; 0                 ; 0     ; 0    ; 0      ; 0            ; 0       ; 0         ; 0         ; 0    ; 0            ; 3 (3)                          ; 0 (0)              ; 8 (8)                         ; |kursach|cash:inst8|lpm_bustri0:inst86|lpm_bustri:lpm_bustri_component                                           ; work         ;
;       |lpm_compare0:inst19|                  ; 2 (0)               ; 2 (0)    ; 0 (0)                     ; 0 (0)         ; 0                 ; 0     ; 0    ; 0      ; 0            ; 0       ; 0         ; 0         ; 0    ; 0            ; 1 (0)                          ; 0 (0)              ; 1 (0)                         ; |kursach|cash:inst8|lpm_compare0:inst19                                                                          ; work         ;
;          |lpm_compare:lpm_compare_component| ; 2 (0)               ; 2 (0)    ; 0 (0)                     ; 0 (0)         ; 0                 ; 0     ; 0    ; 0      ; 0            ; 0       ; 0         ; 0         ; 0    ; 0            ; 1 (0)                          ; 0 (0)              ; 1 (0)                         ; |kursach|cash:inst8|lpm_compare0:inst19|lpm_compare:lpm_compare_component                                        ; work         ;
;             |cmpr_cig:auto_generated|        ; 2 (2)               ; 2 (2)    ; 0 (0)                     ; 0 (0)         ; 0                 ; 0     ; 0    ; 0      ; 0            ; 0       ; 0         ; 0         ; 0    ; 0            ; 1 (1)                          ; 0 (0)              ; 1 (1)                         ; |kursach|cash:inst8|lpm_compare0:inst19|lpm_compare:lpm_compare_component|cmpr_cig:auto_generated                ; work         ;
;       |lpm_compare0:inst36|                  ; 2 (0)               ; 2 (0)    ; 0 (0)                     ; 0 (0)         ; 0                 ; 0     ; 0    ; 0      ; 0            ; 0       ; 0         ; 0         ; 0    ; 0            ; 0 (0)                          ; 0 (0)              ; 2 (0)                         ; |kursach|cash:inst8|lpm_compare0:inst36                                                                          ; work         ;
;          |lpm_compare:lpm_compare_component| ; 2 (0)               ; 2 (0)    ; 0 (0)                     ; 0 (0)         ; 0                 ; 0     ; 0    ; 0      ; 0            ; 0       ; 0         ; 0         ; 0    ; 0            ; 0 (0)                          ; 0 (0)              ; 2 (0)                         ; |kursach|cash:inst8|lpm_compare0:inst36|lpm_compare:lpm_compare_component                                        ; work         ;
;             |cmpr_cig:auto_generated|        ; 2 (2)               ; 2 (2)    ; 0 (0)                     ; 0 (0)         ; 0                 ; 0     ; 0    ; 0      ; 0            ; 0       ; 0         ; 0         ; 0    ; 0            ; 0 (0)                          ; 0 (0)              ; 2 (2)                         ; |kursach|cash:inst8|lpm_compare0:inst36|lpm_compare:lpm_compare_component|cmpr_cig:auto_generated                ; work         ;
;       |lpm_counter0:inst39|                  ; 7 (0)               ; 5 (0)    ; 4 (0)                     ; 0 (0)         ; 0                 ; 0     ; 0    ; 0      ; 0            ; 0       ; 0         ; 0         ; 0    ; 0            ; 3 (0)                          ; 0 (0)              ; 4 (0)                         ; |kursach|cash:inst8|lpm_counter0:inst39                                                                          ; work         ;
;          |lpm_counter:lpm_counter_component| ; 7 (0)               ; 5 (0)    ; 4 (0)                     ; 0 (0)         ; 0                 ; 0     ; 0    ; 0      ; 0            ; 0       ; 0         ; 0         ; 0    ; 0            ; 3 (0)                          ; 0 (0)              ; 4 (0)                         ; |kursach|cash:inst8|lpm_counter0:inst39|lpm_counter:lpm_counter_component                                        ; work         ;
;             |cntr_sej:auto_generated|        ; 7 (6)               ; 5 (4)    ; 4 (4)                     ; 0 (0)         ; 0                 ; 0     ; 0    ; 0      ; 0            ; 0       ; 0         ; 0         ; 0    ; 0            ; 3 (2)                          ; 0 (0)              ; 4 (4)                         ; |kursach|cash:inst8|lpm_counter0:inst39|lpm_counter:lpm_counter_component|cntr_sej:auto_generated                ; work         ;
;                |cmpr_adc:cmpr2|              ; 1 (1)               ; 1 (1)    ; 0 (0)                     ; 0 (0)         ; 0                 ; 0     ; 0    ; 0      ; 0            ; 0       ; 0         ; 0         ; 0    ; 0            ; 1 (1)                          ; 0 (0)              ; 0 (0)                         ; |kursach|cash:inst8|lpm_counter0:inst39|lpm_counter:lpm_counter_component|cntr_sej:auto_generated|cmpr_adc:cmpr2 ; work         ;
;       |lpm_decode0:inst12|                   ; 1 (0)               ; 1 (0)    ; 0 (0)                     ; 0 (0)         ; 0                 ; 0     ; 0    ; 0      ; 0            ; 0       ; 0         ; 0         ; 0    ; 0            ; 1 (0)                          ; 0 (0)              ; 0 (0)                         ; |kursach|cash:inst8|lpm_decode0:inst12                                                                           ; work         ;
;          |lpm_decode:lpm_decode_component|   ; 1 (0)               ; 1 (0)    ; 0 (0)                     ; 0 (0)         ; 0                 ; 0     ; 0    ; 0      ; 0            ; 0       ; 0         ; 0         ; 0    ; 0            ; 1 (0)                          ; 0 (0)              ; 0 (0)                         ; |kursach|cash:inst8|lpm_decode0:inst12|lpm_decode:lpm_decode_component                                           ; work         ;
;             |decode_5sf:auto_generated|      ; 1 (1)               ; 1 (1)    ; 0 (0)                     ; 0 (0)         ; 0                 ; 0     ; 0    ; 0      ; 0            ; 0       ; 0         ; 0         ; 0    ; 0            ; 1 (1)                          ; 0 (0)              ; 0 (0)                         ; |kursach|cash:inst8|lpm_decode0:inst12|lpm_decode:lpm_decode_component|decode_5sf:auto_generated                 ; work         ;
;       |lpm_decode0:inst13|                   ; 10 (0)              ; 7 (0)    ; 0 (0)                     ; 0 (0)         ; 0                 ; 0     ; 0    ; 0      ; 0            ; 0       ; 0         ; 0         ; 0    ; 0            ; 10 (0)                         ; 0 (0)              ; 0 (0)                         ; |kursach|cash:inst8|lpm_decode0:inst13                                                                           ; work         ;
;          |lpm_decode:lpm_decode_component|   ; 10 (0)              ; 7 (0)    ; 0 (0)                     ; 0 (0)         ; 0                 ; 0     ; 0    ; 0      ; 0            ; 0       ; 0         ; 0         ; 0    ; 0            ; 10 (0)                         ; 0 (0)              ; 0 (0)                         ; |kursach|cash:inst8|lpm_decode0:inst13|lpm_decode:lpm_decode_component                                           ; work         ;
;             |decode_5sf:auto_generated|      ; 10 (10)             ; 7 (7)    ; 0 (0)                     ; 0 (0)         ; 0                 ; 0     ; 0    ; 0      ; 0            ; 0       ; 0         ; 0         ; 0    ; 0            ; 10 (10)                        ; 0 (0)              ; 0 (0)                         ; |kursach|cash:inst8|lpm_decode0:inst13|lpm_decode:lpm_decode_component|decode_5sf:auto_generated                 ; work         ;
;       |lpm_decode0:inst71|                   ; 12 (0)              ; 9 (0)    ; 0 (0)                     ; 0 (0)         ; 0                 ; 0     ; 0    ; 0      ; 0            ; 0       ; 0         ; 0         ; 0    ; 0            ; 12 (0)                         ; 0 (0)              ; 0 (0)                         ; |kursach|cash:inst8|lpm_decode0:inst71                                                                           ; work         ;
;          |lpm_decode:lpm_decode_component|   ; 12 (0)              ; 9 (0)    ; 0 (0)                     ; 0 (0)         ; 0                 ; 0     ; 0    ; 0      ; 0            ; 0       ; 0         ; 0         ; 0    ; 0            ; 12 (0)                         ; 0 (0)              ; 0 (0)                         ; |kursach|cash:inst8|lpm_decode0:inst71|lpm_decode:lpm_decode_component                                           ; work         ;
;             |decode_5sf:auto_generated|      ; 12 (12)             ; 9 (9)    ; 0 (0)                     ; 0 (0)         ; 0                 ; 0     ; 0    ; 0      ; 0            ; 0       ; 0         ; 0         ; 0    ; 0            ; 12 (12)                        ; 0 (0)              ; 0 (0)                         ; |kursach|cash:inst8|lpm_decode0:inst71|lpm_decode:lpm_decode_component|decode_5sf:auto_generated                 ; work         ;
;       |lpm_decode0:inst87|                   ; 3 (0)               ; 3 (0)    ; 0 (0)                     ; 0 (0)         ; 0                 ; 0     ; 0    ; 0      ; 0            ; 0       ; 0         ; 0         ; 0    ; 0            ; 3 (0)                          ; 0 (0)              ; 0 (0)                         ; |kursach|cash:inst8|lpm_decode0:inst87                                                                           ; work         ;
;          |lpm_decode:lpm_decode_component|   ; 3 (0)               ; 3 (0)    ; 0 (0)                     ; 0 (0)         ; 0                 ; 0     ; 0    ; 0      ; 0            ; 0       ; 0         ; 0         ; 0    ; 0            ; 3 (0)                          ; 0 (0)              ; 0 (0)                         ; |kursach|cash:inst8|lpm_decode0:inst87|lpm_decode:lpm_decode_component                                           ; work         ;
;             |decode_5sf:auto_generated|      ; 3 (3)               ; 3 (3)    ; 0 (0)                     ; 0 (0)         ; 0                 ; 0     ; 0    ; 0      ; 0            ; 0       ; 0         ; 0         ; 0    ; 0            ; 3 (3)                          ; 0 (0)              ; 0 (0)                         ; |kursach|cash:inst8|lpm_decode0:inst87|lpm_decode:lpm_decode_component|decode_5sf:auto_generated                 ; work         ;
;       |lpm_dff0:inst11|                      ; 0 (0)               ; 8 (0)    ; 8 (0)                     ; 0 (0)         ; 0                 ; 0     ; 0    ; 0      ; 0            ; 0       ; 0         ; 0         ; 0    ; 0            ; 0 (0)                          ; 0 (0)              ; 8 (0)                         ; |kursach|cash:inst8|lpm_dff0:inst11                                                                              ; work         ;
;          |lpm_ff:lpm_ff_component|           ; 0 (0)               ; 8 (8)    ; 8 (8)                     ; 0 (0)         ; 0                 ; 0     ; 0    ; 0      ; 0            ; 0       ; 0         ; 0         ; 0    ; 0            ; 0 (0)                          ; 0 (0)              ; 8 (8)                         ; |kursach|cash:inst8|lpm_dff0:inst11|lpm_ff:lpm_ff_component                                                      ; work         ;
;       |lpm_dff0:inst20|                      ; 0 (0)               ; 5 (0)    ; 8 (0)                     ; 0 (0)         ; 0                 ; 0     ; 0    ; 0      ; 0            ; 0       ; 0         ; 0         ; 0    ; 0            ; 0 (0)                          ; 8 (0)              ; 0 (0)                         ; |kursach|cash:inst8|lpm_dff0:inst20                                                                              ; work         ;
;          |lpm_ff:lpm_ff_component|           ; 0 (0)               ; 5 (5)    ; 8 (8)                     ; 0 (0)         ; 0                 ; 0     ; 0    ; 0      ; 0            ; 0       ; 0         ; 0         ; 0    ; 0            ; 0 (0)                          ; 8 (8)              ; 0 (0)                         ; |kursach|cash:inst8|lpm_dff0:inst20|lpm_ff:lpm_ff_component                                                      ; work         ;
;       |lpm_dff0:inst21|                      ; 0 (0)               ; 8 (0)    ; 8 (0)                     ; 0 (0)         ; 0                 ; 0     ; 0    ; 0      ; 0            ; 0       ; 0         ; 0         ; 0    ; 0            ; 0 (0)                          ; 4 (0)              ; 4 (0)                         ; |kursach|cash:inst8|lpm_dff0:inst21                                                                              ; work         ;
;          |lpm_ff:lpm_ff_component|           ; 0 (0)               ; 8 (8)    ; 8 (8)                     ; 0 (0)         ; 0                 ; 0     ; 0    ; 0      ; 0            ; 0       ; 0         ; 0         ; 0    ; 0            ; 0 (0)                          ; 4 (4)              ; 4 (4)                         ; |kursach|cash:inst8|lpm_dff0:inst21|lpm_ff:lpm_ff_component                                                      ; work         ;
;       |lpm_dff0:inst22|                      ; 0 (0)               ; 7 (0)    ; 8 (0)                     ; 0 (0)         ; 0                 ; 0     ; 0    ; 0      ; 0            ; 0       ; 0         ; 0         ; 0    ; 0            ; 0 (0)                          ; 4 (0)              ; 4 (0)                         ; |kursach|cash:inst8|lpm_dff0:inst22                                                                              ; work         ;
;          |lpm_ff:lpm_ff_component|           ; 0 (0)               ; 7 (7)    ; 8 (8)                     ; 0 (0)         ; 0                 ; 0     ; 0    ; 0      ; 0            ; 0       ; 0         ; 0         ; 0    ; 0            ; 0 (0)                          ; 4 (4)              ; 4 (4)                         ; |kursach|cash:inst8|lpm_dff0:inst22|lpm_ff:lpm_ff_component                                                      ; work         ;
;       |lpm_dff0:inst23|                      ; 0 (0)               ; 7 (0)    ; 8 (0)                     ; 0 (0)         ; 0                 ; 0     ; 0    ; 0      ; 0            ; 0       ; 0         ; 0         ; 0    ; 0            ; 0 (0)                          ; 7 (0)              ; 1 (0)                         ; |kursach|cash:inst8|lpm_dff0:inst23                                                                              ; work         ;
;          |lpm_ff:lpm_ff_component|           ; 0 (0)               ; 7 (7)    ; 8 (8)                     ; 0 (0)         ; 0                 ; 0     ; 0    ; 0      ; 0            ; 0       ; 0         ; 0         ; 0    ; 0            ; 0 (0)                          ; 7 (7)              ; 1 (1)                         ; |kursach|cash:inst8|lpm_dff0:inst23|lpm_ff:lpm_ff_component                                                      ; work         ;
;       |lpm_dff0:inst24|                      ; 0 (0)               ; 5 (0)    ; 8 (0)                     ; 0 (0)         ; 0                 ; 0     ; 0    ; 0      ; 0            ; 0       ; 0         ; 0         ; 0    ; 0            ; 0 (0)                          ; 1 (0)              ; 7 (0)                         ; |kursach|cash:inst8|lpm_dff0:inst24                                                                              ; work         ;
;          |lpm_ff:lpm_ff_component|           ; 0 (0)               ; 5 (5)    ; 8 (8)                     ; 0 (0)         ; 0                 ; 0     ; 0    ; 0      ; 0            ; 0       ; 0         ; 0         ; 0    ; 0            ; 0 (0)                          ; 1 (1)              ; 7 (7)                         ; |kursach|cash:inst8|lpm_dff0:inst24|lpm_ff:lpm_ff_component                                                      ; work         ;
;       |lpm_dff0:inst25|                      ; 0 (0)               ; 8 (0)    ; 8 (0)                     ; 0 (0)         ; 0                 ; 0     ; 0    ; 0      ; 0            ; 0       ; 0         ; 0         ; 0    ; 0            ; 0 (0)                          ; 1 (0)              ; 7 (0)                         ; |kursach|cash:inst8|lpm_dff0:inst25                                                                              ; work         ;
;          |lpm_ff:lpm_ff_component|           ; 0 (0)               ; 8 (8)    ; 8 (8)                     ; 0 (0)         ; 0                 ; 0     ; 0    ; 0      ; 0            ; 0       ; 0         ; 0         ; 0    ; 0            ; 0 (0)                          ; 1 (1)              ; 7 (7)                         ; |kursach|cash:inst8|lpm_dff0:inst25|lpm_ff:lpm_ff_component                                                      ; work         ;
;       |lpm_dff0:inst26|                      ; 0 (0)               ; 5 (0)    ; 8 (0)                     ; 0 (0)         ; 0                 ; 0     ; 0    ; 0      ; 0            ; 0       ; 0         ; 0         ; 0    ; 0            ; 0 (0)                          ; 7 (0)              ; 1 (0)                         ; |kursach|cash:inst8|lpm_dff0:inst26                                                                              ; work         ;
;          |lpm_ff:lpm_ff_component|           ; 0 (0)               ; 5 (5)    ; 8 (8)                     ; 0 (0)         ; 0                 ; 0     ; 0    ; 0      ; 0            ; 0       ; 0         ; 0         ; 0    ; 0            ; 0 (0)                          ; 7 (7)              ; 1 (1)                         ; |kursach|cash:inst8|lpm_dff0:inst26|lpm_ff:lpm_ff_component                                                      ; work         ;
;       |lpm_dff0:inst40|                      ; 0 (0)               ; 7 (0)    ; 8 (0)                     ; 0 (0)         ; 0                 ; 0     ; 0    ; 0      ; 0            ; 0       ; 0         ; 0         ; 0    ; 0            ; 0 (0)                          ; 3 (0)              ; 5 (0)                         ; |kursach|cash:inst8|lpm_dff0:inst40                                                                              ; work         ;
;          |lpm_ff:lpm_ff_component|           ; 0 (0)               ; 7 (7)    ; 8 (8)                     ; 0 (0)         ; 0                 ; 0     ; 0    ; 0      ; 0            ; 0       ; 0         ; 0         ; 0    ; 0            ; 0 (0)                          ; 3 (3)              ; 5 (5)                         ; |kursach|cash:inst8|lpm_dff0:inst40|lpm_ff:lpm_ff_component                                                      ; work         ;
;       |lpm_dff0:inst72|                      ; 0 (0)               ; 6 (0)    ; 8 (0)                     ; 0 (0)         ; 0                 ; 0     ; 0    ; 0      ; 0            ; 0       ; 0         ; 0         ; 0    ; 0            ; 0 (0)                          ; 5 (0)              ; 3 (0)                         ; |kursach|cash:inst8|lpm_dff0:inst72                                                                              ; work         ;
;          |lpm_ff:lpm_ff_component|           ; 0 (0)               ; 6 (6)    ; 8 (8)                     ; 0 (0)         ; 0                 ; 0     ; 0    ; 0      ; 0            ; 0       ; 0         ; 0         ; 0    ; 0            ; 0 (0)                          ; 5 (5)              ; 3 (3)                         ; |kursach|cash:inst8|lpm_dff0:inst72|lpm_ff:lpm_ff_component                                                      ; work         ;
;       |lpm_dff0:inst73|                      ; 0 (0)               ; 7 (0)    ; 8 (0)                     ; 0 (0)         ; 0                 ; 0     ; 0    ; 0      ; 0            ; 0       ; 0         ; 0         ; 0    ; 0            ; 0 (0)                          ; 5 (0)              ; 3 (0)                         ; |kursach|cash:inst8|lpm_dff0:inst73                                                                              ; work         ;
;          |lpm_ff:lpm_ff_component|           ; 0 (0)               ; 7 (7)    ; 8 (8)                     ; 0 (0)         ; 0                 ; 0     ; 0    ; 0      ; 0            ; 0       ; 0         ; 0         ; 0    ; 0            ; 0 (0)                          ; 5 (5)              ; 3 (3)                         ; |kursach|cash:inst8|lpm_dff0:inst73|lpm_ff:lpm_ff_component                                                      ; work         ;
;       |lpm_dff0:inst74|                      ; 0 (0)               ; 6 (0)    ; 8 (0)                     ; 0 (0)         ; 0                 ; 0     ; 0    ; 0      ; 0            ; 0       ; 0         ; 0         ; 0    ; 0            ; 0 (0)                          ; 3 (0)              ; 5 (0)                         ; |kursach|cash:inst8|lpm_dff0:inst74                                                                              ; work         ;
;          |lpm_ff:lpm_ff_component|           ; 0 (0)               ; 6 (6)    ; 8 (8)                     ; 0 (0)         ; 0                 ; 0     ; 0    ; 0      ; 0            ; 0       ; 0         ; 0         ; 0    ; 0            ; 0 (0)                          ; 3 (3)              ; 5 (5)                         ; |kursach|cash:inst8|lpm_dff0:inst74|lpm_ff:lpm_ff_component                                                      ; work         ;
;       |lpm_dff0:inst75|                      ; 0 (0)               ; 7 (0)    ; 8 (0)                     ; 0 (0)         ; 0                 ; 0     ; 0    ; 0      ; 0            ; 0       ; 0         ; 0         ; 0    ; 0            ; 0 (0)                          ; 5 (0)              ; 3 (0)                         ; |kursach|cash:inst8|lpm_dff0:inst75                                                                              ; work         ;
;          |lpm_ff:lpm_ff_component|           ; 0 (0)               ; 7 (7)    ; 8 (8)                     ; 0 (0)         ; 0                 ; 0     ; 0    ; 0      ; 0            ; 0       ; 0         ; 0         ; 0    ; 0            ; 0 (0)                          ; 5 (5)              ; 3 (3)                         ; |kursach|cash:inst8|lpm_dff0:inst75|lpm_ff:lpm_ff_component                                                      ; work         ;
;       |lpm_dff0:inst76|                      ; 0 (0)               ; 6 (0)    ; 8 (0)                     ; 0 (0)         ; 0                 ; 0     ; 0    ; 0      ; 0            ; 0       ; 0         ; 0         ; 0    ; 0            ; 0 (0)                          ; 4 (0)              ; 4 (0)                         ; |kursach|cash:inst8|lpm_dff0:inst76                                                                              ; work         ;
;          |lpm_ff:lpm_ff_component|           ; 0 (0)               ; 6 (6)    ; 8 (8)                     ; 0 (0)         ; 0                 ; 0     ; 0    ; 0      ; 0            ; 0       ; 0         ; 0         ; 0    ; 0            ; 0 (0)                          ; 4 (4)              ; 4 (4)                         ; |kursach|cash:inst8|lpm_dff0:inst76|lpm_ff:lpm_ff_component                                                      ; work         ;
;       |lpm_dff0:inst77|                      ; 0 (0)               ; 5 (0)    ; 8 (0)                     ; 0 (0)         ; 0                 ; 0     ; 0    ; 0      ; 0            ; 0       ; 0         ; 0         ; 0    ; 0            ; 0 (0)                          ; 1 (0)              ; 7 (0)                         ; |kursach|cash:inst8|lpm_dff0:inst77                                                                              ; work         ;
;          |lpm_ff:lpm_ff_component|           ; 0 (0)               ; 5 (5)    ; 8 (8)                     ; 0 (0)         ; 0                 ; 0     ; 0    ; 0      ; 0            ; 0       ; 0         ; 0         ; 0    ; 0            ; 0 (0)                          ; 1 (1)              ; 7 (7)                         ; |kursach|cash:inst8|lpm_dff0:inst77|lpm_ff:lpm_ff_component                                                      ; work         ;
;       |lpm_dff0:inst78|                      ; 0 (0)               ; 7 (0)    ; 8 (0)                     ; 0 (0)         ; 0                 ; 0     ; 0    ; 0      ; 0            ; 0       ; 0         ; 0         ; 0    ; 0            ; 0 (0)                          ; 0 (0)              ; 8 (0)                         ; |kursach|cash:inst8|lpm_dff0:inst78                                                                              ; work         ;
;          |lpm_ff:lpm_ff_component|           ; 0 (0)               ; 7 (7)    ; 8 (8)                     ; 0 (0)         ; 0                 ; 0     ; 0    ; 0      ; 0            ; 0       ; 0         ; 0         ; 0    ; 0            ; 0 (0)                          ; 0 (0)              ; 8 (8)                         ; |kursach|cash:inst8|lpm_dff0:inst78|lpm_ff:lpm_ff_component                                                      ; work         ;
;       |lpm_dff1:inst14|                      ; 0 (0)               ; 3 (0)    ; 4 (0)                     ; 0 (0)         ; 0                 ; 0     ; 0    ; 0      ; 0            ; 0       ; 0         ; 0         ; 0    ; 0            ; 0 (0)                          ; 3 (0)              ; 1 (0)                         ; |kursach|cash:inst8|lpm_dff1:inst14                                                                              ; work         ;
;          |lpm_ff:lpm_ff_component|           ; 0 (0)               ; 3 (3)    ; 4 (4)                     ; 0 (0)         ; 0                 ; 0     ; 0    ; 0      ; 0            ; 0       ; 0         ; 0         ; 0    ; 0            ; 0 (0)                          ; 3 (3)              ; 1 (1)                         ; |kursach|cash:inst8|lpm_dff1:inst14|lpm_ff:lpm_ff_component                                                      ; work         ;
;       |lpm_dff1:inst63|                      ; 0 (0)               ; 4 (0)    ; 4 (0)                     ; 0 (0)         ; 0                 ; 0     ; 0    ; 0      ; 0            ; 0       ; 0         ; 0         ; 0    ; 0            ; 0 (0)                          ; 1 (0)              ; 3 (0)                         ; |kursach|cash:inst8|lpm_dff1:inst63                                                                              ; work         ;
;          |lpm_ff:lpm_ff_component|           ; 0 (0)               ; 4 (4)    ; 4 (4)                     ; 0 (0)         ; 0                 ; 0     ; 0    ; 0      ; 0            ; 0       ; 0         ; 0         ; 0    ; 0            ; 0 (0)                          ; 1 (1)              ; 3 (3)                         ; |kursach|cash:inst8|lpm_dff1:inst63|lpm_ff:lpm_ff_component                                                      ; work         ;
;    |lpm_bustri0:inst5|                       ; 17 (0)              ; 14 (0)   ; 0 (0)                     ; 0 (0)         ; 0                 ; 0     ; 0    ; 0      ; 0            ; 0       ; 0         ; 0         ; 0    ; 0            ; 17 (0)                         ; 0 (0)              ; 0 (0)                         ; |kursach|lpm_bustri0:inst5                                                                                       ;              ;
;       |lpm_bustri:lpm_bustri_component|      ; 17 (17)             ; 14 (14)  ; 0 (0)                     ; 0 (0)         ; 0                 ; 0     ; 0    ; 0      ; 0            ; 0       ; 0         ; 0         ; 0    ; 0            ; 17 (17)                        ; 0 (0)              ; 0 (0)                         ; |kursach|lpm_bustri0:inst5|lpm_bustri:lpm_bustri_component                                                       ;              ;
;    |lpm_ram_dq0:inst|                        ; 0 (0)               ; 0 (0)    ; 0 (0)                     ; 0 (0)         ; 8192              ; 0     ; 2    ; 0      ; 0            ; 0       ; 0         ; 0         ; 0    ; 0            ; 0 (0)                          ; 0 (0)              ; 0 (0)                         ; |kursach|lpm_ram_dq0:inst                                                                                        ; work         ;
;       |altsyncram:altsyncram_component|      ; 0 (0)               ; 0 (0)    ; 0 (0)                     ; 0 (0)         ; 8192              ; 0     ; 2    ; 0      ; 0            ; 0       ; 0         ; 0         ; 0    ; 0            ; 0 (0)                          ; 0 (0)              ; 0 (0)                         ; |kursach|lpm_ram_dq0:inst|altsyncram:altsyncram_component                                                        ; work         ;
;          |altsyncram_56f1:auto_generated|    ; 0 (0)               ; 0 (0)    ; 0 (0)                     ; 0 (0)         ; 8192              ; 0     ; 2    ; 0      ; 0            ; 0       ; 0         ; 0         ; 0    ; 0            ; 0 (0)                          ; 0 (0)              ; 0 (0)                         ; |kursach|lpm_ram_dq0:inst|altsyncram:altsyncram_component|altsyncram_56f1:auto_generated                         ; work         ;
+----------------------------------------------+---------------------+----------+---------------------------+---------------+-------------------+-------+------+--------+--------------+---------+-----------+-----------+------+--------------+--------------------------------+--------------------+-------------------------------+------------------------------------------------------------------------------------------------------------------+--------------+
Note: For table entries with two numbers listed, the numbers in parentheses indicate the number of resources of the given type used by the specific entity alone. The numbers listed outside of parentheses indicate the total resources of the given type used by the specific entity and all of its sub-entities in the hierarchy.


+---------------------------------------------------------------------------------------------------------------------------------------+
; Delay Chain Summary                                                                                                                   ;
+----------------+----------+---------------+---------------+-----------------------+-----+-----------+---------+----------+------------+
; Name           ; Pin Type ; Pad to Core 0 ; Pad to Core 1 ; Pad to Input Register ; TCO ; TCOE      ; DQS bus ; NDQS bus ; DQS output ;
+----------------+----------+---------------+---------------+-----------------------+-----+-----------+---------+----------+------------+
; data_o[7]      ; Output   ; --            ; --            ; --                    ; --  ; (0) 52 ps ; --      ; --       ; --         ;
; data_o[6]      ; Output   ; --            ; --            ; --                    ; --  ; (0) 52 ps ; --      ; --       ; --         ;
; data_o[5]      ; Output   ; --            ; --            ; --                    ; --  ; (0) 52 ps ; --      ; --       ; --         ;
; data_o[4]      ; Output   ; --            ; --            ; --                    ; --  ; (0) 52 ps ; --      ; --       ; --         ;
; data_o[3]      ; Output   ; --            ; --            ; --                    ; --  ; (0) 52 ps ; --      ; --       ; --         ;
; data_o[2]      ; Output   ; --            ; --            ; --                    ; --  ; (0) 52 ps ; --      ; --       ; --         ;
; data_o[1]      ; Output   ; --            ; --            ; --                    ; --  ; (0) 52 ps ; --      ; --       ; --         ;
; data_o[0]      ; Output   ; --            ; --            ; --                    ; --  ; (0) 52 ps ; --      ; --       ; --         ;
; data[7]        ; Output   ; --            ; --            ; --                    ; --  ; (0) 52 ps ; --      ; --       ; --         ;
; data[6]        ; Output   ; --            ; --            ; --                    ; --  ; (0) 52 ps ; --      ; --       ; --         ;
; data[5]        ; Output   ; --            ; --            ; --                    ; --  ; (0) 52 ps ; --      ; --       ; --         ;
; data[4]        ; Output   ; --            ; --            ; --                    ; --  ; (0) 52 ps ; --      ; --       ; --         ;
; data[3]        ; Output   ; --            ; --            ; --                    ; --  ; (0) 52 ps ; --      ; --       ; --         ;
; data[2]        ; Output   ; --            ; --            ; --                    ; --  ; (0) 52 ps ; --      ; --       ; --         ;
; data[1]        ; Output   ; --            ; --            ; --                    ; --  ; (0) 52 ps ; --      ; --       ; --         ;
; data[0]        ; Output   ; --            ; --            ; --                    ; --  ; (0) 52 ps ; --      ; --       ; --         ;
; cout0          ; Output   ; --            ; --            ; --                    ; --  ; (0) 52 ps ; --      ; --       ; --         ;
; address_o[9]   ; Output   ; --            ; --            ; --                    ; --  ; (0) 52 ps ; --      ; --       ; --         ;
; address_o[8]   ; Output   ; --            ; --            ; --                    ; --  ; (0) 52 ps ; --      ; --       ; --         ;
; address_o[7]   ; Output   ; --            ; --            ; --                    ; --  ; (0) 52 ps ; --      ; --       ; --         ;
; address_o[6]   ; Output   ; --            ; --            ; --                    ; --  ; (0) 52 ps ; --      ; --       ; --         ;
; address_o[5]   ; Output   ; --            ; --            ; --                    ; --  ; (0) 52 ps ; --      ; --       ; --         ;
; address_o[4]   ; Output   ; --            ; --            ; --                    ; --  ; (0) 52 ps ; --      ; --       ; --         ;
; address_o[3]   ; Output   ; --            ; --            ; --                    ; --  ; (0) 52 ps ; --      ; --       ; --         ;
; address_o[2]   ; Output   ; --            ; --            ; --                    ; --  ; (0) 52 ps ; --      ; --       ; --         ;
; address_o[1]   ; Output   ; --            ; --            ; --                    ; --  ; (0) 52 ps ; --      ; --       ; --         ;
; address_o[0]   ; Output   ; --            ; --            ; --                    ; --  ; (0) 52 ps ; --      ; --       ; --         ;
; t0             ; Output   ; --            ; --            ; --                    ; --  ; (0) 52 ps ; --      ; --       ; --         ;
; hit            ; Output   ; --            ; --            ; --                    ; --  ; (0) 52 ps ; --      ; --       ; --         ;
; t01            ; Output   ; --            ; --            ; --                    ; --  ; (0) 52 ps ; --      ; --       ; --         ;
; ad[9]          ; Output   ; --            ; --            ; --                    ; --  ; (0) 52 ps ; --      ; --       ; --         ;
; ad[8]          ; Output   ; --            ; --            ; --                    ; --  ; (0) 52 ps ; --      ; --       ; --         ;
; ad[7]          ; Output   ; --            ; --            ; --                    ; --  ; (0) 52 ps ; --      ; --       ; --         ;
; ad[6]          ; Output   ; --            ; --            ; --                    ; --  ; (0) 52 ps ; --      ; --       ; --         ;
; ad[5]          ; Output   ; --            ; --            ; --                    ; --  ; (0) 52 ps ; --      ; --       ; --         ;
; ad[4]          ; Output   ; --            ; --            ; --                    ; --  ; (0) 52 ps ; --      ; --       ; --         ;
; ad[3]          ; Output   ; --            ; --            ; --                    ; --  ; (0) 52 ps ; --      ; --       ; --         ;
; ad[2]          ; Output   ; --            ; --            ; --                    ; --  ; (0) 52 ps ; --      ; --       ; --         ;
; ad[1]          ; Output   ; --            ; --            ; --                    ; --  ; (0) 52 ps ; --      ; --       ; --         ;
; ad[0]          ; Output   ; --            ; --            ; --                    ; --  ; (0) 52 ps ; --      ; --       ; --         ;
; dff0[7]        ; Output   ; --            ; --            ; --                    ; --  ; (0) 52 ps ; --      ; --       ; --         ;
; dff0[6]        ; Output   ; --            ; --            ; --                    ; --  ; (0) 52 ps ; --      ; --       ; --         ;
; dff0[5]        ; Output   ; --            ; --            ; --                    ; --  ; (0) 52 ps ; --      ; --       ; --         ;
; dff0[4]        ; Output   ; --            ; --            ; --                    ; --  ; (0) 52 ps ; --      ; --       ; --         ;
; dff0[3]        ; Output   ; --            ; --            ; --                    ; --  ; (0) 52 ps ; --      ; --       ; --         ;
; dff0[2]        ; Output   ; --            ; --            ; --                    ; --  ; (0) 52 ps ; --      ; --       ; --         ;
; dff0[1]        ; Output   ; --            ; --            ; --                    ; --  ; (0) 52 ps ; --      ; --       ; --         ;
; dff0[0]        ; Output   ; --            ; --            ; --                    ; --  ; (0) 52 ps ; --      ; --       ; --         ;
; dff1[7]        ; Output   ; --            ; --            ; --                    ; --  ; (0) 52 ps ; --      ; --       ; --         ;
; dff1[6]        ; Output   ; --            ; --            ; --                    ; --  ; (0) 52 ps ; --      ; --       ; --         ;
; dff1[5]        ; Output   ; --            ; --            ; --                    ; --  ; (0) 52 ps ; --      ; --       ; --         ;
; dff1[4]        ; Output   ; --            ; --            ; --                    ; --  ; (0) 52 ps ; --      ; --       ; --         ;
; dff1[3]        ; Output   ; --            ; --            ; --                    ; --  ; (0) 52 ps ; --      ; --       ; --         ;
; dff1[2]        ; Output   ; --            ; --            ; --                    ; --  ; (0) 52 ps ; --      ; --       ; --         ;
; dff1[1]        ; Output   ; --            ; --            ; --                    ; --  ; (0) 52 ps ; --      ; --       ; --         ;
; dff1[0]        ; Output   ; --            ; --            ; --                    ; --  ; (0) 52 ps ; --      ; --       ; --         ;
; dff10[7]       ; Output   ; --            ; --            ; --                    ; --  ; (0) 52 ps ; --      ; --       ; --         ;
; dff10[6]       ; Output   ; --            ; --            ; --                    ; --  ; (0) 52 ps ; --      ; --       ; --         ;
; dff10[5]       ; Output   ; --            ; --            ; --                    ; --  ; (0) 52 ps ; --      ; --       ; --         ;
; dff10[4]       ; Output   ; --            ; --            ; --                    ; --  ; (0) 52 ps ; --      ; --       ; --         ;
; dff10[3]       ; Output   ; --            ; --            ; --                    ; --  ; (0) 52 ps ; --      ; --       ; --         ;
; dff10[2]       ; Output   ; --            ; --            ; --                    ; --  ; (0) 52 ps ; --      ; --       ; --         ;
; dff10[1]       ; Output   ; --            ; --            ; --                    ; --  ; (0) 52 ps ; --      ; --       ; --         ;
; dff10[0]       ; Output   ; --            ; --            ; --                    ; --  ; (0) 52 ps ; --      ; --       ; --         ;
; dff11[7]       ; Output   ; --            ; --            ; --                    ; --  ; (0) 52 ps ; --      ; --       ; --         ;
; dff11[6]       ; Output   ; --            ; --            ; --                    ; --  ; (0) 52 ps ; --      ; --       ; --         ;
; dff11[5]       ; Output   ; --            ; --            ; --                    ; --  ; (0) 52 ps ; --      ; --       ; --         ;
; dff11[4]       ; Output   ; --            ; --            ; --                    ; --  ; (0) 52 ps ; --      ; --       ; --         ;
; dff11[3]       ; Output   ; --            ; --            ; --                    ; --  ; (0) 52 ps ; --      ; --       ; --         ;
; dff11[2]       ; Output   ; --            ; --            ; --                    ; --  ; (0) 52 ps ; --      ; --       ; --         ;
; dff11[1]       ; Output   ; --            ; --            ; --                    ; --  ; (0) 52 ps ; --      ; --       ; --         ;
; dff11[0]       ; Output   ; --            ; --            ; --                    ; --  ; (0) 52 ps ; --      ; --       ; --         ;
; dff12[7]       ; Output   ; --            ; --            ; --                    ; --  ; (0) 52 ps ; --      ; --       ; --         ;
; dff12[6]       ; Output   ; --            ; --            ; --                    ; --  ; (0) 52 ps ; --      ; --       ; --         ;
; dff12[5]       ; Output   ; --            ; --            ; --                    ; --  ; (0) 52 ps ; --      ; --       ; --         ;
; dff12[4]       ; Output   ; --            ; --            ; --                    ; --  ; (0) 52 ps ; --      ; --       ; --         ;
; dff12[3]       ; Output   ; --            ; --            ; --                    ; --  ; (0) 52 ps ; --      ; --       ; --         ;
; dff12[2]       ; Output   ; --            ; --            ; --                    ; --  ; (0) 52 ps ; --      ; --       ; --         ;
; dff12[1]       ; Output   ; --            ; --            ; --                    ; --  ; (0) 52 ps ; --      ; --       ; --         ;
; dff12[0]       ; Output   ; --            ; --            ; --                    ; --  ; (0) 52 ps ; --      ; --       ; --         ;
; dff13[7]       ; Output   ; --            ; --            ; --                    ; --  ; (0) 52 ps ; --      ; --       ; --         ;
; dff13[6]       ; Output   ; --            ; --            ; --                    ; --  ; (0) 52 ps ; --      ; --       ; --         ;
; dff13[5]       ; Output   ; --            ; --            ; --                    ; --  ; (0) 52 ps ; --      ; --       ; --         ;
; dff13[4]       ; Output   ; --            ; --            ; --                    ; --  ; (0) 52 ps ; --      ; --       ; --         ;
; dff13[3]       ; Output   ; --            ; --            ; --                    ; --  ; (0) 52 ps ; --      ; --       ; --         ;
; dff13[2]       ; Output   ; --            ; --            ; --                    ; --  ; (0) 52 ps ; --      ; --       ; --         ;
; dff13[1]       ; Output   ; --            ; --            ; --                    ; --  ; (0) 52 ps ; --      ; --       ; --         ;
; dff13[0]       ; Output   ; --            ; --            ; --                    ; --  ; (0) 52 ps ; --      ; --       ; --         ;
; dff14[7]       ; Output   ; --            ; --            ; --                    ; --  ; (0) 52 ps ; --      ; --       ; --         ;
; dff14[6]       ; Output   ; --            ; --            ; --                    ; --  ; (0) 52 ps ; --      ; --       ; --         ;
; dff14[5]       ; Output   ; --            ; --            ; --                    ; --  ; (0) 52 ps ; --      ; --       ; --         ;
; dff14[4]       ; Output   ; --            ; --            ; --                    ; --  ; (0) 52 ps ; --      ; --       ; --         ;
; dff14[3]       ; Output   ; --            ; --            ; --                    ; --  ; (0) 52 ps ; --      ; --       ; --         ;
; dff14[2]       ; Output   ; --            ; --            ; --                    ; --  ; (0) 52 ps ; --      ; --       ; --         ;
; dff14[1]       ; Output   ; --            ; --            ; --                    ; --  ; (0) 52 ps ; --      ; --       ; --         ;
; dff14[0]       ; Output   ; --            ; --            ; --                    ; --  ; (0) 52 ps ; --      ; --       ; --         ;
; dff15[7]       ; Output   ; --            ; --            ; --                    ; --  ; (0) 52 ps ; --      ; --       ; --         ;
; dff15[6]       ; Output   ; --            ; --            ; --                    ; --  ; (0) 52 ps ; --      ; --       ; --         ;
; dff15[5]       ; Output   ; --            ; --            ; --                    ; --  ; (0) 52 ps ; --      ; --       ; --         ;
; dff15[4]       ; Output   ; --            ; --            ; --                    ; --  ; (0) 52 ps ; --      ; --       ; --         ;
; dff15[3]       ; Output   ; --            ; --            ; --                    ; --  ; (0) 52 ps ; --      ; --       ; --         ;
; dff15[2]       ; Output   ; --            ; --            ; --                    ; --  ; (0) 52 ps ; --      ; --       ; --         ;
; dff15[1]       ; Output   ; --            ; --            ; --                    ; --  ; (0) 52 ps ; --      ; --       ; --         ;
; dff15[0]       ; Output   ; --            ; --            ; --                    ; --  ; (0) 52 ps ; --      ; --       ; --         ;
; dff2[7]        ; Output   ; --            ; --            ; --                    ; --  ; (0) 52 ps ; --      ; --       ; --         ;
; dff2[6]        ; Output   ; --            ; --            ; --                    ; --  ; (0) 52 ps ; --      ; --       ; --         ;
; dff2[5]        ; Output   ; --            ; --            ; --                    ; --  ; (0) 52 ps ; --      ; --       ; --         ;
; dff2[4]        ; Output   ; --            ; --            ; --                    ; --  ; (0) 52 ps ; --      ; --       ; --         ;
; dff2[3]        ; Output   ; --            ; --            ; --                    ; --  ; (0) 52 ps ; --      ; --       ; --         ;
; dff2[2]        ; Output   ; --            ; --            ; --                    ; --  ; (0) 52 ps ; --      ; --       ; --         ;
; dff2[1]        ; Output   ; --            ; --            ; --                    ; --  ; (0) 52 ps ; --      ; --       ; --         ;
; dff2[0]        ; Output   ; --            ; --            ; --                    ; --  ; (0) 52 ps ; --      ; --       ; --         ;
; dff3[7]        ; Output   ; --            ; --            ; --                    ; --  ; (0) 52 ps ; --      ; --       ; --         ;
; dff3[6]        ; Output   ; --            ; --            ; --                    ; --  ; (0) 52 ps ; --      ; --       ; --         ;
; dff3[5]        ; Output   ; --            ; --            ; --                    ; --  ; (0) 52 ps ; --      ; --       ; --         ;
; dff3[4]        ; Output   ; --            ; --            ; --                    ; --  ; (0) 52 ps ; --      ; --       ; --         ;
; dff3[3]        ; Output   ; --            ; --            ; --                    ; --  ; (0) 52 ps ; --      ; --       ; --         ;
; dff3[2]        ; Output   ; --            ; --            ; --                    ; --  ; (0) 52 ps ; --      ; --       ; --         ;
; dff3[1]        ; Output   ; --            ; --            ; --                    ; --  ; (0) 52 ps ; --      ; --       ; --         ;
; dff3[0]        ; Output   ; --            ; --            ; --                    ; --  ; (0) 52 ps ; --      ; --       ; --         ;
; dff4[7]        ; Output   ; --            ; --            ; --                    ; --  ; (0) 52 ps ; --      ; --       ; --         ;
; dff4[6]        ; Output   ; --            ; --            ; --                    ; --  ; (0) 52 ps ; --      ; --       ; --         ;
; dff4[5]        ; Output   ; --            ; --            ; --                    ; --  ; (0) 52 ps ; --      ; --       ; --         ;
; dff4[4]        ; Output   ; --            ; --            ; --                    ; --  ; (0) 52 ps ; --      ; --       ; --         ;
; dff4[3]        ; Output   ; --            ; --            ; --                    ; --  ; (0) 52 ps ; --      ; --       ; --         ;
; dff4[2]        ; Output   ; --            ; --            ; --                    ; --  ; (0) 52 ps ; --      ; --       ; --         ;
; dff4[1]        ; Output   ; --            ; --            ; --                    ; --  ; (0) 52 ps ; --      ; --       ; --         ;
; dff4[0]        ; Output   ; --            ; --            ; --                    ; --  ; (0) 52 ps ; --      ; --       ; --         ;
; dff5[7]        ; Output   ; --            ; --            ; --                    ; --  ; (0) 52 ps ; --      ; --       ; --         ;
; dff5[6]        ; Output   ; --            ; --            ; --                    ; --  ; (0) 52 ps ; --      ; --       ; --         ;
; dff5[5]        ; Output   ; --            ; --            ; --                    ; --  ; (0) 52 ps ; --      ; --       ; --         ;
; dff5[4]        ; Output   ; --            ; --            ; --                    ; --  ; (0) 52 ps ; --      ; --       ; --         ;
; dff5[3]        ; Output   ; --            ; --            ; --                    ; --  ; (0) 52 ps ; --      ; --       ; --         ;
; dff5[2]        ; Output   ; --            ; --            ; --                    ; --  ; (0) 52 ps ; --      ; --       ; --         ;
; dff5[1]        ; Output   ; --            ; --            ; --                    ; --  ; (0) 52 ps ; --      ; --       ; --         ;
; dff5[0]        ; Output   ; --            ; --            ; --                    ; --  ; (0) 52 ps ; --      ; --       ; --         ;
; dff6[7]        ; Output   ; --            ; --            ; --                    ; --  ; (0) 52 ps ; --      ; --       ; --         ;
; dff6[6]        ; Output   ; --            ; --            ; --                    ; --  ; (0) 52 ps ; --      ; --       ; --         ;
; dff6[5]        ; Output   ; --            ; --            ; --                    ; --  ; (0) 52 ps ; --      ; --       ; --         ;
; dff6[4]        ; Output   ; --            ; --            ; --                    ; --  ; (0) 52 ps ; --      ; --       ; --         ;
; dff6[3]        ; Output   ; --            ; --            ; --                    ; --  ; (0) 52 ps ; --      ; --       ; --         ;
; dff6[2]        ; Output   ; --            ; --            ; --                    ; --  ; (0) 52 ps ; --      ; --       ; --         ;
; dff6[1]        ; Output   ; --            ; --            ; --                    ; --  ; (0) 52 ps ; --      ; --       ; --         ;
; dff6[0]        ; Output   ; --            ; --            ; --                    ; --  ; (0) 52 ps ; --      ; --       ; --         ;
; dff7[7]        ; Output   ; --            ; --            ; --                    ; --  ; (0) 52 ps ; --      ; --       ; --         ;
; dff7[6]        ; Output   ; --            ; --            ; --                    ; --  ; (0) 52 ps ; --      ; --       ; --         ;
; dff7[5]        ; Output   ; --            ; --            ; --                    ; --  ; (0) 52 ps ; --      ; --       ; --         ;
; dff7[4]        ; Output   ; --            ; --            ; --                    ; --  ; (0) 52 ps ; --      ; --       ; --         ;
; dff7[3]        ; Output   ; --            ; --            ; --                    ; --  ; (0) 52 ps ; --      ; --       ; --         ;
; dff7[2]        ; Output   ; --            ; --            ; --                    ; --  ; (0) 52 ps ; --      ; --       ; --         ;
; dff7[1]        ; Output   ; --            ; --            ; --                    ; --  ; (0) 52 ps ; --      ; --       ; --         ;
; dff7[0]        ; Output   ; --            ; --            ; --                    ; --  ; (0) 52 ps ; --      ; --       ; --         ;
; dff8[7]        ; Output   ; --            ; --            ; --                    ; --  ; (0) 52 ps ; --      ; --       ; --         ;
; dff8[6]        ; Output   ; --            ; --            ; --                    ; --  ; (0) 52 ps ; --      ; --       ; --         ;
; dff8[5]        ; Output   ; --            ; --            ; --                    ; --  ; (0) 52 ps ; --      ; --       ; --         ;
; dff8[4]        ; Output   ; --            ; --            ; --                    ; --  ; (0) 52 ps ; --      ; --       ; --         ;
; dff8[3]        ; Output   ; --            ; --            ; --                    ; --  ; (0) 52 ps ; --      ; --       ; --         ;
; dff8[2]        ; Output   ; --            ; --            ; --                    ; --  ; (0) 52 ps ; --      ; --       ; --         ;
; dff8[1]        ; Output   ; --            ; --            ; --                    ; --  ; (0) 52 ps ; --      ; --       ; --         ;
; dff8[0]        ; Output   ; --            ; --            ; --                    ; --  ; (0) 52 ps ; --      ; --       ; --         ;
; dff9[7]        ; Output   ; --            ; --            ; --                    ; --  ; (0) 52 ps ; --      ; --       ; --         ;
; dff9[6]        ; Output   ; --            ; --            ; --                    ; --  ; (0) 52 ps ; --      ; --       ; --         ;
; dff9[5]        ; Output   ; --            ; --            ; --                    ; --  ; (0) 52 ps ; --      ; --       ; --         ;
; dff9[4]        ; Output   ; --            ; --            ; --                    ; --  ; (0) 52 ps ; --      ; --       ; --         ;
; dff9[3]        ; Output   ; --            ; --            ; --                    ; --  ; (0) 52 ps ; --      ; --       ; --         ;
; dff9[2]        ; Output   ; --            ; --            ; --                    ; --  ; (0) 52 ps ; --      ; --       ; --         ;
; dff9[1]        ; Output   ; --            ; --            ; --                    ; --  ; (0) 52 ps ; --      ; --       ; --         ;
; dff9[0]        ; Output   ; --            ; --            ; --                    ; --  ; (0) 52 ps ; --      ; --       ; --         ;
; address[9]     ; Input    ; (0) 115 ps    ; (7) 2996 ps   ; --                    ; --  ; --        ; --      ; --       ; --         ;
; address[8]     ; Input    ; (7) 2996 ps   ; (0) 115 ps    ; --                    ; --  ; --        ; --      ; --       ; --         ;
; address[7]     ; Input    ; (7) 2996 ps   ; (0) 115 ps    ; --                    ; --  ; --        ; --      ; --       ; --         ;
; address[6]     ; Input    ; (0) 115 ps    ; (7) 2996 ps   ; --                    ; --  ; --        ; --      ; --       ; --         ;
; address[5]     ; Input    ; (0) 115 ps    ; (7) 2996 ps   ; --                    ; --  ; --        ; --      ; --       ; --         ;
; address[4]     ; Input    ; (0) 115 ps    ; (7) 2996 ps   ; --                    ; --  ; --        ; --      ; --       ; --         ;
; address[3]     ; Input    ; (0) 206 ps    ; (7) 3082 ps   ; --                    ; --  ; --        ; --      ; --       ; --         ;
; clk            ; Input    ; (0) 206 ps    ; (0) 206 ps    ; --                    ; --  ; --        ; --      ; --       ; --         ;
; address[1]     ; Input    ; (7) 3082 ps   ; (7) 3082 ps   ; --                    ; --  ; --        ; --      ; --       ; --         ;
; address[0]     ; Input    ; (7) 2996 ps   ; (7) 2996 ps   ; --                    ; --  ; --        ; --      ; --       ; --         ;
; address[2]     ; Input    ; (7) 3082 ps   ; (7) 3082 ps   ; --                    ; --  ; --        ; --      ; --       ; --         ;
; write[7]       ; Input    ; (7) 3082 ps   ; (7) 3082 ps   ; --                    ; --  ; --        ; --      ; --       ; --         ;
; write[6]       ; Input    ; (7) 3082 ps   ; (7) 3082 ps   ; --                    ; --  ; --        ; --      ; --       ; --         ;
; write[5]       ; Input    ; (7) 3082 ps   ; (7) 3082 ps   ; --                    ; --  ; --        ; --      ; --       ; --         ;
; write[4]       ; Input    ; (7) 2996 ps   ; (7) 2996 ps   ; --                    ; --  ; --        ; --      ; --       ; --         ;
; write[3]       ; Input    ; (7) 2996 ps   ; (7) 2996 ps   ; --                    ; --  ; --        ; --      ; --       ; --         ;
; write[2]       ; Input    ; (7) 3082 ps   ; (7) 3082 ps   ; --                    ; --  ; --        ; --      ; --       ; --         ;
; write[1]       ; Input    ; (7) 3082 ps   ; (7) 3082 ps   ; --                    ; --  ; --        ; --      ; --       ; --         ;
; write[0]       ; Input    ; (7) 2996 ps   ; (7) 2996 ps   ; --                    ; --  ; --        ; --      ; --       ; --         ;
; write-read     ; Input    ; (7) 2996 ps   ; (7) 2996 ps   ; --                    ; --  ; --        ; --      ; --       ; --         ;
; read_write_per ; Input    ; (7) 2996 ps   ; (7) 2996 ps   ; --                    ; --  ; --        ; --      ; --       ; --         ;
; per_strob      ; Input    ; (0) 115 ps    ; (7) 2996 ps   ; --                    ; --  ; --        ; --      ; --       ; --         ;
; per_data[7]    ; Input    ; (7) 3082 ps   ; (7) 3082 ps   ; --                    ; --  ; --        ; --      ; --       ; --         ;
; per_address[0] ; Input    ; (7) 3082 ps   ; (7) 3082 ps   ; --                    ; --  ; --        ; --      ; --       ; --         ;
; per_address[1] ; Input    ; (7) 3082 ps   ; (7) 3082 ps   ; --                    ; --  ; --        ; --      ; --       ; --         ;
; per_address[2] ; Input    ; (7) 3082 ps   ; (7) 3082 ps   ; --                    ; --  ; --        ; --      ; --       ; --         ;
; per_address[3] ; Input    ; (7) 3082 ps   ; (7) 3082 ps   ; --                    ; --  ; --        ; --      ; --       ; --         ;
; per_address[4] ; Input    ; (7) 3082 ps   ; (7) 3082 ps   ; --                    ; --  ; --        ; --      ; --       ; --         ;
; per_address[5] ; Input    ; (7) 3082 ps   ; (7) 3082 ps   ; --                    ; --  ; --        ; --      ; --       ; --         ;
; per_address[6] ; Input    ; (7) 3082 ps   ; (7) 3082 ps   ; --                    ; --  ; --        ; --      ; --       ; --         ;
; per_address[7] ; Input    ; (7) 3082 ps   ; (7) 3082 ps   ; --                    ; --  ; --        ; --      ; --       ; --         ;
; per_address[8] ; Input    ; (7) 3082 ps   ; (7) 3082 ps   ; --                    ; --  ; --        ; --      ; --       ; --         ;
; per_address[9] ; Input    ; (7) 2996 ps   ; (7) 2996 ps   ; --                    ; --  ; --        ; --      ; --       ; --         ;
; per_data[6]    ; Input    ; (7) 2996 ps   ; (7) 2996 ps   ; --                    ; --  ; --        ; --      ; --       ; --         ;
; per_data[5]    ; Input    ; (7) 2996 ps   ; (7) 2996 ps   ; --                    ; --  ; --        ; --      ; --       ; --         ;
; per_data[4]    ; Input    ; (7) 3082 ps   ; (7) 3082 ps   ; --                    ; --  ; --        ; --      ; --       ; --         ;
; per_data[3]    ; Input    ; (7) 2996 ps   ; (7) 2996 ps   ; --                    ; --  ; --        ; --      ; --       ; --         ;
; per_data[2]    ; Input    ; (7) 3082 ps   ; (7) 3082 ps   ; --                    ; --  ; --        ; --      ; --       ; --         ;
; per_data[1]    ; Input    ; (7) 2996 ps   ; (7) 2996 ps   ; --                    ; --  ; --        ; --      ; --       ; --         ;
; per_data[0]    ; Input    ; (7) 2996 ps   ; (7) 2996 ps   ; --                    ; --  ; --        ; --      ; --       ; --         ;
+----------------+----------+---------------+---------------+-----------------------+-----+-----------+---------+----------+------------+


+-----------------------------------------------------------------------------------------------------------------------------------------------------+
; Pad To Core Delay Chain Fanout                                                                                                                      ;
+-----------------------------------------------------------------------------------------------------------------------+-------------------+---------+
; Source Pin / Fanout                                                                                                   ; Pad To Core Index ; Setting ;
+-----------------------------------------------------------------------------------------------------------------------+-------------------+---------+
; address[9]                                                                                                            ;                   ;         ;
;      - cash:inst8|lpm_dff1:inst14|lpm_ff:lpm_ff_component|dffs[4]                                                     ; 1                 ; 7       ;
;      - cash:inst8|lpm_compare0:inst19|lpm_compare:lpm_compare_component|cmpr_cig:auto_generated|aneb_result_wire[0]~0 ; 0                 ; 0       ;
;      - cash:inst8|lpm_dff1:inst63|lpm_ff:lpm_ff_component|dffs[4]                                                     ; 1                 ; 7       ;
;      - cash:inst8|lpm_compare0:inst36|lpm_compare:lpm_compare_component|cmpr_cig:auto_generated|aneb_result_wire[0]~0 ; 0                 ; 0       ;
;      - gdfx_temp1[9]~9                                                                                                ; 1                 ; 7       ;
;      - address_o[9]                                                                                                   ; 1                 ; 7       ;
;      - ad[9]                                                                                                          ; 1                 ; 7       ;
; address[8]                                                                                                            ;                   ;         ;
;      - cash:inst8|lpm_dff1:inst14|lpm_ff:lpm_ff_component|dffs[3]                                                     ; 0                 ; 7       ;
;      - cash:inst8|lpm_compare0:inst19|lpm_compare:lpm_compare_component|cmpr_cig:auto_generated|aneb_result_wire[0]~0 ; 1                 ; 0       ;
;      - cash:inst8|lpm_dff1:inst63|lpm_ff:lpm_ff_component|dffs[3]                                                     ; 0                 ; 7       ;
;      - cash:inst8|lpm_compare0:inst36|lpm_compare:lpm_compare_component|cmpr_cig:auto_generated|aneb_result_wire[0]~0 ; 1                 ; 0       ;
;      - gdfx_temp1[8]~8                                                                                                ; 0                 ; 7       ;
;      - address_o[8]                                                                                                   ; 0                 ; 7       ;
;      - ad[8]                                                                                                          ; 0                 ; 7       ;
; address[7]                                                                                                            ;                   ;         ;
;      - cash:inst8|lpm_dff1:inst14|lpm_ff:lpm_ff_component|dffs[2]                                                     ; 0                 ; 7       ;
;      - cash:inst8|lpm_compare0:inst19|lpm_compare:lpm_compare_component|cmpr_cig:auto_generated|aneb_result_wire[0]~0 ; 1                 ; 0       ;
;      - cash:inst8|lpm_dff1:inst63|lpm_ff:lpm_ff_component|dffs[2]                                                     ; 0                 ; 7       ;
;      - cash:inst8|lpm_compare0:inst36|lpm_compare:lpm_compare_component|cmpr_cig:auto_generated|aneb_result_wire[0]~0 ; 1                 ; 0       ;
;      - gdfx_temp1[7]~7                                                                                                ; 0                 ; 7       ;
;      - address_o[7]                                                                                                   ; 0                 ; 7       ;
;      - ad[7]                                                                                                          ; 0                 ; 7       ;
; address[6]                                                                                                            ;                   ;         ;
;      - cash:inst8|lpm_dff1:inst14|lpm_ff:lpm_ff_component|dffs[1]                                                     ; 1                 ; 7       ;
;      - cash:inst8|lpm_compare0:inst19|lpm_compare:lpm_compare_component|cmpr_cig:auto_generated|data_wire[0]~0        ; 0                 ; 0       ;
;      - cash:inst8|lpm_dff1:inst63|lpm_ff:lpm_ff_component|dffs[1]                                                     ; 1                 ; 7       ;
;      - cash:inst8|lpm_compare0:inst36|lpm_compare:lpm_compare_component|cmpr_cig:auto_generated|data_wire[0]~0        ; 0                 ; 0       ;
;      - gdfx_temp1[6]~6                                                                                                ; 1                 ; 7       ;
;      - address_o[6]                                                                                                   ; 1                 ; 7       ;
;      - ad[6]                                                                                                          ; 1                 ; 7       ;
; address[5]                                                                                                            ;                   ;         ;
;      - cash:inst8|gdfx_temp5[1]~0                                                                                     ; 1                 ; 7       ;
;      - cash:inst8|lpm_decode0:inst12|lpm_decode:lpm_decode_component|decode_5sf:auto_generated|w_anode1w[3]           ; 0                 ; 0       ;
;      - cash:inst8|gdfx_temp5[0]~1                                                                                     ; 1                 ; 7       ;
;      - cash:inst8|inst43~0                                                                                            ; 0                 ; 0       ;
;      - cash:inst8|gdfx_temp5[2]~2                                                                                     ; 1                 ; 7       ;
;      - cash:inst8|gdfx_temp2[1]~0                                                                                     ; 1                 ; 7       ;
;      - cash:inst8|gdfx_temp2[0]~1                                                                                     ; 1                 ; 7       ;
;      - cash:inst8|gdfx_temp2[2]~2                                                                                     ; 1                 ; 7       ;
;      - gdfx_temp1[5]~5                                                                                                ; 1                 ; 7       ;
;      - address_o[5]                                                                                                   ; 1                 ; 7       ;
;      - ad[5]                                                                                                          ; 1                 ; 7       ;
; address[4]                                                                                                            ;                   ;         ;
;      - cash:inst8|gdfx_temp5[1]~0                                                                                     ; 1                 ; 7       ;
;      - cash:inst8|lpm_decode0:inst12|lpm_decode:lpm_decode_component|decode_5sf:auto_generated|w_anode1w[3]           ; 0                 ; 0       ;
;      - cash:inst8|gdfx_temp5[0]~1                                                                                     ; 1                 ; 7       ;
;      - cash:inst8|inst43~0                                                                                            ; 0                 ; 0       ;
;      - cash:inst8|gdfx_temp5[2]~2                                                                                     ; 1                 ; 7       ;
;      - cash:inst8|gdfx_temp2[1]~0                                                                                     ; 1                 ; 7       ;
;      - cash:inst8|gdfx_temp2[0]~1                                                                                     ; 1                 ; 7       ;
;      - cash:inst8|gdfx_temp2[2]~2                                                                                     ; 1                 ; 7       ;
;      - gdfx_temp1[4]~4                                                                                                ; 1                 ; 7       ;
;      - address_o[4]                                                                                                   ; 1                 ; 7       ;
;      - ad[4]                                                                                                          ; 1                 ; 7       ;
; address[3]                                                                                                            ;                   ;         ;
;      - cash:inst8|gdfx_temp5[1]~0                                                                                     ; 1                 ; 7       ;
;      - cash:inst8|lpm_decode0:inst12|lpm_decode:lpm_decode_component|decode_5sf:auto_generated|w_anode1w[3]           ; 0                 ; 0       ;
;      - cash:inst8|gdfx_temp5[0]~1                                                                                     ; 1                 ; 7       ;
;      - cash:inst8|inst43~0                                                                                            ; 0                 ; 0       ;
;      - cash:inst8|gdfx_temp5[2]~2                                                                                     ; 1                 ; 7       ;
;      - cash:inst8|gdfx_temp2[1]~0                                                                                     ; 1                 ; 7       ;
;      - cash:inst8|gdfx_temp2[0]~1                                                                                     ; 1                 ; 7       ;
;      - cash:inst8|gdfx_temp2[2]~2                                                                                     ; 1                 ; 7       ;
;      - gdfx_temp1[3]~3                                                                                                ; 1                 ; 7       ;
;      - address_o[3]                                                                                                   ; 1                 ; 7       ;
;      - ad[3]                                                                                                          ; 1                 ; 7       ;
; clk                                                                                                                   ;                   ;         ;
;      - cash:inst8|lpm_dff1:inst63|lpm_ff:lpm_ff_component|dffs[4]                                                     ; 0                 ; 0       ;
;      - cash:inst8|lpm_dff1:inst63|lpm_ff:lpm_ff_component|dffs[3]                                                     ; 0                 ; 0       ;
;      - cash:inst8|lpm_dff1:inst63|lpm_ff:lpm_ff_component|dffs[2]                                                     ; 0                 ; 0       ;
;      - cash:inst8|lpm_dff1:inst63|lpm_ff:lpm_ff_component|dffs[1]                                                     ; 0                 ; 0       ;
;      - cash:inst8|lpm_dff1:inst14|lpm_ff:lpm_ff_component|dffs[4]                                                     ; 0                 ; 0       ;
;      - cash:inst8|lpm_dff1:inst14|lpm_ff:lpm_ff_component|dffs[3]                                                     ; 0                 ; 0       ;
;      - cash:inst8|lpm_dff1:inst14|lpm_ff:lpm_ff_component|dffs[2]                                                     ; 0                 ; 0       ;
;      - cash:inst8|lpm_dff1:inst14|lpm_ff:lpm_ff_component|dffs[1]                                                     ; 0                 ; 0       ;
;      - cash:inst8|inst434                                                                                             ; 0                 ; 0       ;
;      - cash:inst8|inst455                                                                                             ; 0                 ; 0       ;
;      - cash:inst8|inst114                                                                                             ; 0                 ; 0       ;
;      - cash:inst8|inst431                                                                                             ; 0                 ; 0       ;
;      - cash:inst8|inst452                                                                                             ; 0                 ; 0       ;
;      - inst9                                                                                                          ; 1                 ; 0       ;
; address[1]                                                                                                            ;                   ;         ;
;      - cash:inst8|gdfx_temp5[1]~0                                                                                     ; 1                 ; 7       ;
;      - cash:inst8|gdfx_temp2[1]~0                                                                                     ; 1                 ; 7       ;
;      - cash:inst8|lpm_decode0:inst13|lpm_decode:lpm_decode_component|decode_5sf:auto_generated|w_anode18w[3]          ; 1                 ; 7       ;
;      - cash:inst8|lpm_decode0:inst71|lpm_decode:lpm_decode_component|decode_5sf:auto_generated|w_anode38w[3]          ; 1                 ; 7       ;
;      - cash:inst8|lpm_decode0:inst71|lpm_decode:lpm_decode_component|decode_5sf:auto_generated|w_anode58w[3]          ; 1                 ; 7       ;
;      - cash:inst8|lpm_decode0:inst71|lpm_decode:lpm_decode_component|decode_5sf:auto_generated|w_anode78w[3]          ; 1                 ; 7       ;
;      - cash:inst8|lpm_decode0:inst13|lpm_decode:lpm_decode_component|decode_5sf:auto_generated|w_anode38w[3]          ; 1                 ; 7       ;
;      - cash:inst8|lpm_decode0:inst13|lpm_decode:lpm_decode_component|decode_5sf:auto_generated|w_anode58w[3]          ; 1                 ; 7       ;
;      - cash:inst8|lpm_decode0:inst71|lpm_decode:lpm_decode_component|decode_5sf:auto_generated|w_anode18w[3]          ; 1                 ; 7       ;
; address[0]                                                                                                            ;                   ;         ;
;      - cash:inst8|gdfx_temp5[0]~1                                                                                     ; 0                 ; 7       ;
;      - cash:inst8|gdfx_temp2[0]~1                                                                                     ; 0                 ; 7       ;
;      - cash:inst8|lpm_decode0:inst13|lpm_decode:lpm_decode_component|decode_5sf:auto_generated|w_anode1w[3]           ; 0                 ; 7       ;
;      - cash:inst8|lpm_decode0:inst13|lpm_decode:lpm_decode_component|decode_5sf:auto_generated|w_anode18w[3]          ; 0                 ; 7       ;
;      - cash:inst8|lpm_decode0:inst71|lpm_decode:lpm_decode_component|decode_5sf:auto_generated|w_anode68w[3]~0        ; 0                 ; 7       ;
;      - cash:inst8|lpm_decode0:inst71|lpm_decode:lpm_decode_component|decode_5sf:auto_generated|w_anode38w[3]          ; 0                 ; 7       ;
;      - cash:inst8|lpm_decode0:inst71|lpm_decode:lpm_decode_component|decode_5sf:auto_generated|w_anode1w[3]~0         ; 0                 ; 7       ;
;      - cash:inst8|lpm_decode0:inst71|lpm_decode:lpm_decode_component|decode_5sf:auto_generated|w_anode58w[3]          ; 0                 ; 7       ;
;      - cash:inst8|lpm_decode0:inst71|lpm_decode:lpm_decode_component|decode_5sf:auto_generated|w_anode78w[3]          ; 0                 ; 7       ;
;      - cash:inst8|lpm_decode0:inst13|lpm_decode:lpm_decode_component|decode_5sf:auto_generated|w_anode28w[3]          ; 0                 ; 7       ;
;      - cash:inst8|lpm_decode0:inst13|lpm_decode:lpm_decode_component|decode_5sf:auto_generated|w_anode38w[3]          ; 0                 ; 7       ;
;      - cash:inst8|lpm_decode0:inst13|lpm_decode:lpm_decode_component|decode_5sf:auto_generated|w_anode48w[3]          ; 0                 ; 7       ;
;      - cash:inst8|lpm_decode0:inst13|lpm_decode:lpm_decode_component|decode_5sf:auto_generated|w_anode58w[3]          ; 0                 ; 7       ;
;      - cash:inst8|lpm_decode0:inst13|lpm_decode:lpm_decode_component|decode_5sf:auto_generated|w_anode68w[3]          ; 0                 ; 7       ;
;      - cash:inst8|lpm_decode0:inst13|lpm_decode:lpm_decode_component|decode_5sf:auto_generated|w_anode78w[3]          ; 0                 ; 7       ;
;      - cash:inst8|lpm_decode0:inst71|lpm_decode:lpm_decode_component|decode_5sf:auto_generated|w_anode18w[3]          ; 0                 ; 7       ;
; address[2]                                                                                                            ;                   ;         ;
;      - cash:inst8|gdfx_temp5[2]~2                                                                                     ; 0                 ; 7       ;
;      - cash:inst8|gdfx_temp2[2]~2                                                                                     ; 0                 ; 7       ;
;      - cash:inst8|lpm_decode0:inst13|lpm_decode:lpm_decode_component|decode_5sf:auto_generated|w_anode1w[3]~0         ; 0                 ; 7       ;
;      - cash:inst8|lpm_decode0:inst71|lpm_decode:lpm_decode_component|decode_5sf:auto_generated|w_anode18w[3]~0        ; 0                 ; 7       ;
;      - cash:inst8|lpm_decode0:inst71|lpm_decode:lpm_decode_component|decode_5sf:auto_generated|w_anode68w[3]~1        ; 0                 ; 7       ;
;      - cash:inst8|lpm_decode0:inst13|lpm_decode:lpm_decode_component|decode_5sf:auto_generated|w_anode48w[3]~0        ; 0                 ; 7       ;
; write[7]                                                                                                              ;                   ;         ;
;      - cash:inst8|lpm_bustri0:inst296|lpm_bustri:lpm_bustri_component|dout[7]~9                                       ; 1                 ; 7       ;
; write[6]                                                                                                              ;                   ;         ;
;      - cash:inst8|lpm_bustri0:inst296|lpm_bustri:lpm_bustri_component|dout[6]~11                                      ; 0                 ; 7       ;
; write[5]                                                                                                              ;                   ;         ;
;      - cash:inst8|lpm_bustri0:inst296|lpm_bustri:lpm_bustri_component|dout[5]~13                                      ; 1                 ; 7       ;
; write[4]                                                                                                              ;                   ;         ;
;      - cash:inst8|lpm_bustri0:inst296|lpm_bustri:lpm_bustri_component|dout[4]~15                                      ; 0                 ; 7       ;
; write[3]                                                                                                              ;                   ;         ;
;      - cash:inst8|lpm_bustri0:inst296|lpm_bustri:lpm_bustri_component|dout[3]~17                                      ; 0                 ; 7       ;
; write[2]                                                                                                              ;                   ;         ;
;      - cash:inst8|lpm_bustri0:inst296|lpm_bustri:lpm_bustri_component|dout[2]~19                                      ; 0                 ; 7       ;
; write[1]                                                                                                              ;                   ;         ;
;      - cash:inst8|lpm_bustri0:inst296|lpm_bustri:lpm_bustri_component|dout[1]~21                                      ; 0                 ; 7       ;
; write[0]                                                                                                              ;                   ;         ;
;      - cash:inst8|lpm_bustri0:inst296|lpm_bustri:lpm_bustri_component|dout[0]~23                                      ; 1                 ; 7       ;
; write-read                                                                                                            ;                   ;         ;
;      - cash:inst8|inst352~0                                                                                           ; 1                 ; 7       ;
;      - cash:inst8|inst353                                                                                             ; 1                 ; 7       ;
; read_write_per                                                                                                        ;                   ;         ;
;      - inst11                                                                                                         ; 1                 ; 7       ;
; per_strob                                                                                                             ;                   ;         ;
;      - inst7                                                                                                          ; 1                 ; 7       ;
;      - lpm_bustri0:inst5|lpm_bustri:lpm_bustri_component|dout[7]~0                                                    ; 1                 ; 7       ;
;      - lpm_bustri0:inst5|lpm_bustri:lpm_bustri_component|dout[6]~3                                                    ; 1                 ; 7       ;
;      - lpm_bustri0:inst5|lpm_bustri:lpm_bustri_component|dout[5]~5                                                    ; 1                 ; 7       ;
;      - lpm_bustri0:inst5|lpm_bustri:lpm_bustri_component|dout[4]~7                                                    ; 1                 ; 7       ;
;      - lpm_bustri0:inst5|lpm_bustri:lpm_bustri_component|dout[3]~9                                                    ; 1                 ; 7       ;
;      - lpm_bustri0:inst5|lpm_bustri:lpm_bustri_component|dout[2]~11                                                   ; 1                 ; 7       ;
;      - lpm_bustri0:inst5|lpm_bustri:lpm_bustri_component|dout[1]~13                                                   ; 1                 ; 7       ;
;      - lpm_bustri0:inst5|lpm_bustri:lpm_bustri_component|dout[0]~15                                                   ; 1                 ; 7       ;
;      - inst9                                                                                                          ; 0                 ; 0       ;
; per_data[7]                                                                                                           ;                   ;         ;
;      - lpm_bustri0:inst5|lpm_bustri:lpm_bustri_component|dout[7]~0                                                    ; 1                 ; 7       ;
; per_address[0]                                                                                                        ;                   ;         ;
;      - gdfx_temp1[0]~0                                                                                                ; 1                 ; 7       ;
; per_address[1]                                                                                                        ;                   ;         ;
;      - gdfx_temp1[1]~1                                                                                                ; 1                 ; 7       ;
; per_address[2]                                                                                                        ;                   ;         ;
;      - gdfx_temp1[2]~2                                                                                                ; 1                 ; 7       ;
; per_address[3]                                                                                                        ;                   ;         ;
;      - gdfx_temp1[3]~3                                                                                                ; 1                 ; 7       ;
; per_address[4]                                                                                                        ;                   ;         ;
;      - gdfx_temp1[4]~4                                                                                                ; 0                 ; 7       ;
; per_address[5]                                                                                                        ;                   ;         ;
;      - gdfx_temp1[5]~5                                                                                                ; 1                 ; 7       ;
; per_address[6]                                                                                                        ;                   ;         ;
;      - gdfx_temp1[6]~6                                                                                                ; 0                 ; 7       ;
; per_address[7]                                                                                                        ;                   ;         ;
;      - gdfx_temp1[7]~7                                                                                                ; 0                 ; 7       ;
; per_address[8]                                                                                                        ;                   ;         ;
;      - gdfx_temp1[8]~8                                                                                                ; 1                 ; 7       ;
; per_address[9]                                                                                                        ;                   ;         ;
;      - gdfx_temp1[9]~9                                                                                                ; 1                 ; 7       ;
; per_data[6]                                                                                                           ;                   ;         ;
;      - lpm_bustri0:inst5|lpm_bustri:lpm_bustri_component|dout[6]~3                                                    ; 1                 ; 7       ;
; per_data[5]                                                                                                           ;                   ;         ;
;      - lpm_bustri0:inst5|lpm_bustri:lpm_bustri_component|dout[5]~5                                                    ; 0                 ; 7       ;
; per_data[4]                                                                                                           ;                   ;         ;
;      - lpm_bustri0:inst5|lpm_bustri:lpm_bustri_component|dout[4]~7                                                    ; 0                 ; 7       ;
; per_data[3]                                                                                                           ;                   ;         ;
;      - lpm_bustri0:inst5|lpm_bustri:lpm_bustri_component|dout[3]~9                                                    ; 0                 ; 7       ;
; per_data[2]                                                                                                           ;                   ;         ;
;      - lpm_bustri0:inst5|lpm_bustri:lpm_bustri_component|dout[2]~11                                                   ; 0                 ; 7       ;
; per_data[1]                                                                                                           ;                   ;         ;
;      - lpm_bustri0:inst5|lpm_bustri:lpm_bustri_component|dout[1]~13                                                   ; 1                 ; 7       ;
; per_data[0]                                                                                                           ;                   ;         ;
;      - lpm_bustri0:inst5|lpm_bustri:lpm_bustri_component|dout[0]~15                                                   ; 0                 ; 7       ;
+-----------------------------------------------------------------------------------------------------------------------+-------------------+---------+


+-------------------------------------------------------------------------------------------------------------------------------------------------------------------------------------------------------------------------------------+
; Control Signals                                                                                                                                                                                                                     ;
+-------------------------------------------------------------------------------------------------------+--------------------+---------+---------------+--------+----------------------+------------------+---------------------------+
; Name                                                                                                  ; Location           ; Fan-Out ; Usage         ; Global ; Global Resource Used ; Global Line Name ; Enable Signal Source Name ;
+-------------------------------------------------------------------------------------------------------+--------------------+---------+---------------+--------+----------------------+------------------+---------------------------+
; cash:inst8|inst114                                                                                    ; LCCOMB_X21_Y20_N16 ; 4       ; Clock         ; yes    ; Global Clock         ; GCLK1            ; --                        ;
; cash:inst8|inst431                                                                                    ; LCCOMB_X22_Y20_N16 ; 1       ; Clock         ; no     ; --                   ; --               ; --                        ;
; cash:inst8|inst446                                                                                    ; LCCOMB_X22_Y20_N22 ; 4       ; Clock enable  ; no     ; --                   ; --               ; --                        ;
; cash:inst8|inst448                                                                                    ; LCCOMB_X21_Y20_N18 ; 4       ; Clock enable  ; no     ; --                   ; --               ; --                        ;
; cash:inst8|inst452                                                                                    ; LCCOMB_X22_Y20_N12 ; 1       ; Clock         ; no     ; --                   ; --               ; --                        ;
; cash:inst8|inst94                                                                                     ; LCCOMB_X21_Y20_N2  ; 2       ; Clock         ; no     ; --                   ; --               ; --                        ;
; cash:inst8|lpm_bustri0:inst27|lpm_bustri:lpm_bustri_component|dout[7]~12                              ; LCCOMB_X22_Y15_N0  ; 16      ; Output enable ; no     ; --                   ; --               ; --                        ;
; cash:inst8|lpm_counter0:inst39|lpm_counter:lpm_counter_component|cntr_sej:auto_generated|cout_actual  ; LCCOMB_X21_Y20_N22 ; 5       ; Sync. load    ; no     ; --                   ; --               ; --                        ;
; cash:inst8|lpm_decode0:inst13|lpm_decode:lpm_decode_component|decode_5sf:auto_generated|w_anode18w[3] ; LCCOMB_X25_Y16_N12 ; 8       ; Clock enable  ; no     ; --                   ; --               ; --                        ;
; cash:inst8|lpm_decode0:inst13|lpm_decode:lpm_decode_component|decode_5sf:auto_generated|w_anode1w[3]  ; LCCOMB_X21_Y15_N4  ; 8       ; Clock enable  ; no     ; --                   ; --               ; --                        ;
; cash:inst8|lpm_decode0:inst13|lpm_decode:lpm_decode_component|decode_5sf:auto_generated|w_anode28w[3] ; LCCOMB_X21_Y15_N12 ; 8       ; Clock enable  ; no     ; --                   ; --               ; --                        ;
; cash:inst8|lpm_decode0:inst13|lpm_decode:lpm_decode_component|decode_5sf:auto_generated|w_anode38w[3] ; LCCOMB_X25_Y16_N24 ; 8       ; Clock enable  ; no     ; --                   ; --               ; --                        ;
; cash:inst8|lpm_decode0:inst13|lpm_decode:lpm_decode_component|decode_5sf:auto_generated|w_anode48w[3] ; LCCOMB_X21_Y15_N6  ; 8       ; Clock enable  ; no     ; --                   ; --               ; --                        ;
; cash:inst8|lpm_decode0:inst13|lpm_decode:lpm_decode_component|decode_5sf:auto_generated|w_anode58w[3] ; LCCOMB_X25_Y16_N14 ; 8       ; Clock enable  ; no     ; --                   ; --               ; --                        ;
; cash:inst8|lpm_decode0:inst13|lpm_decode:lpm_decode_component|decode_5sf:auto_generated|w_anode68w[3] ; LCCOMB_X21_Y15_N14 ; 8       ; Clock enable  ; no     ; --                   ; --               ; --                        ;
; cash:inst8|lpm_decode0:inst13|lpm_decode:lpm_decode_component|decode_5sf:auto_generated|w_anode78w[3] ; LCCOMB_X21_Y15_N28 ; 8       ; Clock enable  ; no     ; --                   ; --               ; --                        ;
; cash:inst8|lpm_decode0:inst71|lpm_decode:lpm_decode_component|decode_5sf:auto_generated|w_anode18w[3] ; LCCOMB_X22_Y19_N12 ; 8       ; Clock enable  ; no     ; --                   ; --               ; --                        ;
; cash:inst8|lpm_decode0:inst71|lpm_decode:lpm_decode_component|decode_5sf:auto_generated|w_anode1w[3]  ; LCCOMB_X22_Y19_N18 ; 8       ; Clock enable  ; no     ; --                   ; --               ; --                        ;
; cash:inst8|lpm_decode0:inst71|lpm_decode:lpm_decode_component|decode_5sf:auto_generated|w_anode28w[3] ; LCCOMB_X22_Y19_N10 ; 8       ; Clock enable  ; no     ; --                   ; --               ; --                        ;
; cash:inst8|lpm_decode0:inst71|lpm_decode:lpm_decode_component|decode_5sf:auto_generated|w_anode38w[3] ; LCCOMB_X22_Y19_N4  ; 8       ; Clock enable  ; no     ; --                   ; --               ; --                        ;
; cash:inst8|lpm_decode0:inst71|lpm_decode:lpm_decode_component|decode_5sf:auto_generated|w_anode48w[3] ; LCCOMB_X21_Y15_N2  ; 8       ; Clock enable  ; no     ; --                   ; --               ; --                        ;
; cash:inst8|lpm_decode0:inst71|lpm_decode:lpm_decode_component|decode_5sf:auto_generated|w_anode58w[3] ; LCCOMB_X22_Y19_N14 ; 8       ; Clock enable  ; no     ; --                   ; --               ; --                        ;
; cash:inst8|lpm_decode0:inst71|lpm_decode:lpm_decode_component|decode_5sf:auto_generated|w_anode68w[3] ; LCCOMB_X22_Y19_N2  ; 8       ; Clock enable  ; no     ; --                   ; --               ; --                        ;
; cash:inst8|lpm_decode0:inst71|lpm_decode:lpm_decode_component|decode_5sf:auto_generated|w_anode78w[3] ; LCCOMB_X22_Y19_N6  ; 8       ; Clock enable  ; no     ; --                   ; --               ; --                        ;
; clk                                                                                                   ; PIN_N20            ; 15      ; Clock         ; no     ; --                   ; --               ; --                        ;
; clk                                                                                                   ; PIN_N20            ; 129     ; Clock         ; yes    ; Global Clock         ; GCLK3            ; --                        ;
; inst11                                                                                                ; LCCOMB_X21_Y19_N14 ; 2       ; Write enable  ; no     ; --                   ; --               ; --                        ;
; inst9                                                                                                 ; LCCOMB_X21_Y20_N8  ; 2       ; Clock         ; yes    ; Global Clock         ; GCLK12           ; --                        ;
+-------------------------------------------------------------------------------------------------------+--------------------+---------+---------------+--------+----------------------+------------------+---------------------------+


+-------------------------------------------------------------------------------------------------------------------------+
; Global & Other Fast Signals                                                                                             ;
+--------------------+--------------------+---------+----------------------+------------------+---------------------------+
; Name               ; Location           ; Fan-Out ; Global Resource Used ; Global Line Name ; Enable Signal Source Name ;
+--------------------+--------------------+---------+----------------------+------------------+---------------------------+
; cash:inst8|inst114 ; LCCOMB_X21_Y20_N16 ; 4       ; Global Clock         ; GCLK1            ; --                        ;
; clk                ; PIN_N20            ; 129     ; Global Clock         ; GCLK3            ; --                        ;
; inst9              ; LCCOMB_X21_Y20_N8  ; 2       ; Global Clock         ; GCLK12           ; --                        ;
+--------------------+--------------------+---------+----------------------+------------------+---------------------------+


+--------------------------------------------------------------------------------------------------------------------------+
; Non-Global High Fan-Out Signals                                                                                          ;
+----------------------------------------------------------------------------------------------------------------+---------+
; Name                                                                                                           ; Fan-Out ;
+----------------------------------------------------------------------------------------------------------------+---------+
; cash:inst8|lpm_decode0:inst12|lpm_decode:lpm_decode_component|decode_5sf:auto_generated|w_anode1w[3]           ; 44      ;
; cash:inst8|inst51                                                                                              ; 40      ;
; cash:inst8|inst419                                                                                             ; 38      ;
; cash:inst8|gdfx_temp5[0]~1                                                                                     ; 31      ;
; cash:inst8|lpm_compare0:inst19|lpm_compare:lpm_compare_component|cmpr_cig:auto_generated|aneb_result_wire[0]~0 ; 29      ;
; cash:inst8|gdfx_temp5[1]~0                                                                                     ; 28      ;
; cash:inst8|lpm_compare0:inst19|lpm_compare:lpm_compare_component|cmpr_cig:auto_generated|data_wire[0]~0        ; 28      ;
; cash:inst8|gdfx_temp2[1]~0                                                                                     ; 24      ;
; cash:inst8|gdfx_temp2[0]~1                                                                                     ; 23      ;
; cash:inst8|inst43                                                                                              ; 23      ;
; cash:inst8|lpm_compare0:inst36|lpm_compare:lpm_compare_component|cmpr_cig:auto_generated|aneb_result_wire[0]~0 ; 23      ;
; cash:inst8|lpm_compare0:inst36|lpm_compare:lpm_compare_component|cmpr_cig:auto_generated|data_wire[0]~0        ; 22      ;
; cash:inst8|lpm_counter0:inst39|lpm_counter:lpm_counter_component|cntr_sej:auto_generated|safe_q[0]             ; 22      ;
; cash:inst8|lpm_counter0:inst39|lpm_counter:lpm_counter_component|cntr_sej:auto_generated|safe_q[1]             ; 22      ;
; cash:inst8|gdfx_temp5[2]~2                                                                                     ; 21      ;
; cash:inst8|inst437                                                                                             ; 18      ;
; cash:inst8|lpm_bustri0:inst296|lpm_bustri:lpm_bustri_component|dout[0]~24                                      ; 17      ;
; cash:inst8|lpm_bustri0:inst296|lpm_bustri:lpm_bustri_component|dout[1]~22                                      ; 17      ;
; cash:inst8|lpm_bustri0:inst296|lpm_bustri:lpm_bustri_component|dout[2]~20                                      ; 17      ;
; cash:inst8|lpm_bustri0:inst296|lpm_bustri:lpm_bustri_component|dout[3]~18                                      ; 17      ;
; cash:inst8|lpm_bustri0:inst296|lpm_bustri:lpm_bustri_component|dout[4]~16                                      ; 17      ;
; cash:inst8|lpm_bustri0:inst296|lpm_bustri:lpm_bustri_component|dout[5]~14                                      ; 17      ;
; cash:inst8|lpm_bustri0:inst296|lpm_bustri:lpm_bustri_component|dout[6]~12                                      ; 17      ;
; cash:inst8|lpm_bustri0:inst296|lpm_bustri:lpm_bustri_component|dout[7]~10                                      ; 17      ;
; cash:inst8|gdfx_temp2[2]~2                                                                                     ; 17      ;
; cash:inst8|inst416                                                                                             ; 17      ;
; address[0]                                                                                                     ; 16      ;
; address[1]                                                                                                     ; 16      ;
; cash:inst8|lpm_bustri0:inst27|lpm_bustri:lpm_bustri_component|dout[7]~12                                       ; 16      ;
; clk                                                                                                            ; 14      ;
; address[3]                                                                                                     ; 11      ;
; address[4]                                                                                                     ; 11      ;
; address[5]                                                                                                     ; 11      ;
; per_strob                                                                                                      ; 10      ;
; cash:inst8|inst352~0                                                                                           ; 10      ;
; lpm_bustri0:inst5|lpm_bustri:lpm_bustri_component|dout[7]~1                                                    ; 8       ;
; inst7                                                                                                          ; 8       ;
; cash:inst8|lpm_decode0:inst71|lpm_decode:lpm_decode_component|decode_5sf:auto_generated|w_anode18w[3]          ; 8       ;
; cash:inst8|lpm_decode0:inst71|lpm_decode:lpm_decode_component|decode_5sf:auto_generated|w_anode1w[3]           ; 8       ;
; cash:inst8|lpm_decode0:inst13|lpm_decode:lpm_decode_component|decode_5sf:auto_generated|w_anode78w[3]          ; 8       ;
; cash:inst8|lpm_decode0:inst13|lpm_decode:lpm_decode_component|decode_5sf:auto_generated|w_anode68w[3]          ; 8       ;
; cash:inst8|lpm_decode0:inst13|lpm_decode:lpm_decode_component|decode_5sf:auto_generated|w_anode58w[3]          ; 8       ;
; cash:inst8|lpm_decode0:inst13|lpm_decode:lpm_decode_component|decode_5sf:auto_generated|w_anode48w[3]          ; 8       ;
; cash:inst8|lpm_decode0:inst13|lpm_decode:lpm_decode_component|decode_5sf:auto_generated|w_anode38w[3]          ; 8       ;
; cash:inst8|lpm_decode0:inst13|lpm_decode:lpm_decode_component|decode_5sf:auto_generated|w_anode28w[3]          ; 8       ;
; cash:inst8|lpm_decode0:inst71|lpm_decode:lpm_decode_component|decode_5sf:auto_generated|w_anode78w[3]          ; 8       ;
; cash:inst8|lpm_decode0:inst71|lpm_decode:lpm_decode_component|decode_5sf:auto_generated|w_anode68w[3]          ; 8       ;
; cash:inst8|lpm_decode0:inst71|lpm_decode:lpm_decode_component|decode_5sf:auto_generated|w_anode58w[3]          ; 8       ;
; cash:inst8|lpm_decode0:inst71|lpm_decode:lpm_decode_component|decode_5sf:auto_generated|w_anode48w[3]          ; 8       ;
; cash:inst8|lpm_decode0:inst71|lpm_decode:lpm_decode_component|decode_5sf:auto_generated|w_anode38w[3]          ; 8       ;
+----------------------------------------------------------------------------------------------------------------+---------+


+----------------------------------------------------------------------------------------------------------------------------------------------------------------------------------------------------------------------------------------------------------------------------------------------------------------------------------------------------------------------------------------------------------------------------------------------------------------------------------------------------------------------------------------------+
; Fitter RAM Summary                                                                                                                                                                                                                                                                                                                                                                                                                                                                                                                           ;
+--------------------------------------------------------------------------------------------+------+-------------+--------------+--------------+--------------+--------------+--------------+------------------------+-------------------------+------------------------+-------------------------+------+-----------------------------+-----------------------------+-----------------------------+-----------------------------+---------------------+-------+------+--------+-----------------------------------+--------------------------+
; Name                                                                                       ; Type ; Mode        ; Clock Mode   ; Port A Depth ; Port A Width ; Port B Depth ; Port B Width ; Port A Input Registers ; Port A Output Registers ; Port B Input Registers ; Port B Output Registers ; Size ; Implementation Port A Depth ; Implementation Port A Width ; Implementation Port B Depth ; Implementation Port B Width ; Implementation Bits ; M512s ; M4Ks ; M-RAMs ; MIF                               ; Location                 ;
+--------------------------------------------------------------------------------------------+------+-------------+--------------+--------------+--------------+--------------+--------------+------------------------+-------------------------+------------------------+-------------------------+------+-----------------------------+-----------------------------+-----------------------------+-----------------------------+---------------------+-------+------+--------+-----------------------------------+--------------------------+
; lpm_ram_dq0:inst|altsyncram:altsyncram_component|altsyncram_56f1:auto_generated|ALTSYNCRAM ; AUTO ; Single Port ; Single Clock ; 1024         ; 8            ; --           ; --           ; yes                    ; no                      ; --                     ; --                      ; 8192 ; 1024                        ; 8                           ; --                          ; --                          ; 8192                ; 0     ; 2    ; 0      ; D:/alerta/quartus/kursach/ram.hex ; M4K_X20_Y17, M4K_X20_Y16 ;
+--------------------------------------------------------------------------------------------+------+-------------+--------------+--------------+--------------+--------------+--------------+------------------------+-------------------------+------------------------+-------------------------+------+-----------------------------+-----------------------------+-----------------------------+-----------------------------+---------------------+-------+------+--------+-----------------------------------+--------------------------+
Note: Fitter may spread logical memories into multiple blocks to improve timing. The actual required RAM blocks can be found in the Fitter Resource Usage section.


+--------------------------------------------------------------------+
; Interconnect Usage Summary                                         ;
+-------------------------------------------+------------------------+
; Interconnect Resource Type                ; Usage                  ;
+-------------------------------------------+------------------------+
; Block interconnects                       ; 782 / 51,960 ( 2 % )   ;
; C16 interconnects                         ; 35 / 1,680 ( 2 % )     ;
; C4 interconnects                          ; 734 / 38,400 ( 2 % )   ;
; DPA clocks                                ; 0 / 4 ( 0 % )          ;
; DQS bus muxes                             ; 0 / 18 ( 0 % )         ;
; DQS-18 I/O buses                          ; 0 / 4 ( 0 % )          ;
; DQS-4 I/O buses                           ; 0 / 18 ( 0 % )         ;
; DQS-9 I/O buses                           ; 0 / 8 ( 0 % )          ;
; Differential I/O clocks                   ; 0 / 32 ( 0 % )         ;
; Direct links                              ; 46 / 51,960 ( < 1 % )  ;
; Global clocks                             ; 3 / 16 ( 19 % )        ;
; Local interconnects                       ; 110 / 12,480 ( < 1 % ) ;
; NDQS bus muxes                            ; 0 / 18 ( 0 % )         ;
; NDQS-18 I/O buses                         ; 0 / 4 ( 0 % )          ;
; NDQS-4 I/O buses                          ; 0 / 18 ( 0 % )         ;
; NDQS-9 I/O buses                          ; 0 / 8 ( 0 % )          ;
; PLL transmitter or receiver load enables  ; 0 / 8 ( 0 % )          ;
; PLL transmitter or receiver synch. clocks ; 0 / 8 ( 0 % )          ;
; R24 interconnects                         ; 62 / 1,664 ( 4 % )     ;
; R24/C16 interconnect drivers              ; 47 / 4,160 ( 1 % )     ;
; R4 interconnects                          ; 952 / 59,488 ( 2 % )   ;
; Regional clocks                           ; 0 / 32 ( 0 % )         ;
+-------------------------------------------+------------------------+


+-----------------------------------------------------------------+
; LAB Logic Elements                                              ;
+----------------------------------+------------------------------+
; Number of ALMs  (Average = 6.77) ; Number of LABs  (Total = 22) ;
+----------------------------------+------------------------------+
; 1                                ; 2                            ;
; 2                                ; 1                            ;
; 3                                ; 1                            ;
; 4                                ; 0                            ;
; 5                                ; 0                            ;
; 6                                ; 1                            ;
; 7                                ; 0                            ;
; 8                                ; 17                           ;
+----------------------------------+------------------------------+


+-------------------------------------------------------------------+
; LAB-wide Signals                                                  ;
+------------------------------------+------------------------------+
; LAB-wide Signals  (Average = 1.64) ; Number of LABs  (Total = 22) ;
+------------------------------------+------------------------------+
; 1 Clock                            ; 18                           ;
; 1 Clock enable                     ; 3                            ;
; 1 Sync. load                       ; 1                            ;
; 2 Clocks                           ; 2                            ;
; 3 Clock enables                    ; 12                           ;
+------------------------------------+------------------------------+


+-----------------------------------------------------------------------------+
; LAB Signals Sourced                                                         ;
+----------------------------------------------+------------------------------+
; Number of Signals Sourced  (Average = 15.82) ; Number of LABs  (Total = 22) ;
+----------------------------------------------+------------------------------+
; 0                                            ; 0                            ;
; 1                                            ; 1                            ;
; 2                                            ; 0                            ;
; 3                                            ; 1                            ;
; 4                                            ; 1                            ;
; 5                                            ; 0                            ;
; 6                                            ; 0                            ;
; 7                                            ; 0                            ;
; 8                                            ; 0                            ;
; 9                                            ; 0                            ;
; 10                                           ; 1                            ;
; 11                                           ; 1                            ;
; 12                                           ; 0                            ;
; 13                                           ; 1                            ;
; 14                                           ; 2                            ;
; 15                                           ; 1                            ;
; 16                                           ; 1                            ;
; 17                                           ; 0                            ;
; 18                                           ; 3                            ;
; 19                                           ; 2                            ;
; 20                                           ; 2                            ;
; 21                                           ; 3                            ;
; 22                                           ; 0                            ;
; 23                                           ; 0                            ;
; 24                                           ; 1                            ;
; 25                                           ; 0                            ;
; 26                                           ; 0                            ;
; 27                                           ; 0                            ;
; 28                                           ; 1                            ;
+----------------------------------------------+------------------------------+


+---------------------------------------------------------------------------------+
; LAB Signals Sourced Out                                                         ;
+--------------------------------------------------+------------------------------+
; Number of Signals Sourced Out  (Average = 12.73) ; Number of LABs  (Total = 22) ;
+--------------------------------------------------+------------------------------+
; 0                                                ; 0                            ;
; 1                                                ; 1                            ;
; 2                                                ; 1                            ;
; 3                                                ; 1                            ;
; 4                                                ; 0                            ;
; 5                                                ; 0                            ;
; 6                                                ; 1                            ;
; 7                                                ; 0                            ;
; 8                                                ; 0                            ;
; 9                                                ; 2                            ;
; 10                                               ; 2                            ;
; 11                                               ; 2                            ;
; 12                                               ; 0                            ;
; 13                                               ; 2                            ;
; 14                                               ; 2                            ;
; 15                                               ; 1                            ;
; 16                                               ; 2                            ;
; 17                                               ; 1                            ;
; 18                                               ; 1                            ;
; 19                                               ; 0                            ;
; 20                                               ; 0                            ;
; 21                                               ; 1                            ;
; 22                                               ; 0                            ;
; 23                                               ; 1                            ;
; 24                                               ; 0                            ;
; 25                                               ; 0                            ;
; 26                                               ; 0                            ;
; 27                                               ; 0                            ;
; 28                                               ; 1                            ;
+--------------------------------------------------+------------------------------+


+-----------------------------------------------------------------------------+
; LAB Distinct Inputs                                                         ;
+----------------------------------------------+------------------------------+
; Number of Distinct Inputs  (Average = 22.77) ; Number of LABs  (Total = 22) ;
+----------------------------------------------+------------------------------+
; 0                                            ; 0                            ;
; 1                                            ; 0                            ;
; 2                                            ; 0                            ;
; 3                                            ; 0                            ;
; 4                                            ; 1                            ;
; 5                                            ; 1                            ;
; 6                                            ; 0                            ;
; 7                                            ; 0                            ;
; 8                                            ; 1                            ;
; 9                                            ; 0                            ;
; 10                                           ; 0                            ;
; 11                                           ; 0                            ;
; 12                                           ; 0                            ;
; 13                                           ; 1                            ;
; 14                                           ; 0                            ;
; 15                                           ; 0                            ;
; 16                                           ; 1                            ;
; 17                                           ; 1                            ;
; 18                                           ; 0                            ;
; 19                                           ; 1                            ;
; 20                                           ; 0                            ;
; 21                                           ; 1                            ;
; 22                                           ; 1                            ;
; 23                                           ; 1                            ;
; 24                                           ; 0                            ;
; 25                                           ; 1                            ;
; 26                                           ; 0                            ;
; 27                                           ; 0                            ;
; 28                                           ; 0                            ;
; 29                                           ; 2                            ;
; 30                                           ; 0                            ;
; 31                                           ; 1                            ;
; 32                                           ; 0                            ;
; 33                                           ; 2                            ;
; 34                                           ; 2                            ;
; 35                                           ; 3                            ;
+----------------------------------------------+------------------------------+


+------------------------------------------+
; I/O Rules Summary                        ;
+----------------------------------+-------+
; I/O Rules Statistic              ; Total ;
+----------------------------------+-------+
; Total I/O Rules                  ; 31    ;
; Number of I/O Rules Passed       ; 4     ;
; Number of I/O Rules Failed       ; 0     ;
; Number of I/O Rules Unchecked    ; 0     ;
; Number of I/O Rules Inapplicable ; 27    ;
+----------------------------------+-------+


+--------------------------------------------------------------------------------------------------------------------------------------------------------------------------------------------------------------------------------------------------------------------------------------------+
; I/O Rules Details                                                                                                                                                                                                                                                                          ;
+--------------+-----------+-----------------------------------------+------------------------------------------------------------------------------------------------------+----------+--------------------------------------------------------------------------+------+-------------------+
; Status       ; ID        ; Category                                ; Rule Description                                                                                     ; Severity ; Information                                                              ; Area ; Extra Information ;
+--------------+-----------+-----------------------------------------+------------------------------------------------------------------------------------------------------+----------+--------------------------------------------------------------------------+------+-------------------+
; Inapplicable ; IO_000001 ; Capacity Checks                         ; Number of pins in an I/O bank should not exceed the number of locations available.                   ; Critical ; No Location assignments found.                                           ; I/O  ;                   ;
; Inapplicable ; IO_000002 ; Capacity Checks                         ; Number of clocks in an I/O bank should not exceed the number of clocks available.                    ; Critical ; No Global Signal assignments found.                                      ; I/O  ;                   ;
; Inapplicable ; IO_000003 ; Capacity Checks                         ; Number of pins in a Vrefgroup should not exceed the number of locations available.                   ; Critical ; No Location assignments found.                                           ; I/O  ;                   ;
; Inapplicable ; IO_000004 ; Voltage Compatibility Checks            ; The I/O bank should support the requested VCCIO.                                                     ; Critical ; No IOBANK_VCCIO assignments found.                                       ; I/O  ;                   ;
; Inapplicable ; IO_000005 ; Voltage Compatibility Checks            ; The I/O bank should not have competing VREF values.                                                  ; Critical ; No VREF I/O Standard assignments found.                                  ; I/O  ;                   ;
; Pass         ; IO_000006 ; Voltage Compatibility Checks            ; The I/O bank should not have competing VCCIO values.                                                 ; Critical ; 0 such failures found.                                                   ; I/O  ;                   ;
; Inapplicable ; IO_000007 ; Valid Location Checks                   ; Checks for unavailable locations.                                                                    ; Critical ; No Location assignments found.                                           ; I/O  ;                   ;
; Inapplicable ; IO_000008 ; Valid Location Checks                   ; Checks for reserved locations.                                                                       ; Critical ; No reserved LogicLock region found.                                      ; I/O  ;                   ;
; Pass         ; IO_000009 ; I/O Properties Checks for One I/O       ; The location should support the requested I/O standard.                                              ; Critical ; 0 such failures found.                                                   ; I/O  ;                   ;
; Pass         ; IO_000010 ; I/O Properties Checks for One I/O       ; The location should support the requested I/O direction.                                             ; Critical ; 0 such failures found.                                                   ; I/O  ;                   ;
; Inapplicable ; IO_000011 ; I/O Properties Checks for One I/O       ; The location should support the requested Current Strength.                                          ; Critical ; No Current Strength assignments found.                                   ; I/O  ;                   ;
; Inapplicable ; IO_000012 ; I/O Properties Checks for One I/O       ; The location should support the requested On Chip Termination value.                                 ; Critical ; No Termination assignments found.                                        ; I/O  ;                   ;
; Inapplicable ; IO_000013 ; I/O Properties Checks for One I/O       ; The location should support the requested Bus Hold value.                                            ; Critical ; No Enable Bus-Hold Circuitry assignments found.                          ; I/O  ;                   ;
; Inapplicable ; IO_000014 ; I/O Properties Checks for One I/O       ; The location should support the requested Weak Pull Up value.                                        ; Critical ; No Weak Pull-Up Resistor assignments found.                              ; I/O  ;                   ;
; Inapplicable ; IO_000015 ; I/O Properties Checks for One I/O       ; The location should support the requested PCI Clamp Diode.                                           ; Critical ; No PCI I/O assignments found.                                            ; I/O  ;                   ;
; Inapplicable ; IO_000018 ; I/O Properties Checks for One I/O       ; The I/O standard should support the requested Current Strength.                                      ; Critical ; No Current Strength assignments found.                                   ; I/O  ;                   ;
; Inapplicable ; IO_000019 ; I/O Properties Checks for One I/O       ; The I/O standard should support the requested On Chip Termination value.                             ; Critical ; No Termination assignments found.                                        ; I/O  ;                   ;
; Inapplicable ; IO_000020 ; I/O Properties Checks for One I/O       ; The I/O standard should support the requested PCI Clamp Diode.                                       ; Critical ; No PCI I/O assignments found.                                            ; I/O  ;                   ;
; Inapplicable ; IO_000021 ; I/O Properties Checks for One I/O       ; The I/O standard should support the requested Weak Pull Up value.                                    ; Critical ; No Weak Pull-Up Resistor assignments found.                              ; I/O  ;                   ;
; Inapplicable ; IO_000022 ; I/O Properties Checks for One I/O       ; The I/O standard should support the requested Bus Hold value.                                        ; Critical ; No Enable Bus-Hold Circuitry assignments found.                          ; I/O  ;                   ;
; Inapplicable ; IO_000023 ; I/O Properties Checks for One I/O       ; The I/O standard should support the Open Drain value.                                                ; Critical ; No open drain assignments found.                                         ; I/O  ;                   ;
; Inapplicable ; IO_000024 ; I/O Properties Checks for One I/O       ; The I/O direction should support the On Chip Termination value.                                      ; Critical ; No Termination assignments found.                                        ; I/O  ;                   ;
; Inapplicable ; IO_000026 ; I/O Properties Checks for One I/O       ; On Chip Termination and Current Strength should not be used at the same time.                        ; Critical ; No Current Strength or Termination assignments found.                    ; I/O  ;                   ;
; Inapplicable ; IO_000027 ; I/O Properties Checks for One I/O       ; Weak Pull Up and Bus Hold should not be used at the same time.                                       ; Critical ; No Enable Bus-Hold Circuitry or Weak Pull-Up Resistor assignments found. ; I/O  ;                   ;
; Inapplicable ; IO_000032 ; I/O Properties Checks for Multiple I/Os ; I/O registers and SERDES should not be used at the same XY location.                                 ; Critical ; No I/O Registers or Differential I/O Standard assignments found.         ; I/O  ;                   ;
; Pass         ; IO_000033 ; Electromigration Checks                 ; Current density for consecutive I/Os should not exceed 250mA for row I/Os and 250mA for column I/Os. ; Critical ; 0 such failures found.                                                   ; I/O  ;                   ;
; Inapplicable ; IO_000034 ; SI Related Distance Checks              ; Single-ended outputs should be 1 LAB row(s) away from a differential I/O.                            ; High     ; No Differential I/O Standard assignments found.                          ; I/O  ;                   ;
; Inapplicable ; IO_000037 ; SI Related Distance Checks              ; Single-ended I/O and differential I/O should not coexist in a PLL output I/O bank.                   ; High     ; No Differential I/O Standard assignments found.                          ; I/O  ;                   ;
; Inapplicable ; IO_000038 ; SI Related SSO Limit Checks             ; Single-ended outputs and High-speed LVDS should not coexist in an I/O bank.                          ; High     ; No High-speed LVDS found.                                                ; I/O  ;                   ;
; Inapplicable ; IO_000042 ; SI Related SSO Limit Checks             ; No more than 20 outputs are allowed in a VREF group when VREF is being read from.                    ; High     ; No VREF I/O Standard assignments found.                                  ; I/O  ;                   ;
; Inapplicable ; IO_000040 ; SI Related SSO Limit Checks             ; The total drive strength of single ended outputs in a DPA bank should not exceed 120mA.              ; High     ; No DPA found.                                                            ; I/O  ;                   ;
+--------------+-----------+-----------------------------------------+------------------------------------------------------------------------------------------------------+----------+--------------------------------------------------------------------------+------+-------------------+


+-----------------------------------------------------------------------------------------------------------------------------------------------------------------------------------------------------------------------------------------------------------------------------------------------------------------------------------------------------------------------------------------------------------------------------------------------------------------------------------------+
; I/O Rules Matrix                                                                                                                                                                                                                                                                                                                                                                                                                                                                        ;
+--------------------+--------------+--------------+--------------+--------------+--------------+-----------+--------------+--------------+-----------+-----------+--------------+--------------+--------------+--------------+--------------+--------------+--------------+--------------+--------------+--------------+--------------+--------------+--------------+--------------+--------------+-----------+--------------+--------------+--------------+--------------+--------------+
; Pin/Rules          ; IO_000001    ; IO_000002    ; IO_000003    ; IO_000004    ; IO_000005    ; IO_000006 ; IO_000007    ; IO_000008    ; IO_000009 ; IO_000010 ; IO_000011    ; IO_000012    ; IO_000013    ; IO_000014    ; IO_000015    ; IO_000018    ; IO_000019    ; IO_000020    ; IO_000021    ; IO_000022    ; IO_000023    ; IO_000024    ; IO_000026    ; IO_000027    ; IO_000032    ; IO_000033 ; IO_000034    ; IO_000037    ; IO_000038    ; IO_000042    ; IO_000040    ;
+--------------------+--------------+--------------+--------------+--------------+--------------+-----------+--------------+--------------+-----------+-----------+--------------+--------------+--------------+--------------+--------------+--------------+--------------+--------------+--------------+--------------+--------------+--------------+--------------+--------------+--------------+-----------+--------------+--------------+--------------+--------------+--------------+
; Total Pass         ; 0            ; 0            ; 0            ; 0            ; 0            ; 208       ; 0            ; 0            ; 208       ; 208       ; 0            ; 0            ; 0            ; 0            ; 0            ; 0            ; 0            ; 0            ; 0            ; 0            ; 0            ; 0            ; 0            ; 0            ; 0            ; 208       ; 0            ; 0            ; 0            ; 0            ; 0            ;
; Total Unchecked    ; 0            ; 0            ; 0            ; 0            ; 0            ; 0         ; 0            ; 0            ; 0         ; 0         ; 0            ; 0            ; 0            ; 0            ; 0            ; 0            ; 0            ; 0            ; 0            ; 0            ; 0            ; 0            ; 0            ; 0            ; 0            ; 0         ; 0            ; 0            ; 0            ; 0            ; 0            ;
; Total Inapplicable ; 208          ; 208          ; 208          ; 208          ; 208          ; 0         ; 208          ; 208          ; 0         ; 0         ; 208          ; 208          ; 208          ; 208          ; 208          ; 208          ; 208          ; 208          ; 208          ; 208          ; 208          ; 208          ; 208          ; 208          ; 208          ; 0         ; 208          ; 208          ; 208          ; 208          ; 208          ;
; Total Fail         ; 0            ; 0            ; 0            ; 0            ; 0            ; 0         ; 0            ; 0            ; 0         ; 0         ; 0            ; 0            ; 0            ; 0            ; 0            ; 0            ; 0            ; 0            ; 0            ; 0            ; 0            ; 0            ; 0            ; 0            ; 0            ; 0         ; 0            ; 0            ; 0            ; 0            ; 0            ;
; data_o[7]          ; Inapplicable ; Inapplicable ; Inapplicable ; Inapplicable ; Inapplicable ; Pass      ; Inapplicable ; Inapplicable ; Pass      ; Pass      ; Inapplicable ; Inapplicable ; Inapplicable ; Inapplicable ; Inapplicable ; Inapplicable ; Inapplicable ; Inapplicable ; Inapplicable ; Inapplicable ; Inapplicable ; Inapplicable ; Inapplicable ; Inapplicable ; Inapplicable ; Pass      ; Inapplicable ; Inapplicable ; Inapplicable ; Inapplicable ; Inapplicable ;
; data_o[6]          ; Inapplicable ; Inapplicable ; Inapplicable ; Inapplicable ; Inapplicable ; Pass      ; Inapplicable ; Inapplicable ; Pass      ; Pass      ; Inapplicable ; Inapplicable ; Inapplicable ; Inapplicable ; Inapplicable ; Inapplicable ; Inapplicable ; Inapplicable ; Inapplicable ; Inapplicable ; Inapplicable ; Inapplicable ; Inapplicable ; Inapplicable ; Inapplicable ; Pass      ; Inapplicable ; Inapplicable ; Inapplicable ; Inapplicable ; Inapplicable ;
; data_o[5]          ; Inapplicable ; Inapplicable ; Inapplicable ; Inapplicable ; Inapplicable ; Pass      ; Inapplicable ; Inapplicable ; Pass      ; Pass      ; Inapplicable ; Inapplicable ; Inapplicable ; Inapplicable ; Inapplicable ; Inapplicable ; Inapplicable ; Inapplicable ; Inapplicable ; Inapplicable ; Inapplicable ; Inapplicable ; Inapplicable ; Inapplicable ; Inapplicable ; Pass      ; Inapplicable ; Inapplicable ; Inapplicable ; Inapplicable ; Inapplicable ;
; data_o[4]          ; Inapplicable ; Inapplicable ; Inapplicable ; Inapplicable ; Inapplicable ; Pass      ; Inapplicable ; Inapplicable ; Pass      ; Pass      ; Inapplicable ; Inapplicable ; Inapplicable ; Inapplicable ; Inapplicable ; Inapplicable ; Inapplicable ; Inapplicable ; Inapplicable ; Inapplicable ; Inapplicable ; Inapplicable ; Inapplicable ; Inapplicable ; Inapplicable ; Pass      ; Inapplicable ; Inapplicable ; Inapplicable ; Inapplicable ; Inapplicable ;
; data_o[3]          ; Inapplicable ; Inapplicable ; Inapplicable ; Inapplicable ; Inapplicable ; Pass      ; Inapplicable ; Inapplicable ; Pass      ; Pass      ; Inapplicable ; Inapplicable ; Inapplicable ; Inapplicable ; Inapplicable ; Inapplicable ; Inapplicable ; Inapplicable ; Inapplicable ; Inapplicable ; Inapplicable ; Inapplicable ; Inapplicable ; Inapplicable ; Inapplicable ; Pass      ; Inapplicable ; Inapplicable ; Inapplicable ; Inapplicable ; Inapplicable ;
; data_o[2]          ; Inapplicable ; Inapplicable ; Inapplicable ; Inapplicable ; Inapplicable ; Pass      ; Inapplicable ; Inapplicable ; Pass      ; Pass      ; Inapplicable ; Inapplicable ; Inapplicable ; Inapplicable ; Inapplicable ; Inapplicable ; Inapplicable ; Inapplicable ; Inapplicable ; Inapplicable ; Inapplicable ; Inapplicable ; Inapplicable ; Inapplicable ; Inapplicable ; Pass      ; Inapplicable ; Inapplicable ; Inapplicable ; Inapplicable ; Inapplicable ;
; data_o[1]          ; Inapplicable ; Inapplicable ; Inapplicable ; Inapplicable ; Inapplicable ; Pass      ; Inapplicable ; Inapplicable ; Pass      ; Pass      ; Inapplicable ; Inapplicable ; Inapplicable ; Inapplicable ; Inapplicable ; Inapplicable ; Inapplicable ; Inapplicable ; Inapplicable ; Inapplicable ; Inapplicable ; Inapplicable ; Inapplicable ; Inapplicable ; Inapplicable ; Pass      ; Inapplicable ; Inapplicable ; Inapplicable ; Inapplicable ; Inapplicable ;
; data_o[0]          ; Inapplicable ; Inapplicable ; Inapplicable ; Inapplicable ; Inapplicable ; Pass      ; Inapplicable ; Inapplicable ; Pass      ; Pass      ; Inapplicable ; Inapplicable ; Inapplicable ; Inapplicable ; Inapplicable ; Inapplicable ; Inapplicable ; Inapplicable ; Inapplicable ; Inapplicable ; Inapplicable ; Inapplicable ; Inapplicable ; Inapplicable ; Inapplicable ; Pass      ; Inapplicable ; Inapplicable ; Inapplicable ; Inapplicable ; Inapplicable ;
; data[7]            ; Inapplicable ; Inapplicable ; Inapplicable ; Inapplicable ; Inapplicable ; Pass      ; Inapplicable ; Inapplicable ; Pass      ; Pass      ; Inapplicable ; Inapplicable ; Inapplicable ; Inapplicable ; Inapplicable ; Inapplicable ; Inapplicable ; Inapplicable ; Inapplicable ; Inapplicable ; Inapplicable ; Inapplicable ; Inapplicable ; Inapplicable ; Inapplicable ; Pass      ; Inapplicable ; Inapplicable ; Inapplicable ; Inapplicable ; Inapplicable ;
; data[6]            ; Inapplicable ; Inapplicable ; Inapplicable ; Inapplicable ; Inapplicable ; Pass      ; Inapplicable ; Inapplicable ; Pass      ; Pass      ; Inapplicable ; Inapplicable ; Inapplicable ; Inapplicable ; Inapplicable ; Inapplicable ; Inapplicable ; Inapplicable ; Inapplicable ; Inapplicable ; Inapplicable ; Inapplicable ; Inapplicable ; Inapplicable ; Inapplicable ; Pass      ; Inapplicable ; Inapplicable ; Inapplicable ; Inapplicable ; Inapplicable ;
; data[5]            ; Inapplicable ; Inapplicable ; Inapplicable ; Inapplicable ; Inapplicable ; Pass      ; Inapplicable ; Inapplicable ; Pass      ; Pass      ; Inapplicable ; Inapplicable ; Inapplicable ; Inapplicable ; Inapplicable ; Inapplicable ; Inapplicable ; Inapplicable ; Inapplicable ; Inapplicable ; Inapplicable ; Inapplicable ; Inapplicable ; Inapplicable ; Inapplicable ; Pass      ; Inapplicable ; Inapplicable ; Inapplicable ; Inapplicable ; Inapplicable ;
; data[4]            ; Inapplicable ; Inapplicable ; Inapplicable ; Inapplicable ; Inapplicable ; Pass      ; Inapplicable ; Inapplicable ; Pass      ; Pass      ; Inapplicable ; Inapplicable ; Inapplicable ; Inapplicable ; Inapplicable ; Inapplicable ; Inapplicable ; Inapplicable ; Inapplicable ; Inapplicable ; Inapplicable ; Inapplicable ; Inapplicable ; Inapplicable ; Inapplicable ; Pass      ; Inapplicable ; Inapplicable ; Inapplicable ; Inapplicable ; Inapplicable ;
; data[3]            ; Inapplicable ; Inapplicable ; Inapplicable ; Inapplicable ; Inapplicable ; Pass      ; Inapplicable ; Inapplicable ; Pass      ; Pass      ; Inapplicable ; Inapplicable ; Inapplicable ; Inapplicable ; Inapplicable ; Inapplicable ; Inapplicable ; Inapplicable ; Inapplicable ; Inapplicable ; Inapplicable ; Inapplicable ; Inapplicable ; Inapplicable ; Inapplicable ; Pass      ; Inapplicable ; Inapplicable ; Inapplicable ; Inapplicable ; Inapplicable ;
; data[2]            ; Inapplicable ; Inapplicable ; Inapplicable ; Inapplicable ; Inapplicable ; Pass      ; Inapplicable ; Inapplicable ; Pass      ; Pass      ; Inapplicable ; Inapplicable ; Inapplicable ; Inapplicable ; Inapplicable ; Inapplicable ; Inapplicable ; Inapplicable ; Inapplicable ; Inapplicable ; Inapplicable ; Inapplicable ; Inapplicable ; Inapplicable ; Inapplicable ; Pass      ; Inapplicable ; Inapplicable ; Inapplicable ; Inapplicable ; Inapplicable ;
; data[1]            ; Inapplicable ; Inapplicable ; Inapplicable ; Inapplicable ; Inapplicable ; Pass      ; Inapplicable ; Inapplicable ; Pass      ; Pass      ; Inapplicable ; Inapplicable ; Inapplicable ; Inapplicable ; Inapplicable ; Inapplicable ; Inapplicable ; Inapplicable ; Inapplicable ; Inapplicable ; Inapplicable ; Inapplicable ; Inapplicable ; Inapplicable ; Inapplicable ; Pass      ; Inapplicable ; Inapplicable ; Inapplicable ; Inapplicable ; Inapplicable ;
; data[0]            ; Inapplicable ; Inapplicable ; Inapplicable ; Inapplicable ; Inapplicable ; Pass      ; Inapplicable ; Inapplicable ; Pass      ; Pass      ; Inapplicable ; Inapplicable ; Inapplicable ; Inapplicable ; Inapplicable ; Inapplicable ; Inapplicable ; Inapplicable ; Inapplicable ; Inapplicable ; Inapplicable ; Inapplicable ; Inapplicable ; Inapplicable ; Inapplicable ; Pass      ; Inapplicable ; Inapplicable ; Inapplicable ; Inapplicable ; Inapplicable ;
; cout0              ; Inapplicable ; Inapplicable ; Inapplicable ; Inapplicable ; Inapplicable ; Pass      ; Inapplicable ; Inapplicable ; Pass      ; Pass      ; Inapplicable ; Inapplicable ; Inapplicable ; Inapplicable ; Inapplicable ; Inapplicable ; Inapplicable ; Inapplicable ; Inapplicable ; Inapplicable ; Inapplicable ; Inapplicable ; Inapplicable ; Inapplicable ; Inapplicable ; Pass      ; Inapplicable ; Inapplicable ; Inapplicable ; Inapplicable ; Inapplicable ;
; address_o[9]       ; Inapplicable ; Inapplicable ; Inapplicable ; Inapplicable ; Inapplicable ; Pass      ; Inapplicable ; Inapplicable ; Pass      ; Pass      ; Inapplicable ; Inapplicable ; Inapplicable ; Inapplicable ; Inapplicable ; Inapplicable ; Inapplicable ; Inapplicable ; Inapplicable ; Inapplicable ; Inapplicable ; Inapplicable ; Inapplicable ; Inapplicable ; Inapplicable ; Pass      ; Inapplicable ; Inapplicable ; Inapplicable ; Inapplicable ; Inapplicable ;
; address_o[8]       ; Inapplicable ; Inapplicable ; Inapplicable ; Inapplicable ; Inapplicable ; Pass      ; Inapplicable ; Inapplicable ; Pass      ; Pass      ; Inapplicable ; Inapplicable ; Inapplicable ; Inapplicable ; Inapplicable ; Inapplicable ; Inapplicable ; Inapplicable ; Inapplicable ; Inapplicable ; Inapplicable ; Inapplicable ; Inapplicable ; Inapplicable ; Inapplicable ; Pass      ; Inapplicable ; Inapplicable ; Inapplicable ; Inapplicable ; Inapplicable ;
; address_o[7]       ; Inapplicable ; Inapplicable ; Inapplicable ; Inapplicable ; Inapplicable ; Pass      ; Inapplicable ; Inapplicable ; Pass      ; Pass      ; Inapplicable ; Inapplicable ; Inapplicable ; Inapplicable ; Inapplicable ; Inapplicable ; Inapplicable ; Inapplicable ; Inapplicable ; Inapplicable ; Inapplicable ; Inapplicable ; Inapplicable ; Inapplicable ; Inapplicable ; Pass      ; Inapplicable ; Inapplicable ; Inapplicable ; Inapplicable ; Inapplicable ;
; address_o[6]       ; Inapplicable ; Inapplicable ; Inapplicable ; Inapplicable ; Inapplicable ; Pass      ; Inapplicable ; Inapplicable ; Pass      ; Pass      ; Inapplicable ; Inapplicable ; Inapplicable ; Inapplicable ; Inapplicable ; Inapplicable ; Inapplicable ; Inapplicable ; Inapplicable ; Inapplicable ; Inapplicable ; Inapplicable ; Inapplicable ; Inapplicable ; Inapplicable ; Pass      ; Inapplicable ; Inapplicable ; Inapplicable ; Inapplicable ; Inapplicable ;
; address_o[5]       ; Inapplicable ; Inapplicable ; Inapplicable ; Inapplicable ; Inapplicable ; Pass      ; Inapplicable ; Inapplicable ; Pass      ; Pass      ; Inapplicable ; Inapplicable ; Inapplicable ; Inapplicable ; Inapplicable ; Inapplicable ; Inapplicable ; Inapplicable ; Inapplicable ; Inapplicable ; Inapplicable ; Inapplicable ; Inapplicable ; Inapplicable ; Inapplicable ; Pass      ; Inapplicable ; Inapplicable ; Inapplicable ; Inapplicable ; Inapplicable ;
; address_o[4]       ; Inapplicable ; Inapplicable ; Inapplicable ; Inapplicable ; Inapplicable ; Pass      ; Inapplicable ; Inapplicable ; Pass      ; Pass      ; Inapplicable ; Inapplicable ; Inapplicable ; Inapplicable ; Inapplicable ; Inapplicable ; Inapplicable ; Inapplicable ; Inapplicable ; Inapplicable ; Inapplicable ; Inapplicable ; Inapplicable ; Inapplicable ; Inapplicable ; Pass      ; Inapplicable ; Inapplicable ; Inapplicable ; Inapplicable ; Inapplicable ;
; address_o[3]       ; Inapplicable ; Inapplicable ; Inapplicable ; Inapplicable ; Inapplicable ; Pass      ; Inapplicable ; Inapplicable ; Pass      ; Pass      ; Inapplicable ; Inapplicable ; Inapplicable ; Inapplicable ; Inapplicable ; Inapplicable ; Inapplicable ; Inapplicable ; Inapplicable ; Inapplicable ; Inapplicable ; Inapplicable ; Inapplicable ; Inapplicable ; Inapplicable ; Pass      ; Inapplicable ; Inapplicable ; Inapplicable ; Inapplicable ; Inapplicable ;
; address_o[2]       ; Inapplicable ; Inapplicable ; Inapplicable ; Inapplicable ; Inapplicable ; Pass      ; Inapplicable ; Inapplicable ; Pass      ; Pass      ; Inapplicable ; Inapplicable ; Inapplicable ; Inapplicable ; Inapplicable ; Inapplicable ; Inapplicable ; Inapplicable ; Inapplicable ; Inapplicable ; Inapplicable ; Inapplicable ; Inapplicable ; Inapplicable ; Inapplicable ; Pass      ; Inapplicable ; Inapplicable ; Inapplicable ; Inapplicable ; Inapplicable ;
; address_o[1]       ; Inapplicable ; Inapplicable ; Inapplicable ; Inapplicable ; Inapplicable ; Pass      ; Inapplicable ; Inapplicable ; Pass      ; Pass      ; Inapplicable ; Inapplicable ; Inapplicable ; Inapplicable ; Inapplicable ; Inapplicable ; Inapplicable ; Inapplicable ; Inapplicable ; Inapplicable ; Inapplicable ; Inapplicable ; Inapplicable ; Inapplicable ; Inapplicable ; Pass      ; Inapplicable ; Inapplicable ; Inapplicable ; Inapplicable ; Inapplicable ;
; address_o[0]       ; Inapplicable ; Inapplicable ; Inapplicable ; Inapplicable ; Inapplicable ; Pass      ; Inapplicable ; Inapplicable ; Pass      ; Pass      ; Inapplicable ; Inapplicable ; Inapplicable ; Inapplicable ; Inapplicable ; Inapplicable ; Inapplicable ; Inapplicable ; Inapplicable ; Inapplicable ; Inapplicable ; Inapplicable ; Inapplicable ; Inapplicable ; Inapplicable ; Pass      ; Inapplicable ; Inapplicable ; Inapplicable ; Inapplicable ; Inapplicable ;
; t0                 ; Inapplicable ; Inapplicable ; Inapplicable ; Inapplicable ; Inapplicable ; Pass      ; Inapplicable ; Inapplicable ; Pass      ; Pass      ; Inapplicable ; Inapplicable ; Inapplicable ; Inapplicable ; Inapplicable ; Inapplicable ; Inapplicable ; Inapplicable ; Inapplicable ; Inapplicable ; Inapplicable ; Inapplicable ; Inapplicable ; Inapplicable ; Inapplicable ; Pass      ; Inapplicable ; Inapplicable ; Inapplicable ; Inapplicable ; Inapplicable ;
; hit                ; Inapplicable ; Inapplicable ; Inapplicable ; Inapplicable ; Inapplicable ; Pass      ; Inapplicable ; Inapplicable ; Pass      ; Pass      ; Inapplicable ; Inapplicable ; Inapplicable ; Inapplicable ; Inapplicable ; Inapplicable ; Inapplicable ; Inapplicable ; Inapplicable ; Inapplicable ; Inapplicable ; Inapplicable ; Inapplicable ; Inapplicable ; Inapplicable ; Pass      ; Inapplicable ; Inapplicable ; Inapplicable ; Inapplicable ; Inapplicable ;
; t01                ; Inapplicable ; Inapplicable ; Inapplicable ; Inapplicable ; Inapplicable ; Pass      ; Inapplicable ; Inapplicable ; Pass      ; Pass      ; Inapplicable ; Inapplicable ; Inapplicable ; Inapplicable ; Inapplicable ; Inapplicable ; Inapplicable ; Inapplicable ; Inapplicable ; Inapplicable ; Inapplicable ; Inapplicable ; Inapplicable ; Inapplicable ; Inapplicable ; Pass      ; Inapplicable ; Inapplicable ; Inapplicable ; Inapplicable ; Inapplicable ;
; ad[9]              ; Inapplicable ; Inapplicable ; Inapplicable ; Inapplicable ; Inapplicable ; Pass      ; Inapplicable ; Inapplicable ; Pass      ; Pass      ; Inapplicable ; Inapplicable ; Inapplicable ; Inapplicable ; Inapplicable ; Inapplicable ; Inapplicable ; Inapplicable ; Inapplicable ; Inapplicable ; Inapplicable ; Inapplicable ; Inapplicable ; Inapplicable ; Inapplicable ; Pass      ; Inapplicable ; Inapplicable ; Inapplicable ; Inapplicable ; Inapplicable ;
; ad[8]              ; Inapplicable ; Inapplicable ; Inapplicable ; Inapplicable ; Inapplicable ; Pass      ; Inapplicable ; Inapplicable ; Pass      ; Pass      ; Inapplicable ; Inapplicable ; Inapplicable ; Inapplicable ; Inapplicable ; Inapplicable ; Inapplicable ; Inapplicable ; Inapplicable ; Inapplicable ; Inapplicable ; Inapplicable ; Inapplicable ; Inapplicable ; Inapplicable ; Pass      ; Inapplicable ; Inapplicable ; Inapplicable ; Inapplicable ; Inapplicable ;
; ad[7]              ; Inapplicable ; Inapplicable ; Inapplicable ; Inapplicable ; Inapplicable ; Pass      ; Inapplicable ; Inapplicable ; Pass      ; Pass      ; Inapplicable ; Inapplicable ; Inapplicable ; Inapplicable ; Inapplicable ; Inapplicable ; Inapplicable ; Inapplicable ; Inapplicable ; Inapplicable ; Inapplicable ; Inapplicable ; Inapplicable ; Inapplicable ; Inapplicable ; Pass      ; Inapplicable ; Inapplicable ; Inapplicable ; Inapplicable ; Inapplicable ;
; ad[6]              ; Inapplicable ; Inapplicable ; Inapplicable ; Inapplicable ; Inapplicable ; Pass      ; Inapplicable ; Inapplicable ; Pass      ; Pass      ; Inapplicable ; Inapplicable ; Inapplicable ; Inapplicable ; Inapplicable ; Inapplicable ; Inapplicable ; Inapplicable ; Inapplicable ; Inapplicable ; Inapplicable ; Inapplicable ; Inapplicable ; Inapplicable ; Inapplicable ; Pass      ; Inapplicable ; Inapplicable ; Inapplicable ; Inapplicable ; Inapplicable ;
; ad[5]              ; Inapplicable ; Inapplicable ; Inapplicable ; Inapplicable ; Inapplicable ; Pass      ; Inapplicable ; Inapplicable ; Pass      ; Pass      ; Inapplicable ; Inapplicable ; Inapplicable ; Inapplicable ; Inapplicable ; Inapplicable ; Inapplicable ; Inapplicable ; Inapplicable ; Inapplicable ; Inapplicable ; Inapplicable ; Inapplicable ; Inapplicable ; Inapplicable ; Pass      ; Inapplicable ; Inapplicable ; Inapplicable ; Inapplicable ; Inapplicable ;
; ad[4]              ; Inapplicable ; Inapplicable ; Inapplicable ; Inapplicable ; Inapplicable ; Pass      ; Inapplicable ; Inapplicable ; Pass      ; Pass      ; Inapplicable ; Inapplicable ; Inapplicable ; Inapplicable ; Inapplicable ; Inapplicable ; Inapplicable ; Inapplicable ; Inapplicable ; Inapplicable ; Inapplicable ; Inapplicable ; Inapplicable ; Inapplicable ; Inapplicable ; Pass      ; Inapplicable ; Inapplicable ; Inapplicable ; Inapplicable ; Inapplicable ;
; ad[3]              ; Inapplicable ; Inapplicable ; Inapplicable ; Inapplicable ; Inapplicable ; Pass      ; Inapplicable ; Inapplicable ; Pass      ; Pass      ; Inapplicable ; Inapplicable ; Inapplicable ; Inapplicable ; Inapplicable ; Inapplicable ; Inapplicable ; Inapplicable ; Inapplicable ; Inapplicable ; Inapplicable ; Inapplicable ; Inapplicable ; Inapplicable ; Inapplicable ; Pass      ; Inapplicable ; Inapplicable ; Inapplicable ; Inapplicable ; Inapplicable ;
; ad[2]              ; Inapplicable ; Inapplicable ; Inapplicable ; Inapplicable ; Inapplicable ; Pass      ; Inapplicable ; Inapplicable ; Pass      ; Pass      ; Inapplicable ; Inapplicable ; Inapplicable ; Inapplicable ; Inapplicable ; Inapplicable ; Inapplicable ; Inapplicable ; Inapplicable ; Inapplicable ; Inapplicable ; Inapplicable ; Inapplicable ; Inapplicable ; Inapplicable ; Pass      ; Inapplicable ; Inapplicable ; Inapplicable ; Inapplicable ; Inapplicable ;
; ad[1]              ; Inapplicable ; Inapplicable ; Inapplicable ; Inapplicable ; Inapplicable ; Pass      ; Inapplicable ; Inapplicable ; Pass      ; Pass      ; Inapplicable ; Inapplicable ; Inapplicable ; Inapplicable ; Inapplicable ; Inapplicable ; Inapplicable ; Inapplicable ; Inapplicable ; Inapplicable ; Inapplicable ; Inapplicable ; Inapplicable ; Inapplicable ; Inapplicable ; Pass      ; Inapplicable ; Inapplicable ; Inapplicable ; Inapplicable ; Inapplicable ;
; ad[0]              ; Inapplicable ; Inapplicable ; Inapplicable ; Inapplicable ; Inapplicable ; Pass      ; Inapplicable ; Inapplicable ; Pass      ; Pass      ; Inapplicable ; Inapplicable ; Inapplicable ; Inapplicable ; Inapplicable ; Inapplicable ; Inapplicable ; Inapplicable ; Inapplicable ; Inapplicable ; Inapplicable ; Inapplicable ; Inapplicable ; Inapplicable ; Inapplicable ; Pass      ; Inapplicable ; Inapplicable ; Inapplicable ; Inapplicable ; Inapplicable ;
; dff0[7]            ; Inapplicable ; Inapplicable ; Inapplicable ; Inapplicable ; Inapplicable ; Pass      ; Inapplicable ; Inapplicable ; Pass      ; Pass      ; Inapplicable ; Inapplicable ; Inapplicable ; Inapplicable ; Inapplicable ; Inapplicable ; Inapplicable ; Inapplicable ; Inapplicable ; Inapplicable ; Inapplicable ; Inapplicable ; Inapplicable ; Inapplicable ; Inapplicable ; Pass      ; Inapplicable ; Inapplicable ; Inapplicable ; Inapplicable ; Inapplicable ;
; dff0[6]            ; Inapplicable ; Inapplicable ; Inapplicable ; Inapplicable ; Inapplicable ; Pass      ; Inapplicable ; Inapplicable ; Pass      ; Pass      ; Inapplicable ; Inapplicable ; Inapplicable ; Inapplicable ; Inapplicable ; Inapplicable ; Inapplicable ; Inapplicable ; Inapplicable ; Inapplicable ; Inapplicable ; Inapplicable ; Inapplicable ; Inapplicable ; Inapplicable ; Pass      ; Inapplicable ; Inapplicable ; Inapplicable ; Inapplicable ; Inapplicable ;
; dff0[5]            ; Inapplicable ; Inapplicable ; Inapplicable ; Inapplicable ; Inapplicable ; Pass      ; Inapplicable ; Inapplicable ; Pass      ; Pass      ; Inapplicable ; Inapplicable ; Inapplicable ; Inapplicable ; Inapplicable ; Inapplicable ; Inapplicable ; Inapplicable ; Inapplicable ; Inapplicable ; Inapplicable ; Inapplicable ; Inapplicable ; Inapplicable ; Inapplicable ; Pass      ; Inapplicable ; Inapplicable ; Inapplicable ; Inapplicable ; Inapplicable ;
; dff0[4]            ; Inapplicable ; Inapplicable ; Inapplicable ; Inapplicable ; Inapplicable ; Pass      ; Inapplicable ; Inapplicable ; Pass      ; Pass      ; Inapplicable ; Inapplicable ; Inapplicable ; Inapplicable ; Inapplicable ; Inapplicable ; Inapplicable ; Inapplicable ; Inapplicable ; Inapplicable ; Inapplicable ; Inapplicable ; Inapplicable ; Inapplicable ; Inapplicable ; Pass      ; Inapplicable ; Inapplicable ; Inapplicable ; Inapplicable ; Inapplicable ;
; dff0[3]            ; Inapplicable ; Inapplicable ; Inapplicable ; Inapplicable ; Inapplicable ; Pass      ; Inapplicable ; Inapplicable ; Pass      ; Pass      ; Inapplicable ; Inapplicable ; Inapplicable ; Inapplicable ; Inapplicable ; Inapplicable ; Inapplicable ; Inapplicable ; Inapplicable ; Inapplicable ; Inapplicable ; Inapplicable ; Inapplicable ; Inapplicable ; Inapplicable ; Pass      ; Inapplicable ; Inapplicable ; Inapplicable ; Inapplicable ; Inapplicable ;
; dff0[2]            ; Inapplicable ; Inapplicable ; Inapplicable ; Inapplicable ; Inapplicable ; Pass      ; Inapplicable ; Inapplicable ; Pass      ; Pass      ; Inapplicable ; Inapplicable ; Inapplicable ; Inapplicable ; Inapplicable ; Inapplicable ; Inapplicable ; Inapplicable ; Inapplicable ; Inapplicable ; Inapplicable ; Inapplicable ; Inapplicable ; Inapplicable ; Inapplicable ; Pass      ; Inapplicable ; Inapplicable ; Inapplicable ; Inapplicable ; Inapplicable ;
; dff0[1]            ; Inapplicable ; Inapplicable ; Inapplicable ; Inapplicable ; Inapplicable ; Pass      ; Inapplicable ; Inapplicable ; Pass      ; Pass      ; Inapplicable ; Inapplicable ; Inapplicable ; Inapplicable ; Inapplicable ; Inapplicable ; Inapplicable ; Inapplicable ; Inapplicable ; Inapplicable ; Inapplicable ; Inapplicable ; Inapplicable ; Inapplicable ; Inapplicable ; Pass      ; Inapplicable ; Inapplicable ; Inapplicable ; Inapplicable ; Inapplicable ;
; dff0[0]            ; Inapplicable ; Inapplicable ; Inapplicable ; Inapplicable ; Inapplicable ; Pass      ; Inapplicable ; Inapplicable ; Pass      ; Pass      ; Inapplicable ; Inapplicable ; Inapplicable ; Inapplicable ; Inapplicable ; Inapplicable ; Inapplicable ; Inapplicable ; Inapplicable ; Inapplicable ; Inapplicable ; Inapplicable ; Inapplicable ; Inapplicable ; Inapplicable ; Pass      ; Inapplicable ; Inapplicable ; Inapplicable ; Inapplicable ; Inapplicable ;
; dff1[7]            ; Inapplicable ; Inapplicable ; Inapplicable ; Inapplicable ; Inapplicable ; Pass      ; Inapplicable ; Inapplicable ; Pass      ; Pass      ; Inapplicable ; Inapplicable ; Inapplicable ; Inapplicable ; Inapplicable ; Inapplicable ; Inapplicable ; Inapplicable ; Inapplicable ; Inapplicable ; Inapplicable ; Inapplicable ; Inapplicable ; Inapplicable ; Inapplicable ; Pass      ; Inapplicable ; Inapplicable ; Inapplicable ; Inapplicable ; Inapplicable ;
; dff1[6]            ; Inapplicable ; Inapplicable ; Inapplicable ; Inapplicable ; Inapplicable ; Pass      ; Inapplicable ; Inapplicable ; Pass      ; Pass      ; Inapplicable ; Inapplicable ; Inapplicable ; Inapplicable ; Inapplicable ; Inapplicable ; Inapplicable ; Inapplicable ; Inapplicable ; Inapplicable ; Inapplicable ; Inapplicable ; Inapplicable ; Inapplicable ; Inapplicable ; Pass      ; Inapplicable ; Inapplicable ; Inapplicable ; Inapplicable ; Inapplicable ;
; dff1[5]            ; Inapplicable ; Inapplicable ; Inapplicable ; Inapplicable ; Inapplicable ; Pass      ; Inapplicable ; Inapplicable ; Pass      ; Pass      ; Inapplicable ; Inapplicable ; Inapplicable ; Inapplicable ; Inapplicable ; Inapplicable ; Inapplicable ; Inapplicable ; Inapplicable ; Inapplicable ; Inapplicable ; Inapplicable ; Inapplicable ; Inapplicable ; Inapplicable ; Pass      ; Inapplicable ; Inapplicable ; Inapplicable ; Inapplicable ; Inapplicable ;
; dff1[4]            ; Inapplicable ; Inapplicable ; Inapplicable ; Inapplicable ; Inapplicable ; Pass      ; Inapplicable ; Inapplicable ; Pass      ; Pass      ; Inapplicable ; Inapplicable ; Inapplicable ; Inapplicable ; Inapplicable ; Inapplicable ; Inapplicable ; Inapplicable ; Inapplicable ; Inapplicable ; Inapplicable ; Inapplicable ; Inapplicable ; Inapplicable ; Inapplicable ; Pass      ; Inapplicable ; Inapplicable ; Inapplicable ; Inapplicable ; Inapplicable ;
; dff1[3]            ; Inapplicable ; Inapplicable ; Inapplicable ; Inapplicable ; Inapplicable ; Pass      ; Inapplicable ; Inapplicable ; Pass      ; Pass      ; Inapplicable ; Inapplicable ; Inapplicable ; Inapplicable ; Inapplicable ; Inapplicable ; Inapplicable ; Inapplicable ; Inapplicable ; Inapplicable ; Inapplicable ; Inapplicable ; Inapplicable ; Inapplicable ; Inapplicable ; Pass      ; Inapplicable ; Inapplicable ; Inapplicable ; Inapplicable ; Inapplicable ;
; dff1[2]            ; Inapplicable ; Inapplicable ; Inapplicable ; Inapplicable ; Inapplicable ; Pass      ; Inapplicable ; Inapplicable ; Pass      ; Pass      ; Inapplicable ; Inapplicable ; Inapplicable ; Inapplicable ; Inapplicable ; Inapplicable ; Inapplicable ; Inapplicable ; Inapplicable ; Inapplicable ; Inapplicable ; Inapplicable ; Inapplicable ; Inapplicable ; Inapplicable ; Pass      ; Inapplicable ; Inapplicable ; Inapplicable ; Inapplicable ; Inapplicable ;
; dff1[1]            ; Inapplicable ; Inapplicable ; Inapplicable ; Inapplicable ; Inapplicable ; Pass      ; Inapplicable ; Inapplicable ; Pass      ; Pass      ; Inapplicable ; Inapplicable ; Inapplicable ; Inapplicable ; Inapplicable ; Inapplicable ; Inapplicable ; Inapplicable ; Inapplicable ; Inapplicable ; Inapplicable ; Inapplicable ; Inapplicable ; Inapplicable ; Inapplicable ; Pass      ; Inapplicable ; Inapplicable ; Inapplicable ; Inapplicable ; Inapplicable ;
; dff1[0]            ; Inapplicable ; Inapplicable ; Inapplicable ; Inapplicable ; Inapplicable ; Pass      ; Inapplicable ; Inapplicable ; Pass      ; Pass      ; Inapplicable ; Inapplicable ; Inapplicable ; Inapplicable ; Inapplicable ; Inapplicable ; Inapplicable ; Inapplicable ; Inapplicable ; Inapplicable ; Inapplicable ; Inapplicable ; Inapplicable ; Inapplicable ; Inapplicable ; Pass      ; Inapplicable ; Inapplicable ; Inapplicable ; Inapplicable ; Inapplicable ;
; dff10[7]           ; Inapplicable ; Inapplicable ; Inapplicable ; Inapplicable ; Inapplicable ; Pass      ; Inapplicable ; Inapplicable ; Pass      ; Pass      ; Inapplicable ; Inapplicable ; Inapplicable ; Inapplicable ; Inapplicable ; Inapplicable ; Inapplicable ; Inapplicable ; Inapplicable ; Inapplicable ; Inapplicable ; Inapplicable ; Inapplicable ; Inapplicable ; Inapplicable ; Pass      ; Inapplicable ; Inapplicable ; Inapplicable ; Inapplicable ; Inapplicable ;
; dff10[6]           ; Inapplicable ; Inapplicable ; Inapplicable ; Inapplicable ; Inapplicable ; Pass      ; Inapplicable ; Inapplicable ; Pass      ; Pass      ; Inapplicable ; Inapplicable ; Inapplicable ; Inapplicable ; Inapplicable ; Inapplicable ; Inapplicable ; Inapplicable ; Inapplicable ; Inapplicable ; Inapplicable ; Inapplicable ; Inapplicable ; Inapplicable ; Inapplicable ; Pass      ; Inapplicable ; Inapplicable ; Inapplicable ; Inapplicable ; Inapplicable ;
; dff10[5]           ; Inapplicable ; Inapplicable ; Inapplicable ; Inapplicable ; Inapplicable ; Pass      ; Inapplicable ; Inapplicable ; Pass      ; Pass      ; Inapplicable ; Inapplicable ; Inapplicable ; Inapplicable ; Inapplicable ; Inapplicable ; Inapplicable ; Inapplicable ; Inapplicable ; Inapplicable ; Inapplicable ; Inapplicable ; Inapplicable ; Inapplicable ; Inapplicable ; Pass      ; Inapplicable ; Inapplicable ; Inapplicable ; Inapplicable ; Inapplicable ;
; dff10[4]           ; Inapplicable ; Inapplicable ; Inapplicable ; Inapplicable ; Inapplicable ; Pass      ; Inapplicable ; Inapplicable ; Pass      ; Pass      ; Inapplicable ; Inapplicable ; Inapplicable ; Inapplicable ; Inapplicable ; Inapplicable ; Inapplicable ; Inapplicable ; Inapplicable ; Inapplicable ; Inapplicable ; Inapplicable ; Inapplicable ; Inapplicable ; Inapplicable ; Pass      ; Inapplicable ; Inapplicable ; Inapplicable ; Inapplicable ; Inapplicable ;
; dff10[3]           ; Inapplicable ; Inapplicable ; Inapplicable ; Inapplicable ; Inapplicable ; Pass      ; Inapplicable ; Inapplicable ; Pass      ; Pass      ; Inapplicable ; Inapplicable ; Inapplicable ; Inapplicable ; Inapplicable ; Inapplicable ; Inapplicable ; Inapplicable ; Inapplicable ; Inapplicable ; Inapplicable ; Inapplicable ; Inapplicable ; Inapplicable ; Inapplicable ; Pass      ; Inapplicable ; Inapplicable ; Inapplicable ; Inapplicable ; Inapplicable ;
; dff10[2]           ; Inapplicable ; Inapplicable ; Inapplicable ; Inapplicable ; Inapplicable ; Pass      ; Inapplicable ; Inapplicable ; Pass      ; Pass      ; Inapplicable ; Inapplicable ; Inapplicable ; Inapplicable ; Inapplicable ; Inapplicable ; Inapplicable ; Inapplicable ; Inapplicable ; Inapplicable ; Inapplicable ; Inapplicable ; Inapplicable ; Inapplicable ; Inapplicable ; Pass      ; Inapplicable ; Inapplicable ; Inapplicable ; Inapplicable ; Inapplicable ;
; dff10[1]           ; Inapplicable ; Inapplicable ; Inapplicable ; Inapplicable ; Inapplicable ; Pass      ; Inapplicable ; Inapplicable ; Pass      ; Pass      ; Inapplicable ; Inapplicable ; Inapplicable ; Inapplicable ; Inapplicable ; Inapplicable ; Inapplicable ; Inapplicable ; Inapplicable ; Inapplicable ; Inapplicable ; Inapplicable ; Inapplicable ; Inapplicable ; Inapplicable ; Pass      ; Inapplicable ; Inapplicable ; Inapplicable ; Inapplicable ; Inapplicable ;
; dff10[0]           ; Inapplicable ; Inapplicable ; Inapplicable ; Inapplicable ; Inapplicable ; Pass      ; Inapplicable ; Inapplicable ; Pass      ; Pass      ; Inapplicable ; Inapplicable ; Inapplicable ; Inapplicable ; Inapplicable ; Inapplicable ; Inapplicable ; Inapplicable ; Inapplicable ; Inapplicable ; Inapplicable ; Inapplicable ; Inapplicable ; Inapplicable ; Inapplicable ; Pass      ; Inapplicable ; Inapplicable ; Inapplicable ; Inapplicable ; Inapplicable ;
; dff11[7]           ; Inapplicable ; Inapplicable ; Inapplicable ; Inapplicable ; Inapplicable ; Pass      ; Inapplicable ; Inapplicable ; Pass      ; Pass      ; Inapplicable ; Inapplicable ; Inapplicable ; Inapplicable ; Inapplicable ; Inapplicable ; Inapplicable ; Inapplicable ; Inapplicable ; Inapplicable ; Inapplicable ; Inapplicable ; Inapplicable ; Inapplicable ; Inapplicable ; Pass      ; Inapplicable ; Inapplicable ; Inapplicable ; Inapplicable ; Inapplicable ;
; dff11[6]           ; Inapplicable ; Inapplicable ; Inapplicable ; Inapplicable ; Inapplicable ; Pass      ; Inapplicable ; Inapplicable ; Pass      ; Pass      ; Inapplicable ; Inapplicable ; Inapplicable ; Inapplicable ; Inapplicable ; Inapplicable ; Inapplicable ; Inapplicable ; Inapplicable ; Inapplicable ; Inapplicable ; Inapplicable ; Inapplicable ; Inapplicable ; Inapplicable ; Pass      ; Inapplicable ; Inapplicable ; Inapplicable ; Inapplicable ; Inapplicable ;
; dff11[5]           ; Inapplicable ; Inapplicable ; Inapplicable ; Inapplicable ; Inapplicable ; Pass      ; Inapplicable ; Inapplicable ; Pass      ; Pass      ; Inapplicable ; Inapplicable ; Inapplicable ; Inapplicable ; Inapplicable ; Inapplicable ; Inapplicable ; Inapplicable ; Inapplicable ; Inapplicable ; Inapplicable ; Inapplicable ; Inapplicable ; Inapplicable ; Inapplicable ; Pass      ; Inapplicable ; Inapplicable ; Inapplicable ; Inapplicable ; Inapplicable ;
; dff11[4]           ; Inapplicable ; Inapplicable ; Inapplicable ; Inapplicable ; Inapplicable ; Pass      ; Inapplicable ; Inapplicable ; Pass      ; Pass      ; Inapplicable ; Inapplicable ; Inapplicable ; Inapplicable ; Inapplicable ; Inapplicable ; Inapplicable ; Inapplicable ; Inapplicable ; Inapplicable ; Inapplicable ; Inapplicable ; Inapplicable ; Inapplicable ; Inapplicable ; Pass      ; Inapplicable ; Inapplicable ; Inapplicable ; Inapplicable ; Inapplicable ;
; dff11[3]           ; Inapplicable ; Inapplicable ; Inapplicable ; Inapplicable ; Inapplicable ; Pass      ; Inapplicable ; Inapplicable ; Pass      ; Pass      ; Inapplicable ; Inapplicable ; Inapplicable ; Inapplicable ; Inapplicable ; Inapplicable ; Inapplicable ; Inapplicable ; Inapplicable ; Inapplicable ; Inapplicable ; Inapplicable ; Inapplicable ; Inapplicable ; Inapplicable ; Pass      ; Inapplicable ; Inapplicable ; Inapplicable ; Inapplicable ; Inapplicable ;
; dff11[2]           ; Inapplicable ; Inapplicable ; Inapplicable ; Inapplicable ; Inapplicable ; Pass      ; Inapplicable ; Inapplicable ; Pass      ; Pass      ; Inapplicable ; Inapplicable ; Inapplicable ; Inapplicable ; Inapplicable ; Inapplicable ; Inapplicable ; Inapplicable ; Inapplicable ; Inapplicable ; Inapplicable ; Inapplicable ; Inapplicable ; Inapplicable ; Inapplicable ; Pass      ; Inapplicable ; Inapplicable ; Inapplicable ; Inapplicable ; Inapplicable ;
; dff11[1]           ; Inapplicable ; Inapplicable ; Inapplicable ; Inapplicable ; Inapplicable ; Pass      ; Inapplicable ; Inapplicable ; Pass      ; Pass      ; Inapplicable ; Inapplicable ; Inapplicable ; Inapplicable ; Inapplicable ; Inapplicable ; Inapplicable ; Inapplicable ; Inapplicable ; Inapplicable ; Inapplicable ; Inapplicable ; Inapplicable ; Inapplicable ; Inapplicable ; Pass      ; Inapplicable ; Inapplicable ; Inapplicable ; Inapplicable ; Inapplicable ;
; dff11[0]           ; Inapplicable ; Inapplicable ; Inapplicable ; Inapplicable ; Inapplicable ; Pass      ; Inapplicable ; Inapplicable ; Pass      ; Pass      ; Inapplicable ; Inapplicable ; Inapplicable ; Inapplicable ; Inapplicable ; Inapplicable ; Inapplicable ; Inapplicable ; Inapplicable ; Inapplicable ; Inapplicable ; Inapplicable ; Inapplicable ; Inapplicable ; Inapplicable ; Pass      ; Inapplicable ; Inapplicable ; Inapplicable ; Inapplicable ; Inapplicable ;
; dff12[7]           ; Inapplicable ; Inapplicable ; Inapplicable ; Inapplicable ; Inapplicable ; Pass      ; Inapplicable ; Inapplicable ; Pass      ; Pass      ; Inapplicable ; Inapplicable ; Inapplicable ; Inapplicable ; Inapplicable ; Inapplicable ; Inapplicable ; Inapplicable ; Inapplicable ; Inapplicable ; Inapplicable ; Inapplicable ; Inapplicable ; Inapplicable ; Inapplicable ; Pass      ; Inapplicable ; Inapplicable ; Inapplicable ; Inapplicable ; Inapplicable ;
; dff12[6]           ; Inapplicable ; Inapplicable ; Inapplicable ; Inapplicable ; Inapplicable ; Pass      ; Inapplicable ; Inapplicable ; Pass      ; Pass      ; Inapplicable ; Inapplicable ; Inapplicable ; Inapplicable ; Inapplicable ; Inapplicable ; Inapplicable ; Inapplicable ; Inapplicable ; Inapplicable ; Inapplicable ; Inapplicable ; Inapplicable ; Inapplicable ; Inapplicable ; Pass      ; Inapplicable ; Inapplicable ; Inapplicable ; Inapplicable ; Inapplicable ;
; dff12[5]           ; Inapplicable ; Inapplicable ; Inapplicable ; Inapplicable ; Inapplicable ; Pass      ; Inapplicable ; Inapplicable ; Pass      ; Pass      ; Inapplicable ; Inapplicable ; Inapplicable ; Inapplicable ; Inapplicable ; Inapplicable ; Inapplicable ; Inapplicable ; Inapplicable ; Inapplicable ; Inapplicable ; Inapplicable ; Inapplicable ; Inapplicable ; Inapplicable ; Pass      ; Inapplicable ; Inapplicable ; Inapplicable ; Inapplicable ; Inapplicable ;
; dff12[4]           ; Inapplicable ; Inapplicable ; Inapplicable ; Inapplicable ; Inapplicable ; Pass      ; Inapplicable ; Inapplicable ; Pass      ; Pass      ; Inapplicable ; Inapplicable ; Inapplicable ; Inapplicable ; Inapplicable ; Inapplicable ; Inapplicable ; Inapplicable ; Inapplicable ; Inapplicable ; Inapplicable ; Inapplicable ; Inapplicable ; Inapplicable ; Inapplicable ; Pass      ; Inapplicable ; Inapplicable ; Inapplicable ; Inapplicable ; Inapplicable ;
; dff12[3]           ; Inapplicable ; Inapplicable ; Inapplicable ; Inapplicable ; Inapplicable ; Pass      ; Inapplicable ; Inapplicable ; Pass      ; Pass      ; Inapplicable ; Inapplicable ; Inapplicable ; Inapplicable ; Inapplicable ; Inapplicable ; Inapplicable ; Inapplicable ; Inapplicable ; Inapplicable ; Inapplicable ; Inapplicable ; Inapplicable ; Inapplicable ; Inapplicable ; Pass      ; Inapplicable ; Inapplicable ; Inapplicable ; Inapplicable ; Inapplicable ;
; dff12[2]           ; Inapplicable ; Inapplicable ; Inapplicable ; Inapplicable ; Inapplicable ; Pass      ; Inapplicable ; Inapplicable ; Pass      ; Pass      ; Inapplicable ; Inapplicable ; Inapplicable ; Inapplicable ; Inapplicable ; Inapplicable ; Inapplicable ; Inapplicable ; Inapplicable ; Inapplicable ; Inapplicable ; Inapplicable ; Inapplicable ; Inapplicable ; Inapplicable ; Pass      ; Inapplicable ; Inapplicable ; Inapplicable ; Inapplicable ; Inapplicable ;
; dff12[1]           ; Inapplicable ; Inapplicable ; Inapplicable ; Inapplicable ; Inapplicable ; Pass      ; Inapplicable ; Inapplicable ; Pass      ; Pass      ; Inapplicable ; Inapplicable ; Inapplicable ; Inapplicable ; Inapplicable ; Inapplicable ; Inapplicable ; Inapplicable ; Inapplicable ; Inapplicable ; Inapplicable ; Inapplicable ; Inapplicable ; Inapplicable ; Inapplicable ; Pass      ; Inapplicable ; Inapplicable ; Inapplicable ; Inapplicable ; Inapplicable ;
; dff12[0]           ; Inapplicable ; Inapplicable ; Inapplicable ; Inapplicable ; Inapplicable ; Pass      ; Inapplicable ; Inapplicable ; Pass      ; Pass      ; Inapplicable ; Inapplicable ; Inapplicable ; Inapplicable ; Inapplicable ; Inapplicable ; Inapplicable ; Inapplicable ; Inapplicable ; Inapplicable ; Inapplicable ; Inapplicable ; Inapplicable ; Inapplicable ; Inapplicable ; Pass      ; Inapplicable ; Inapplicable ; Inapplicable ; Inapplicable ; Inapplicable ;
; dff13[7]           ; Inapplicable ; Inapplicable ; Inapplicable ; Inapplicable ; Inapplicable ; Pass      ; Inapplicable ; Inapplicable ; Pass      ; Pass      ; Inapplicable ; Inapplicable ; Inapplicable ; Inapplicable ; Inapplicable ; Inapplicable ; Inapplicable ; Inapplicable ; Inapplicable ; Inapplicable ; Inapplicable ; Inapplicable ; Inapplicable ; Inapplicable ; Inapplicable ; Pass      ; Inapplicable ; Inapplicable ; Inapplicable ; Inapplicable ; Inapplicable ;
; dff13[6]           ; Inapplicable ; Inapplicable ; Inapplicable ; Inapplicable ; Inapplicable ; Pass      ; Inapplicable ; Inapplicable ; Pass      ; Pass      ; Inapplicable ; Inapplicable ; Inapplicable ; Inapplicable ; Inapplicable ; Inapplicable ; Inapplicable ; Inapplicable ; Inapplicable ; Inapplicable ; Inapplicable ; Inapplicable ; Inapplicable ; Inapplicable ; Inapplicable ; Pass      ; Inapplicable ; Inapplicable ; Inapplicable ; Inapplicable ; Inapplicable ;
; dff13[5]           ; Inapplicable ; Inapplicable ; Inapplicable ; Inapplicable ; Inapplicable ; Pass      ; Inapplicable ; Inapplicable ; Pass      ; Pass      ; Inapplicable ; Inapplicable ; Inapplicable ; Inapplicable ; Inapplicable ; Inapplicable ; Inapplicable ; Inapplicable ; Inapplicable ; Inapplicable ; Inapplicable ; Inapplicable ; Inapplicable ; Inapplicable ; Inapplicable ; Pass      ; Inapplicable ; Inapplicable ; Inapplicable ; Inapplicable ; Inapplicable ;
; dff13[4]           ; Inapplicable ; Inapplicable ; Inapplicable ; Inapplicable ; Inapplicable ; Pass      ; Inapplicable ; Inapplicable ; Pass      ; Pass      ; Inapplicable ; Inapplicable ; Inapplicable ; Inapplicable ; Inapplicable ; Inapplicable ; Inapplicable ; Inapplicable ; Inapplicable ; Inapplicable ; Inapplicable ; Inapplicable ; Inapplicable ; Inapplicable ; Inapplicable ; Pass      ; Inapplicable ; Inapplicable ; Inapplicable ; Inapplicable ; Inapplicable ;
; dff13[3]           ; Inapplicable ; Inapplicable ; Inapplicable ; Inapplicable ; Inapplicable ; Pass      ; Inapplicable ; Inapplicable ; Pass      ; Pass      ; Inapplicable ; Inapplicable ; Inapplicable ; Inapplicable ; Inapplicable ; Inapplicable ; Inapplicable ; Inapplicable ; Inapplicable ; Inapplicable ; Inapplicable ; Inapplicable ; Inapplicable ; Inapplicable ; Inapplicable ; Pass      ; Inapplicable ; Inapplicable ; Inapplicable ; Inapplicable ; Inapplicable ;
; dff13[2]           ; Inapplicable ; Inapplicable ; Inapplicable ; Inapplicable ; Inapplicable ; Pass      ; Inapplicable ; Inapplicable ; Pass      ; Pass      ; Inapplicable ; Inapplicable ; Inapplicable ; Inapplicable ; Inapplicable ; Inapplicable ; Inapplicable ; Inapplicable ; Inapplicable ; Inapplicable ; Inapplicable ; Inapplicable ; Inapplicable ; Inapplicable ; Inapplicable ; Pass      ; Inapplicable ; Inapplicable ; Inapplicable ; Inapplicable ; Inapplicable ;
; dff13[1]           ; Inapplicable ; Inapplicable ; Inapplicable ; Inapplicable ; Inapplicable ; Pass      ; Inapplicable ; Inapplicable ; Pass      ; Pass      ; Inapplicable ; Inapplicable ; Inapplicable ; Inapplicable ; Inapplicable ; Inapplicable ; Inapplicable ; Inapplicable ; Inapplicable ; Inapplicable ; Inapplicable ; Inapplicable ; Inapplicable ; Inapplicable ; Inapplicable ; Pass      ; Inapplicable ; Inapplicable ; Inapplicable ; Inapplicable ; Inapplicable ;
; dff13[0]           ; Inapplicable ; Inapplicable ; Inapplicable ; Inapplicable ; Inapplicable ; Pass      ; Inapplicable ; Inapplicable ; Pass      ; Pass      ; Inapplicable ; Inapplicable ; Inapplicable ; Inapplicable ; Inapplicable ; Inapplicable ; Inapplicable ; Inapplicable ; Inapplicable ; Inapplicable ; Inapplicable ; Inapplicable ; Inapplicable ; Inapplicable ; Inapplicable ; Pass      ; Inapplicable ; Inapplicable ; Inapplicable ; Inapplicable ; Inapplicable ;
; dff14[7]           ; Inapplicable ; Inapplicable ; Inapplicable ; Inapplicable ; Inapplicable ; Pass      ; Inapplicable ; Inapplicable ; Pass      ; Pass      ; Inapplicable ; Inapplicable ; Inapplicable ; Inapplicable ; Inapplicable ; Inapplicable ; Inapplicable ; Inapplicable ; Inapplicable ; Inapplicable ; Inapplicable ; Inapplicable ; Inapplicable ; Inapplicable ; Inapplicable ; Pass      ; Inapplicable ; Inapplicable ; Inapplicable ; Inapplicable ; Inapplicable ;
; dff14[6]           ; Inapplicable ; Inapplicable ; Inapplicable ; Inapplicable ; Inapplicable ; Pass      ; Inapplicable ; Inapplicable ; Pass      ; Pass      ; Inapplicable ; Inapplicable ; Inapplicable ; Inapplicable ; Inapplicable ; Inapplicable ; Inapplicable ; Inapplicable ; Inapplicable ; Inapplicable ; Inapplicable ; Inapplicable ; Inapplicable ; Inapplicable ; Inapplicable ; Pass      ; Inapplicable ; Inapplicable ; Inapplicable ; Inapplicable ; Inapplicable ;
; dff14[5]           ; Inapplicable ; Inapplicable ; Inapplicable ; Inapplicable ; Inapplicable ; Pass      ; Inapplicable ; Inapplicable ; Pass      ; Pass      ; Inapplicable ; Inapplicable ; Inapplicable ; Inapplicable ; Inapplicable ; Inapplicable ; Inapplicable ; Inapplicable ; Inapplicable ; Inapplicable ; Inapplicable ; Inapplicable ; Inapplicable ; Inapplicable ; Inapplicable ; Pass      ; Inapplicable ; Inapplicable ; Inapplicable ; Inapplicable ; Inapplicable ;
; dff14[4]           ; Inapplicable ; Inapplicable ; Inapplicable ; Inapplicable ; Inapplicable ; Pass      ; Inapplicable ; Inapplicable ; Pass      ; Pass      ; Inapplicable ; Inapplicable ; Inapplicable ; Inapplicable ; Inapplicable ; Inapplicable ; Inapplicable ; Inapplicable ; Inapplicable ; Inapplicable ; Inapplicable ; Inapplicable ; Inapplicable ; Inapplicable ; Inapplicable ; Pass      ; Inapplicable ; Inapplicable ; Inapplicable ; Inapplicable ; Inapplicable ;
; dff14[3]           ; Inapplicable ; Inapplicable ; Inapplicable ; Inapplicable ; Inapplicable ; Pass      ; Inapplicable ; Inapplicable ; Pass      ; Pass      ; Inapplicable ; Inapplicable ; Inapplicable ; Inapplicable ; Inapplicable ; Inapplicable ; Inapplicable ; Inapplicable ; Inapplicable ; Inapplicable ; Inapplicable ; Inapplicable ; Inapplicable ; Inapplicable ; Inapplicable ; Pass      ; Inapplicable ; Inapplicable ; Inapplicable ; Inapplicable ; Inapplicable ;
; dff14[2]           ; Inapplicable ; Inapplicable ; Inapplicable ; Inapplicable ; Inapplicable ; Pass      ; Inapplicable ; Inapplicable ; Pass      ; Pass      ; Inapplicable ; Inapplicable ; Inapplicable ; Inapplicable ; Inapplicable ; Inapplicable ; Inapplicable ; Inapplicable ; Inapplicable ; Inapplicable ; Inapplicable ; Inapplicable ; Inapplicable ; Inapplicable ; Inapplicable ; Pass      ; Inapplicable ; Inapplicable ; Inapplicable ; Inapplicable ; Inapplicable ;
; dff14[1]           ; Inapplicable ; Inapplicable ; Inapplicable ; Inapplicable ; Inapplicable ; Pass      ; Inapplicable ; Inapplicable ; Pass      ; Pass      ; Inapplicable ; Inapplicable ; Inapplicable ; Inapplicable ; Inapplicable ; Inapplicable ; Inapplicable ; Inapplicable ; Inapplicable ; Inapplicable ; Inapplicable ; Inapplicable ; Inapplicable ; Inapplicable ; Inapplicable ; Pass      ; Inapplicable ; Inapplicable ; Inapplicable ; Inapplicable ; Inapplicable ;
; dff14[0]           ; Inapplicable ; Inapplicable ; Inapplicable ; Inapplicable ; Inapplicable ; Pass      ; Inapplicable ; Inapplicable ; Pass      ; Pass      ; Inapplicable ; Inapplicable ; Inapplicable ; Inapplicable ; Inapplicable ; Inapplicable ; Inapplicable ; Inapplicable ; Inapplicable ; Inapplicable ; Inapplicable ; Inapplicable ; Inapplicable ; Inapplicable ; Inapplicable ; Pass      ; Inapplicable ; Inapplicable ; Inapplicable ; Inapplicable ; Inapplicable ;
; dff15[7]           ; Inapplicable ; Inapplicable ; Inapplicable ; Inapplicable ; Inapplicable ; Pass      ; Inapplicable ; Inapplicable ; Pass      ; Pass      ; Inapplicable ; Inapplicable ; Inapplicable ; Inapplicable ; Inapplicable ; Inapplicable ; Inapplicable ; Inapplicable ; Inapplicable ; Inapplicable ; Inapplicable ; Inapplicable ; Inapplicable ; Inapplicable ; Inapplicable ; Pass      ; Inapplicable ; Inapplicable ; Inapplicable ; Inapplicable ; Inapplicable ;
; dff15[6]           ; Inapplicable ; Inapplicable ; Inapplicable ; Inapplicable ; Inapplicable ; Pass      ; Inapplicable ; Inapplicable ; Pass      ; Pass      ; Inapplicable ; Inapplicable ; Inapplicable ; Inapplicable ; Inapplicable ; Inapplicable ; Inapplicable ; Inapplicable ; Inapplicable ; Inapplicable ; Inapplicable ; Inapplicable ; Inapplicable ; Inapplicable ; Inapplicable ; Pass      ; Inapplicable ; Inapplicable ; Inapplicable ; Inapplicable ; Inapplicable ;
; dff15[5]           ; Inapplicable ; Inapplicable ; Inapplicable ; Inapplicable ; Inapplicable ; Pass      ; Inapplicable ; Inapplicable ; Pass      ; Pass      ; Inapplicable ; Inapplicable ; Inapplicable ; Inapplicable ; Inapplicable ; Inapplicable ; Inapplicable ; Inapplicable ; Inapplicable ; Inapplicable ; Inapplicable ; Inapplicable ; Inapplicable ; Inapplicable ; Inapplicable ; Pass      ; Inapplicable ; Inapplicable ; Inapplicable ; Inapplicable ; Inapplicable ;
; dff15[4]           ; Inapplicable ; Inapplicable ; Inapplicable ; Inapplicable ; Inapplicable ; Pass      ; Inapplicable ; Inapplicable ; Pass      ; Pass      ; Inapplicable ; Inapplicable ; Inapplicable ; Inapplicable ; Inapplicable ; Inapplicable ; Inapplicable ; Inapplicable ; Inapplicable ; Inapplicable ; Inapplicable ; Inapplicable ; Inapplicable ; Inapplicable ; Inapplicable ; Pass      ; Inapplicable ; Inapplicable ; Inapplicable ; Inapplicable ; Inapplicable ;
; dff15[3]           ; Inapplicable ; Inapplicable ; Inapplicable ; Inapplicable ; Inapplicable ; Pass      ; Inapplicable ; Inapplicable ; Pass      ; Pass      ; Inapplicable ; Inapplicable ; Inapplicable ; Inapplicable ; Inapplicable ; Inapplicable ; Inapplicable ; Inapplicable ; Inapplicable ; Inapplicable ; Inapplicable ; Inapplicable ; Inapplicable ; Inapplicable ; Inapplicable ; Pass      ; Inapplicable ; Inapplicable ; Inapplicable ; Inapplicable ; Inapplicable ;
; dff15[2]           ; Inapplicable ; Inapplicable ; Inapplicable ; Inapplicable ; Inapplicable ; Pass      ; Inapplicable ; Inapplicable ; Pass      ; Pass      ; Inapplicable ; Inapplicable ; Inapplicable ; Inapplicable ; Inapplicable ; Inapplicable ; Inapplicable ; Inapplicable ; Inapplicable ; Inapplicable ; Inapplicable ; Inapplicable ; Inapplicable ; Inapplicable ; Inapplicable ; Pass      ; Inapplicable ; Inapplicable ; Inapplicable ; Inapplicable ; Inapplicable ;
; dff15[1]           ; Inapplicable ; Inapplicable ; Inapplicable ; Inapplicable ; Inapplicable ; Pass      ; Inapplicable ; Inapplicable ; Pass      ; Pass      ; Inapplicable ; Inapplicable ; Inapplicable ; Inapplicable ; Inapplicable ; Inapplicable ; Inapplicable ; Inapplicable ; Inapplicable ; Inapplicable ; Inapplicable ; Inapplicable ; Inapplicable ; Inapplicable ; Inapplicable ; Pass      ; Inapplicable ; Inapplicable ; Inapplicable ; Inapplicable ; Inapplicable ;
; dff15[0]           ; Inapplicable ; Inapplicable ; Inapplicable ; Inapplicable ; Inapplicable ; Pass      ; Inapplicable ; Inapplicable ; Pass      ; Pass      ; Inapplicable ; Inapplicable ; Inapplicable ; Inapplicable ; Inapplicable ; Inapplicable ; Inapplicable ; Inapplicable ; Inapplicable ; Inapplicable ; Inapplicable ; Inapplicable ; Inapplicable ; Inapplicable ; Inapplicable ; Pass      ; Inapplicable ; Inapplicable ; Inapplicable ; Inapplicable ; Inapplicable ;
; dff2[7]            ; Inapplicable ; Inapplicable ; Inapplicable ; Inapplicable ; Inapplicable ; Pass      ; Inapplicable ; Inapplicable ; Pass      ; Pass      ; Inapplicable ; Inapplicable ; Inapplicable ; Inapplicable ; Inapplicable ; Inapplicable ; Inapplicable ; Inapplicable ; Inapplicable ; Inapplicable ; Inapplicable ; Inapplicable ; Inapplicable ; Inapplicable ; Inapplicable ; Pass      ; Inapplicable ; Inapplicable ; Inapplicable ; Inapplicable ; Inapplicable ;
; dff2[6]            ; Inapplicable ; Inapplicable ; Inapplicable ; Inapplicable ; Inapplicable ; Pass      ; Inapplicable ; Inapplicable ; Pass      ; Pass      ; Inapplicable ; Inapplicable ; Inapplicable ; Inapplicable ; Inapplicable ; Inapplicable ; Inapplicable ; Inapplicable ; Inapplicable ; Inapplicable ; Inapplicable ; Inapplicable ; Inapplicable ; Inapplicable ; Inapplicable ; Pass      ; Inapplicable ; Inapplicable ; Inapplicable ; Inapplicable ; Inapplicable ;
; dff2[5]            ; Inapplicable ; Inapplicable ; Inapplicable ; Inapplicable ; Inapplicable ; Pass      ; Inapplicable ; Inapplicable ; Pass      ; Pass      ; Inapplicable ; Inapplicable ; Inapplicable ; Inapplicable ; Inapplicable ; Inapplicable ; Inapplicable ; Inapplicable ; Inapplicable ; Inapplicable ; Inapplicable ; Inapplicable ; Inapplicable ; Inapplicable ; Inapplicable ; Pass      ; Inapplicable ; Inapplicable ; Inapplicable ; Inapplicable ; Inapplicable ;
; dff2[4]            ; Inapplicable ; Inapplicable ; Inapplicable ; Inapplicable ; Inapplicable ; Pass      ; Inapplicable ; Inapplicable ; Pass      ; Pass      ; Inapplicable ; Inapplicable ; Inapplicable ; Inapplicable ; Inapplicable ; Inapplicable ; Inapplicable ; Inapplicable ; Inapplicable ; Inapplicable ; Inapplicable ; Inapplicable ; Inapplicable ; Inapplicable ; Inapplicable ; Pass      ; Inapplicable ; Inapplicable ; Inapplicable ; Inapplicable ; Inapplicable ;
; dff2[3]            ; Inapplicable ; Inapplicable ; Inapplicable ; Inapplicable ; Inapplicable ; Pass      ; Inapplicable ; Inapplicable ; Pass      ; Pass      ; Inapplicable ; Inapplicable ; Inapplicable ; Inapplicable ; Inapplicable ; Inapplicable ; Inapplicable ; Inapplicable ; Inapplicable ; Inapplicable ; Inapplicable ; Inapplicable ; Inapplicable ; Inapplicable ; Inapplicable ; Pass      ; Inapplicable ; Inapplicable ; Inapplicable ; Inapplicable ; Inapplicable ;
; dff2[2]            ; Inapplicable ; Inapplicable ; Inapplicable ; Inapplicable ; Inapplicable ; Pass      ; Inapplicable ; Inapplicable ; Pass      ; Pass      ; Inapplicable ; Inapplicable ; Inapplicable ; Inapplicable ; Inapplicable ; Inapplicable ; Inapplicable ; Inapplicable ; Inapplicable ; Inapplicable ; Inapplicable ; Inapplicable ; Inapplicable ; Inapplicable ; Inapplicable ; Pass      ; Inapplicable ; Inapplicable ; Inapplicable ; Inapplicable ; Inapplicable ;
; dff2[1]            ; Inapplicable ; Inapplicable ; Inapplicable ; Inapplicable ; Inapplicable ; Pass      ; Inapplicable ; Inapplicable ; Pass      ; Pass      ; Inapplicable ; Inapplicable ; Inapplicable ; Inapplicable ; Inapplicable ; Inapplicable ; Inapplicable ; Inapplicable ; Inapplicable ; Inapplicable ; Inapplicable ; Inapplicable ; Inapplicable ; Inapplicable ; Inapplicable ; Pass      ; Inapplicable ; Inapplicable ; Inapplicable ; Inapplicable ; Inapplicable ;
; dff2[0]            ; Inapplicable ; Inapplicable ; Inapplicable ; Inapplicable ; Inapplicable ; Pass      ; Inapplicable ; Inapplicable ; Pass      ; Pass      ; Inapplicable ; Inapplicable ; Inapplicable ; Inapplicable ; Inapplicable ; Inapplicable ; Inapplicable ; Inapplicable ; Inapplicable ; Inapplicable ; Inapplicable ; Inapplicable ; Inapplicable ; Inapplicable ; Inapplicable ; Pass      ; Inapplicable ; Inapplicable ; Inapplicable ; Inapplicable ; Inapplicable ;
; dff3[7]            ; Inapplicable ; Inapplicable ; Inapplicable ; Inapplicable ; Inapplicable ; Pass      ; Inapplicable ; Inapplicable ; Pass      ; Pass      ; Inapplicable ; Inapplicable ; Inapplicable ; Inapplicable ; Inapplicable ; Inapplicable ; Inapplicable ; Inapplicable ; Inapplicable ; Inapplicable ; Inapplicable ; Inapplicable ; Inapplicable ; Inapplicable ; Inapplicable ; Pass      ; Inapplicable ; Inapplicable ; Inapplicable ; Inapplicable ; Inapplicable ;
; dff3[6]            ; Inapplicable ; Inapplicable ; Inapplicable ; Inapplicable ; Inapplicable ; Pass      ; Inapplicable ; Inapplicable ; Pass      ; Pass      ; Inapplicable ; Inapplicable ; Inapplicable ; Inapplicable ; Inapplicable ; Inapplicable ; Inapplicable ; Inapplicable ; Inapplicable ; Inapplicable ; Inapplicable ; Inapplicable ; Inapplicable ; Inapplicable ; Inapplicable ; Pass      ; Inapplicable ; Inapplicable ; Inapplicable ; Inapplicable ; Inapplicable ;
; dff3[5]            ; Inapplicable ; Inapplicable ; Inapplicable ; Inapplicable ; Inapplicable ; Pass      ; Inapplicable ; Inapplicable ; Pass      ; Pass      ; Inapplicable ; Inapplicable ; Inapplicable ; Inapplicable ; Inapplicable ; Inapplicable ; Inapplicable ; Inapplicable ; Inapplicable ; Inapplicable ; Inapplicable ; Inapplicable ; Inapplicable ; Inapplicable ; Inapplicable ; Pass      ; Inapplicable ; Inapplicable ; Inapplicable ; Inapplicable ; Inapplicable ;
; dff3[4]            ; Inapplicable ; Inapplicable ; Inapplicable ; Inapplicable ; Inapplicable ; Pass      ; Inapplicable ; Inapplicable ; Pass      ; Pass      ; Inapplicable ; Inapplicable ; Inapplicable ; Inapplicable ; Inapplicable ; Inapplicable ; Inapplicable ; Inapplicable ; Inapplicable ; Inapplicable ; Inapplicable ; Inapplicable ; Inapplicable ; Inapplicable ; Inapplicable ; Pass      ; Inapplicable ; Inapplicable ; Inapplicable ; Inapplicable ; Inapplicable ;
; dff3[3]            ; Inapplicable ; Inapplicable ; Inapplicable ; Inapplicable ; Inapplicable ; Pass      ; Inapplicable ; Inapplicable ; Pass      ; Pass      ; Inapplicable ; Inapplicable ; Inapplicable ; Inapplicable ; Inapplicable ; Inapplicable ; Inapplicable ; Inapplicable ; Inapplicable ; Inapplicable ; Inapplicable ; Inapplicable ; Inapplicable ; Inapplicable ; Inapplicable ; Pass      ; Inapplicable ; Inapplicable ; Inapplicable ; Inapplicable ; Inapplicable ;
; dff3[2]            ; Inapplicable ; Inapplicable ; Inapplicable ; Inapplicable ; Inapplicable ; Pass      ; Inapplicable ; Inapplicable ; Pass      ; Pass      ; Inapplicable ; Inapplicable ; Inapplicable ; Inapplicable ; Inapplicable ; Inapplicable ; Inapplicable ; Inapplicable ; Inapplicable ; Inapplicable ; Inapplicable ; Inapplicable ; Inapplicable ; Inapplicable ; Inapplicable ; Pass      ; Inapplicable ; Inapplicable ; Inapplicable ; Inapplicable ; Inapplicable ;
; dff3[1]            ; Inapplicable ; Inapplicable ; Inapplicable ; Inapplicable ; Inapplicable ; Pass      ; Inapplicable ; Inapplicable ; Pass      ; Pass      ; Inapplicable ; Inapplicable ; Inapplicable ; Inapplicable ; Inapplicable ; Inapplicable ; Inapplicable ; Inapplicable ; Inapplicable ; Inapplicable ; Inapplicable ; Inapplicable ; Inapplicable ; Inapplicable ; Inapplicable ; Pass      ; Inapplicable ; Inapplicable ; Inapplicable ; Inapplicable ; Inapplicable ;
; dff3[0]            ; Inapplicable ; Inapplicable ; Inapplicable ; Inapplicable ; Inapplicable ; Pass      ; Inapplicable ; Inapplicable ; Pass      ; Pass      ; Inapplicable ; Inapplicable ; Inapplicable ; Inapplicable ; Inapplicable ; Inapplicable ; Inapplicable ; Inapplicable ; Inapplicable ; Inapplicable ; Inapplicable ; Inapplicable ; Inapplicable ; Inapplicable ; Inapplicable ; Pass      ; Inapplicable ; Inapplicable ; Inapplicable ; Inapplicable ; Inapplicable ;
; dff4[7]            ; Inapplicable ; Inapplicable ; Inapplicable ; Inapplicable ; Inapplicable ; Pass      ; Inapplicable ; Inapplicable ; Pass      ; Pass      ; Inapplicable ; Inapplicable ; Inapplicable ; Inapplicable ; Inapplicable ; Inapplicable ; Inapplicable ; Inapplicable ; Inapplicable ; Inapplicable ; Inapplicable ; Inapplicable ; Inapplicable ; Inapplicable ; Inapplicable ; Pass      ; Inapplicable ; Inapplicable ; Inapplicable ; Inapplicable ; Inapplicable ;
; dff4[6]            ; Inapplicable ; Inapplicable ; Inapplicable ; Inapplicable ; Inapplicable ; Pass      ; Inapplicable ; Inapplicable ; Pass      ; Pass      ; Inapplicable ; Inapplicable ; Inapplicable ; Inapplicable ; Inapplicable ; Inapplicable ; Inapplicable ; Inapplicable ; Inapplicable ; Inapplicable ; Inapplicable ; Inapplicable ; Inapplicable ; Inapplicable ; Inapplicable ; Pass      ; Inapplicable ; Inapplicable ; Inapplicable ; Inapplicable ; Inapplicable ;
; dff4[5]            ; Inapplicable ; Inapplicable ; Inapplicable ; Inapplicable ; Inapplicable ; Pass      ; Inapplicable ; Inapplicable ; Pass      ; Pass      ; Inapplicable ; Inapplicable ; Inapplicable ; Inapplicable ; Inapplicable ; Inapplicable ; Inapplicable ; Inapplicable ; Inapplicable ; Inapplicable ; Inapplicable ; Inapplicable ; Inapplicable ; Inapplicable ; Inapplicable ; Pass      ; Inapplicable ; Inapplicable ; Inapplicable ; Inapplicable ; Inapplicable ;
; dff4[4]            ; Inapplicable ; Inapplicable ; Inapplicable ; Inapplicable ; Inapplicable ; Pass      ; Inapplicable ; Inapplicable ; Pass      ; Pass      ; Inapplicable ; Inapplicable ; Inapplicable ; Inapplicable ; Inapplicable ; Inapplicable ; Inapplicable ; Inapplicable ; Inapplicable ; Inapplicable ; Inapplicable ; Inapplicable ; Inapplicable ; Inapplicable ; Inapplicable ; Pass      ; Inapplicable ; Inapplicable ; Inapplicable ; Inapplicable ; Inapplicable ;
; dff4[3]            ; Inapplicable ; Inapplicable ; Inapplicable ; Inapplicable ; Inapplicable ; Pass      ; Inapplicable ; Inapplicable ; Pass      ; Pass      ; Inapplicable ; Inapplicable ; Inapplicable ; Inapplicable ; Inapplicable ; Inapplicable ; Inapplicable ; Inapplicable ; Inapplicable ; Inapplicable ; Inapplicable ; Inapplicable ; Inapplicable ; Inapplicable ; Inapplicable ; Pass      ; Inapplicable ; Inapplicable ; Inapplicable ; Inapplicable ; Inapplicable ;
; dff4[2]            ; Inapplicable ; Inapplicable ; Inapplicable ; Inapplicable ; Inapplicable ; Pass      ; Inapplicable ; Inapplicable ; Pass      ; Pass      ; Inapplicable ; Inapplicable ; Inapplicable ; Inapplicable ; Inapplicable ; Inapplicable ; Inapplicable ; Inapplicable ; Inapplicable ; Inapplicable ; Inapplicable ; Inapplicable ; Inapplicable ; Inapplicable ; Inapplicable ; Pass      ; Inapplicable ; Inapplicable ; Inapplicable ; Inapplicable ; Inapplicable ;
; dff4[1]            ; Inapplicable ; Inapplicable ; Inapplicable ; Inapplicable ; Inapplicable ; Pass      ; Inapplicable ; Inapplicable ; Pass      ; Pass      ; Inapplicable ; Inapplicable ; Inapplicable ; Inapplicable ; Inapplicable ; Inapplicable ; Inapplicable ; Inapplicable ; Inapplicable ; Inapplicable ; Inapplicable ; Inapplicable ; Inapplicable ; Inapplicable ; Inapplicable ; Pass      ; Inapplicable ; Inapplicable ; Inapplicable ; Inapplicable ; Inapplicable ;
; dff4[0]            ; Inapplicable ; Inapplicable ; Inapplicable ; Inapplicable ; Inapplicable ; Pass      ; Inapplicable ; Inapplicable ; Pass      ; Pass      ; Inapplicable ; Inapplicable ; Inapplicable ; Inapplicable ; Inapplicable ; Inapplicable ; Inapplicable ; Inapplicable ; Inapplicable ; Inapplicable ; Inapplicable ; Inapplicable ; Inapplicable ; Inapplicable ; Inapplicable ; Pass      ; Inapplicable ; Inapplicable ; Inapplicable ; Inapplicable ; Inapplicable ;
; dff5[7]            ; Inapplicable ; Inapplicable ; Inapplicable ; Inapplicable ; Inapplicable ; Pass      ; Inapplicable ; Inapplicable ; Pass      ; Pass      ; Inapplicable ; Inapplicable ; Inapplicable ; Inapplicable ; Inapplicable ; Inapplicable ; Inapplicable ; Inapplicable ; Inapplicable ; Inapplicable ; Inapplicable ; Inapplicable ; Inapplicable ; Inapplicable ; Inapplicable ; Pass      ; Inapplicable ; Inapplicable ; Inapplicable ; Inapplicable ; Inapplicable ;
; dff5[6]            ; Inapplicable ; Inapplicable ; Inapplicable ; Inapplicable ; Inapplicable ; Pass      ; Inapplicable ; Inapplicable ; Pass      ; Pass      ; Inapplicable ; Inapplicable ; Inapplicable ; Inapplicable ; Inapplicable ; Inapplicable ; Inapplicable ; Inapplicable ; Inapplicable ; Inapplicable ; Inapplicable ; Inapplicable ; Inapplicable ; Inapplicable ; Inapplicable ; Pass      ; Inapplicable ; Inapplicable ; Inapplicable ; Inapplicable ; Inapplicable ;
; dff5[5]            ; Inapplicable ; Inapplicable ; Inapplicable ; Inapplicable ; Inapplicable ; Pass      ; Inapplicable ; Inapplicable ; Pass      ; Pass      ; Inapplicable ; Inapplicable ; Inapplicable ; Inapplicable ; Inapplicable ; Inapplicable ; Inapplicable ; Inapplicable ; Inapplicable ; Inapplicable ; Inapplicable ; Inapplicable ; Inapplicable ; Inapplicable ; Inapplicable ; Pass      ; Inapplicable ; Inapplicable ; Inapplicable ; Inapplicable ; Inapplicable ;
; dff5[4]            ; Inapplicable ; Inapplicable ; Inapplicable ; Inapplicable ; Inapplicable ; Pass      ; Inapplicable ; Inapplicable ; Pass      ; Pass      ; Inapplicable ; Inapplicable ; Inapplicable ; Inapplicable ; Inapplicable ; Inapplicable ; Inapplicable ; Inapplicable ; Inapplicable ; Inapplicable ; Inapplicable ; Inapplicable ; Inapplicable ; Inapplicable ; Inapplicable ; Pass      ; Inapplicable ; Inapplicable ; Inapplicable ; Inapplicable ; Inapplicable ;
; dff5[3]            ; Inapplicable ; Inapplicable ; Inapplicable ; Inapplicable ; Inapplicable ; Pass      ; Inapplicable ; Inapplicable ; Pass      ; Pass      ; Inapplicable ; Inapplicable ; Inapplicable ; Inapplicable ; Inapplicable ; Inapplicable ; Inapplicable ; Inapplicable ; Inapplicable ; Inapplicable ; Inapplicable ; Inapplicable ; Inapplicable ; Inapplicable ; Inapplicable ; Pass      ; Inapplicable ; Inapplicable ; Inapplicable ; Inapplicable ; Inapplicable ;
; dff5[2]            ; Inapplicable ; Inapplicable ; Inapplicable ; Inapplicable ; Inapplicable ; Pass      ; Inapplicable ; Inapplicable ; Pass      ; Pass      ; Inapplicable ; Inapplicable ; Inapplicable ; Inapplicable ; Inapplicable ; Inapplicable ; Inapplicable ; Inapplicable ; Inapplicable ; Inapplicable ; Inapplicable ; Inapplicable ; Inapplicable ; Inapplicable ; Inapplicable ; Pass      ; Inapplicable ; Inapplicable ; Inapplicable ; Inapplicable ; Inapplicable ;
; dff5[1]            ; Inapplicable ; Inapplicable ; Inapplicable ; Inapplicable ; Inapplicable ; Pass      ; Inapplicable ; Inapplicable ; Pass      ; Pass      ; Inapplicable ; Inapplicable ; Inapplicable ; Inapplicable ; Inapplicable ; Inapplicable ; Inapplicable ; Inapplicable ; Inapplicable ; Inapplicable ; Inapplicable ; Inapplicable ; Inapplicable ; Inapplicable ; Inapplicable ; Pass      ; Inapplicable ; Inapplicable ; Inapplicable ; Inapplicable ; Inapplicable ;
; dff5[0]            ; Inapplicable ; Inapplicable ; Inapplicable ; Inapplicable ; Inapplicable ; Pass      ; Inapplicable ; Inapplicable ; Pass      ; Pass      ; Inapplicable ; Inapplicable ; Inapplicable ; Inapplicable ; Inapplicable ; Inapplicable ; Inapplicable ; Inapplicable ; Inapplicable ; Inapplicable ; Inapplicable ; Inapplicable ; Inapplicable ; Inapplicable ; Inapplicable ; Pass      ; Inapplicable ; Inapplicable ; Inapplicable ; Inapplicable ; Inapplicable ;
; dff6[7]            ; Inapplicable ; Inapplicable ; Inapplicable ; Inapplicable ; Inapplicable ; Pass      ; Inapplicable ; Inapplicable ; Pass      ; Pass      ; Inapplicable ; Inapplicable ; Inapplicable ; Inapplicable ; Inapplicable ; Inapplicable ; Inapplicable ; Inapplicable ; Inapplicable ; Inapplicable ; Inapplicable ; Inapplicable ; Inapplicable ; Inapplicable ; Inapplicable ; Pass      ; Inapplicable ; Inapplicable ; Inapplicable ; Inapplicable ; Inapplicable ;
; dff6[6]            ; Inapplicable ; Inapplicable ; Inapplicable ; Inapplicable ; Inapplicable ; Pass      ; Inapplicable ; Inapplicable ; Pass      ; Pass      ; Inapplicable ; Inapplicable ; Inapplicable ; Inapplicable ; Inapplicable ; Inapplicable ; Inapplicable ; Inapplicable ; Inapplicable ; Inapplicable ; Inapplicable ; Inapplicable ; Inapplicable ; Inapplicable ; Inapplicable ; Pass      ; Inapplicable ; Inapplicable ; Inapplicable ; Inapplicable ; Inapplicable ;
; dff6[5]            ; Inapplicable ; Inapplicable ; Inapplicable ; Inapplicable ; Inapplicable ; Pass      ; Inapplicable ; Inapplicable ; Pass      ; Pass      ; Inapplicable ; Inapplicable ; Inapplicable ; Inapplicable ; Inapplicable ; Inapplicable ; Inapplicable ; Inapplicable ; Inapplicable ; Inapplicable ; Inapplicable ; Inapplicable ; Inapplicable ; Inapplicable ; Inapplicable ; Pass      ; Inapplicable ; Inapplicable ; Inapplicable ; Inapplicable ; Inapplicable ;
; dff6[4]            ; Inapplicable ; Inapplicable ; Inapplicable ; Inapplicable ; Inapplicable ; Pass      ; Inapplicable ; Inapplicable ; Pass      ; Pass      ; Inapplicable ; Inapplicable ; Inapplicable ; Inapplicable ; Inapplicable ; Inapplicable ; Inapplicable ; Inapplicable ; Inapplicable ; Inapplicable ; Inapplicable ; Inapplicable ; Inapplicable ; Inapplicable ; Inapplicable ; Pass      ; Inapplicable ; Inapplicable ; Inapplicable ; Inapplicable ; Inapplicable ;
; dff6[3]            ; Inapplicable ; Inapplicable ; Inapplicable ; Inapplicable ; Inapplicable ; Pass      ; Inapplicable ; Inapplicable ; Pass      ; Pass      ; Inapplicable ; Inapplicable ; Inapplicable ; Inapplicable ; Inapplicable ; Inapplicable ; Inapplicable ; Inapplicable ; Inapplicable ; Inapplicable ; Inapplicable ; Inapplicable ; Inapplicable ; Inapplicable ; Inapplicable ; Pass      ; Inapplicable ; Inapplicable ; Inapplicable ; Inapplicable ; Inapplicable ;
; dff6[2]            ; Inapplicable ; Inapplicable ; Inapplicable ; Inapplicable ; Inapplicable ; Pass      ; Inapplicable ; Inapplicable ; Pass      ; Pass      ; Inapplicable ; Inapplicable ; Inapplicable ; Inapplicable ; Inapplicable ; Inapplicable ; Inapplicable ; Inapplicable ; Inapplicable ; Inapplicable ; Inapplicable ; Inapplicable ; Inapplicable ; Inapplicable ; Inapplicable ; Pass      ; Inapplicable ; Inapplicable ; Inapplicable ; Inapplicable ; Inapplicable ;
; dff6[1]            ; Inapplicable ; Inapplicable ; Inapplicable ; Inapplicable ; Inapplicable ; Pass      ; Inapplicable ; Inapplicable ; Pass      ; Pass      ; Inapplicable ; Inapplicable ; Inapplicable ; Inapplicable ; Inapplicable ; Inapplicable ; Inapplicable ; Inapplicable ; Inapplicable ; Inapplicable ; Inapplicable ; Inapplicable ; Inapplicable ; Inapplicable ; Inapplicable ; Pass      ; Inapplicable ; Inapplicable ; Inapplicable ; Inapplicable ; Inapplicable ;
; dff6[0]            ; Inapplicable ; Inapplicable ; Inapplicable ; Inapplicable ; Inapplicable ; Pass      ; Inapplicable ; Inapplicable ; Pass      ; Pass      ; Inapplicable ; Inapplicable ; Inapplicable ; Inapplicable ; Inapplicable ; Inapplicable ; Inapplicable ; Inapplicable ; Inapplicable ; Inapplicable ; Inapplicable ; Inapplicable ; Inapplicable ; Inapplicable ; Inapplicable ; Pass      ; Inapplicable ; Inapplicable ; Inapplicable ; Inapplicable ; Inapplicable ;
; dff7[7]            ; Inapplicable ; Inapplicable ; Inapplicable ; Inapplicable ; Inapplicable ; Pass      ; Inapplicable ; Inapplicable ; Pass      ; Pass      ; Inapplicable ; Inapplicable ; Inapplicable ; Inapplicable ; Inapplicable ; Inapplicable ; Inapplicable ; Inapplicable ; Inapplicable ; Inapplicable ; Inapplicable ; Inapplicable ; Inapplicable ; Inapplicable ; Inapplicable ; Pass      ; Inapplicable ; Inapplicable ; Inapplicable ; Inapplicable ; Inapplicable ;
; dff7[6]            ; Inapplicable ; Inapplicable ; Inapplicable ; Inapplicable ; Inapplicable ; Pass      ; Inapplicable ; Inapplicable ; Pass      ; Pass      ; Inapplicable ; Inapplicable ; Inapplicable ; Inapplicable ; Inapplicable ; Inapplicable ; Inapplicable ; Inapplicable ; Inapplicable ; Inapplicable ; Inapplicable ; Inapplicable ; Inapplicable ; Inapplicable ; Inapplicable ; Pass      ; Inapplicable ; Inapplicable ; Inapplicable ; Inapplicable ; Inapplicable ;
; dff7[5]            ; Inapplicable ; Inapplicable ; Inapplicable ; Inapplicable ; Inapplicable ; Pass      ; Inapplicable ; Inapplicable ; Pass      ; Pass      ; Inapplicable ; Inapplicable ; Inapplicable ; Inapplicable ; Inapplicable ; Inapplicable ; Inapplicable ; Inapplicable ; Inapplicable ; Inapplicable ; Inapplicable ; Inapplicable ; Inapplicable ; Inapplicable ; Inapplicable ; Pass      ; Inapplicable ; Inapplicable ; Inapplicable ; Inapplicable ; Inapplicable ;
; dff7[4]            ; Inapplicable ; Inapplicable ; Inapplicable ; Inapplicable ; Inapplicable ; Pass      ; Inapplicable ; Inapplicable ; Pass      ; Pass      ; Inapplicable ; Inapplicable ; Inapplicable ; Inapplicable ; Inapplicable ; Inapplicable ; Inapplicable ; Inapplicable ; Inapplicable ; Inapplicable ; Inapplicable ; Inapplicable ; Inapplicable ; Inapplicable ; Inapplicable ; Pass      ; Inapplicable ; Inapplicable ; Inapplicable ; Inapplicable ; Inapplicable ;
; dff7[3]            ; Inapplicable ; Inapplicable ; Inapplicable ; Inapplicable ; Inapplicable ; Pass      ; Inapplicable ; Inapplicable ; Pass      ; Pass      ; Inapplicable ; Inapplicable ; Inapplicable ; Inapplicable ; Inapplicable ; Inapplicable ; Inapplicable ; Inapplicable ; Inapplicable ; Inapplicable ; Inapplicable ; Inapplicable ; Inapplicable ; Inapplicable ; Inapplicable ; Pass      ; Inapplicable ; Inapplicable ; Inapplicable ; Inapplicable ; Inapplicable ;
; dff7[2]            ; Inapplicable ; Inapplicable ; Inapplicable ; Inapplicable ; Inapplicable ; Pass      ; Inapplicable ; Inapplicable ; Pass      ; Pass      ; Inapplicable ; Inapplicable ; Inapplicable ; Inapplicable ; Inapplicable ; Inapplicable ; Inapplicable ; Inapplicable ; Inapplicable ; Inapplicable ; Inapplicable ; Inapplicable ; Inapplicable ; Inapplicable ; Inapplicable ; Pass      ; Inapplicable ; Inapplicable ; Inapplicable ; Inapplicable ; Inapplicable ;
; dff7[1]            ; Inapplicable ; Inapplicable ; Inapplicable ; Inapplicable ; Inapplicable ; Pass      ; Inapplicable ; Inapplicable ; Pass      ; Pass      ; Inapplicable ; Inapplicable ; Inapplicable ; Inapplicable ; Inapplicable ; Inapplicable ; Inapplicable ; Inapplicable ; Inapplicable ; Inapplicable ; Inapplicable ; Inapplicable ; Inapplicable ; Inapplicable ; Inapplicable ; Pass      ; Inapplicable ; Inapplicable ; Inapplicable ; Inapplicable ; Inapplicable ;
; dff7[0]            ; Inapplicable ; Inapplicable ; Inapplicable ; Inapplicable ; Inapplicable ; Pass      ; Inapplicable ; Inapplicable ; Pass      ; Pass      ; Inapplicable ; Inapplicable ; Inapplicable ; Inapplicable ; Inapplicable ; Inapplicable ; Inapplicable ; Inapplicable ; Inapplicable ; Inapplicable ; Inapplicable ; Inapplicable ; Inapplicable ; Inapplicable ; Inapplicable ; Pass      ; Inapplicable ; Inapplicable ; Inapplicable ; Inapplicable ; Inapplicable ;
; dff8[7]            ; Inapplicable ; Inapplicable ; Inapplicable ; Inapplicable ; Inapplicable ; Pass      ; Inapplicable ; Inapplicable ; Pass      ; Pass      ; Inapplicable ; Inapplicable ; Inapplicable ; Inapplicable ; Inapplicable ; Inapplicable ; Inapplicable ; Inapplicable ; Inapplicable ; Inapplicable ; Inapplicable ; Inapplicable ; Inapplicable ; Inapplicable ; Inapplicable ; Pass      ; Inapplicable ; Inapplicable ; Inapplicable ; Inapplicable ; Inapplicable ;
; dff8[6]            ; Inapplicable ; Inapplicable ; Inapplicable ; Inapplicable ; Inapplicable ; Pass      ; Inapplicable ; Inapplicable ; Pass      ; Pass      ; Inapplicable ; Inapplicable ; Inapplicable ; Inapplicable ; Inapplicable ; Inapplicable ; Inapplicable ; Inapplicable ; Inapplicable ; Inapplicable ; Inapplicable ; Inapplicable ; Inapplicable ; Inapplicable ; Inapplicable ; Pass      ; Inapplicable ; Inapplicable ; Inapplicable ; Inapplicable ; Inapplicable ;
; dff8[5]            ; Inapplicable ; Inapplicable ; Inapplicable ; Inapplicable ; Inapplicable ; Pass      ; Inapplicable ; Inapplicable ; Pass      ; Pass      ; Inapplicable ; Inapplicable ; Inapplicable ; Inapplicable ; Inapplicable ; Inapplicable ; Inapplicable ; Inapplicable ; Inapplicable ; Inapplicable ; Inapplicable ; Inapplicable ; Inapplicable ; Inapplicable ; Inapplicable ; Pass      ; Inapplicable ; Inapplicable ; Inapplicable ; Inapplicable ; Inapplicable ;
; dff8[4]            ; Inapplicable ; Inapplicable ; Inapplicable ; Inapplicable ; Inapplicable ; Pass      ; Inapplicable ; Inapplicable ; Pass      ; Pass      ; Inapplicable ; Inapplicable ; Inapplicable ; Inapplicable ; Inapplicable ; Inapplicable ; Inapplicable ; Inapplicable ; Inapplicable ; Inapplicable ; Inapplicable ; Inapplicable ; Inapplicable ; Inapplicable ; Inapplicable ; Pass      ; Inapplicable ; Inapplicable ; Inapplicable ; Inapplicable ; Inapplicable ;
; dff8[3]            ; Inapplicable ; Inapplicable ; Inapplicable ; Inapplicable ; Inapplicable ; Pass      ; Inapplicable ; Inapplicable ; Pass      ; Pass      ; Inapplicable ; Inapplicable ; Inapplicable ; Inapplicable ; Inapplicable ; Inapplicable ; Inapplicable ; Inapplicable ; Inapplicable ; Inapplicable ; Inapplicable ; Inapplicable ; Inapplicable ; Inapplicable ; Inapplicable ; Pass      ; Inapplicable ; Inapplicable ; Inapplicable ; Inapplicable ; Inapplicable ;
; dff8[2]            ; Inapplicable ; Inapplicable ; Inapplicable ; Inapplicable ; Inapplicable ; Pass      ; Inapplicable ; Inapplicable ; Pass      ; Pass      ; Inapplicable ; Inapplicable ; Inapplicable ; Inapplicable ; Inapplicable ; Inapplicable ; Inapplicable ; Inapplicable ; Inapplicable ; Inapplicable ; Inapplicable ; Inapplicable ; Inapplicable ; Inapplicable ; Inapplicable ; Pass      ; Inapplicable ; Inapplicable ; Inapplicable ; Inapplicable ; Inapplicable ;
; dff8[1]            ; Inapplicable ; Inapplicable ; Inapplicable ; Inapplicable ; Inapplicable ; Pass      ; Inapplicable ; Inapplicable ; Pass      ; Pass      ; Inapplicable ; Inapplicable ; Inapplicable ; Inapplicable ; Inapplicable ; Inapplicable ; Inapplicable ; Inapplicable ; Inapplicable ; Inapplicable ; Inapplicable ; Inapplicable ; Inapplicable ; Inapplicable ; Inapplicable ; Pass      ; Inapplicable ; Inapplicable ; Inapplicable ; Inapplicable ; Inapplicable ;
; dff8[0]            ; Inapplicable ; Inapplicable ; Inapplicable ; Inapplicable ; Inapplicable ; Pass      ; Inapplicable ; Inapplicable ; Pass      ; Pass      ; Inapplicable ; Inapplicable ; Inapplicable ; Inapplicable ; Inapplicable ; Inapplicable ; Inapplicable ; Inapplicable ; Inapplicable ; Inapplicable ; Inapplicable ; Inapplicable ; Inapplicable ; Inapplicable ; Inapplicable ; Pass      ; Inapplicable ; Inapplicable ; Inapplicable ; Inapplicable ; Inapplicable ;
; dff9[7]            ; Inapplicable ; Inapplicable ; Inapplicable ; Inapplicable ; Inapplicable ; Pass      ; Inapplicable ; Inapplicable ; Pass      ; Pass      ; Inapplicable ; Inapplicable ; Inapplicable ; Inapplicable ; Inapplicable ; Inapplicable ; Inapplicable ; Inapplicable ; Inapplicable ; Inapplicable ; Inapplicable ; Inapplicable ; Inapplicable ; Inapplicable ; Inapplicable ; Pass      ; Inapplicable ; Inapplicable ; Inapplicable ; Inapplicable ; Inapplicable ;
; dff9[6]            ; Inapplicable ; Inapplicable ; Inapplicable ; Inapplicable ; Inapplicable ; Pass      ; Inapplicable ; Inapplicable ; Pass      ; Pass      ; Inapplicable ; Inapplicable ; Inapplicable ; Inapplicable ; Inapplicable ; Inapplicable ; Inapplicable ; Inapplicable ; Inapplicable ; Inapplicable ; Inapplicable ; Inapplicable ; Inapplicable ; Inapplicable ; Inapplicable ; Pass      ; Inapplicable ; Inapplicable ; Inapplicable ; Inapplicable ; Inapplicable ;
; dff9[5]            ; Inapplicable ; Inapplicable ; Inapplicable ; Inapplicable ; Inapplicable ; Pass      ; Inapplicable ; Inapplicable ; Pass      ; Pass      ; Inapplicable ; Inapplicable ; Inapplicable ; Inapplicable ; Inapplicable ; Inapplicable ; Inapplicable ; Inapplicable ; Inapplicable ; Inapplicable ; Inapplicable ; Inapplicable ; Inapplicable ; Inapplicable ; Inapplicable ; Pass      ; Inapplicable ; Inapplicable ; Inapplicable ; Inapplicable ; Inapplicable ;
; dff9[4]            ; Inapplicable ; Inapplicable ; Inapplicable ; Inapplicable ; Inapplicable ; Pass      ; Inapplicable ; Inapplicable ; Pass      ; Pass      ; Inapplicable ; Inapplicable ; Inapplicable ; Inapplicable ; Inapplicable ; Inapplicable ; Inapplicable ; Inapplicable ; Inapplicable ; Inapplicable ; Inapplicable ; Inapplicable ; Inapplicable ; Inapplicable ; Inapplicable ; Pass      ; Inapplicable ; Inapplicable ; Inapplicable ; Inapplicable ; Inapplicable ;
; dff9[3]            ; Inapplicable ; Inapplicable ; Inapplicable ; Inapplicable ; Inapplicable ; Pass      ; Inapplicable ; Inapplicable ; Pass      ; Pass      ; Inapplicable ; Inapplicable ; Inapplicable ; Inapplicable ; Inapplicable ; Inapplicable ; Inapplicable ; Inapplicable ; Inapplicable ; Inapplicable ; Inapplicable ; Inapplicable ; Inapplicable ; Inapplicable ; Inapplicable ; Pass      ; Inapplicable ; Inapplicable ; Inapplicable ; Inapplicable ; Inapplicable ;
; dff9[2]            ; Inapplicable ; Inapplicable ; Inapplicable ; Inapplicable ; Inapplicable ; Pass      ; Inapplicable ; Inapplicable ; Pass      ; Pass      ; Inapplicable ; Inapplicable ; Inapplicable ; Inapplicable ; Inapplicable ; Inapplicable ; Inapplicable ; Inapplicable ; Inapplicable ; Inapplicable ; Inapplicable ; Inapplicable ; Inapplicable ; Inapplicable ; Inapplicable ; Pass      ; Inapplicable ; Inapplicable ; Inapplicable ; Inapplicable ; Inapplicable ;
; dff9[1]            ; Inapplicable ; Inapplicable ; Inapplicable ; Inapplicable ; Inapplicable ; Pass      ; Inapplicable ; Inapplicable ; Pass      ; Pass      ; Inapplicable ; Inapplicable ; Inapplicable ; Inapplicable ; Inapplicable ; Inapplicable ; Inapplicable ; Inapplicable ; Inapplicable ; Inapplicable ; Inapplicable ; Inapplicable ; Inapplicable ; Inapplicable ; Inapplicable ; Pass      ; Inapplicable ; Inapplicable ; Inapplicable ; Inapplicable ; Inapplicable ;
; dff9[0]            ; Inapplicable ; Inapplicable ; Inapplicable ; Inapplicable ; Inapplicable ; Pass      ; Inapplicable ; Inapplicable ; Pass      ; Pass      ; Inapplicable ; Inapplicable ; Inapplicable ; Inapplicable ; Inapplicable ; Inapplicable ; Inapplicable ; Inapplicable ; Inapplicable ; Inapplicable ; Inapplicable ; Inapplicable ; Inapplicable ; Inapplicable ; Inapplicable ; Pass      ; Inapplicable ; Inapplicable ; Inapplicable ; Inapplicable ; Inapplicable ;
; address[9]         ; Inapplicable ; Inapplicable ; Inapplicable ; Inapplicable ; Inapplicable ; Pass      ; Inapplicable ; Inapplicable ; Pass      ; Pass      ; Inapplicable ; Inapplicable ; Inapplicable ; Inapplicable ; Inapplicable ; Inapplicable ; Inapplicable ; Inapplicable ; Inapplicable ; Inapplicable ; Inapplicable ; Inapplicable ; Inapplicable ; Inapplicable ; Inapplicable ; Pass      ; Inapplicable ; Inapplicable ; Inapplicable ; Inapplicable ; Inapplicable ;
; address[8]         ; Inapplicable ; Inapplicable ; Inapplicable ; Inapplicable ; Inapplicable ; Pass      ; Inapplicable ; Inapplicable ; Pass      ; Pass      ; Inapplicable ; Inapplicable ; Inapplicable ; Inapplicable ; Inapplicable ; Inapplicable ; Inapplicable ; Inapplicable ; Inapplicable ; Inapplicable ; Inapplicable ; Inapplicable ; Inapplicable ; Inapplicable ; Inapplicable ; Pass      ; Inapplicable ; Inapplicable ; Inapplicable ; Inapplicable ; Inapplicable ;
; address[7]         ; Inapplicable ; Inapplicable ; Inapplicable ; Inapplicable ; Inapplicable ; Pass      ; Inapplicable ; Inapplicable ; Pass      ; Pass      ; Inapplicable ; Inapplicable ; Inapplicable ; Inapplicable ; Inapplicable ; Inapplicable ; Inapplicable ; Inapplicable ; Inapplicable ; Inapplicable ; Inapplicable ; Inapplicable ; Inapplicable ; Inapplicable ; Inapplicable ; Pass      ; Inapplicable ; Inapplicable ; Inapplicable ; Inapplicable ; Inapplicable ;
; address[6]         ; Inapplicable ; Inapplicable ; Inapplicable ; Inapplicable ; Inapplicable ; Pass      ; Inapplicable ; Inapplicable ; Pass      ; Pass      ; Inapplicable ; Inapplicable ; Inapplicable ; Inapplicable ; Inapplicable ; Inapplicable ; Inapplicable ; Inapplicable ; Inapplicable ; Inapplicable ; Inapplicable ; Inapplicable ; Inapplicable ; Inapplicable ; Inapplicable ; Pass      ; Inapplicable ; Inapplicable ; Inapplicable ; Inapplicable ; Inapplicable ;
; address[5]         ; Inapplicable ; Inapplicable ; Inapplicable ; Inapplicable ; Inapplicable ; Pass      ; Inapplicable ; Inapplicable ; Pass      ; Pass      ; Inapplicable ; Inapplicable ; Inapplicable ; Inapplicable ; Inapplicable ; Inapplicable ; Inapplicable ; Inapplicable ; Inapplicable ; Inapplicable ; Inapplicable ; Inapplicable ; Inapplicable ; Inapplicable ; Inapplicable ; Pass      ; Inapplicable ; Inapplicable ; Inapplicable ; Inapplicable ; Inapplicable ;
; address[4]         ; Inapplicable ; Inapplicable ; Inapplicable ; Inapplicable ; Inapplicable ; Pass      ; Inapplicable ; Inapplicable ; Pass      ; Pass      ; Inapplicable ; Inapplicable ; Inapplicable ; Inapplicable ; Inapplicable ; Inapplicable ; Inapplicable ; Inapplicable ; Inapplicable ; Inapplicable ; Inapplicable ; Inapplicable ; Inapplicable ; Inapplicable ; Inapplicable ; Pass      ; Inapplicable ; Inapplicable ; Inapplicable ; Inapplicable ; Inapplicable ;
; address[3]         ; Inapplicable ; Inapplicable ; Inapplicable ; Inapplicable ; Inapplicable ; Pass      ; Inapplicable ; Inapplicable ; Pass      ; Pass      ; Inapplicable ; Inapplicable ; Inapplicable ; Inapplicable ; Inapplicable ; Inapplicable ; Inapplicable ; Inapplicable ; Inapplicable ; Inapplicable ; Inapplicable ; Inapplicable ; Inapplicable ; Inapplicable ; Inapplicable ; Pass      ; Inapplicable ; Inapplicable ; Inapplicable ; Inapplicable ; Inapplicable ;
; clk                ; Inapplicable ; Inapplicable ; Inapplicable ; Inapplicable ; Inapplicable ; Pass      ; Inapplicable ; Inapplicable ; Pass      ; Pass      ; Inapplicable ; Inapplicable ; Inapplicable ; Inapplicable ; Inapplicable ; Inapplicable ; Inapplicable ; Inapplicable ; Inapplicable ; Inapplicable ; Inapplicable ; Inapplicable ; Inapplicable ; Inapplicable ; Inapplicable ; Pass      ; Inapplicable ; Inapplicable ; Inapplicable ; Inapplicable ; Inapplicable ;
; address[1]         ; Inapplicable ; Inapplicable ; Inapplicable ; Inapplicable ; Inapplicable ; Pass      ; Inapplicable ; Inapplicable ; Pass      ; Pass      ; Inapplicable ; Inapplicable ; Inapplicable ; Inapplicable ; Inapplicable ; Inapplicable ; Inapplicable ; Inapplicable ; Inapplicable ; Inapplicable ; Inapplicable ; Inapplicable ; Inapplicable ; Inapplicable ; Inapplicable ; Pass      ; Inapplicable ; Inapplicable ; Inapplicable ; Inapplicable ; Inapplicable ;
; address[0]         ; Inapplicable ; Inapplicable ; Inapplicable ; Inapplicable ; Inapplicable ; Pass      ; Inapplicable ; Inapplicable ; Pass      ; Pass      ; Inapplicable ; Inapplicable ; Inapplicable ; Inapplicable ; Inapplicable ; Inapplicable ; Inapplicable ; Inapplicable ; Inapplicable ; Inapplicable ; Inapplicable ; Inapplicable ; Inapplicable ; Inapplicable ; Inapplicable ; Pass      ; Inapplicable ; Inapplicable ; Inapplicable ; Inapplicable ; Inapplicable ;
; address[2]         ; Inapplicable ; Inapplicable ; Inapplicable ; Inapplicable ; Inapplicable ; Pass      ; Inapplicable ; Inapplicable ; Pass      ; Pass      ; Inapplicable ; Inapplicable ; Inapplicable ; Inapplicable ; Inapplicable ; Inapplicable ; Inapplicable ; Inapplicable ; Inapplicable ; Inapplicable ; Inapplicable ; Inapplicable ; Inapplicable ; Inapplicable ; Inapplicable ; Pass      ; Inapplicable ; Inapplicable ; Inapplicable ; Inapplicable ; Inapplicable ;
; write[7]           ; Inapplicable ; Inapplicable ; Inapplicable ; Inapplicable ; Inapplicable ; Pass      ; Inapplicable ; Inapplicable ; Pass      ; Pass      ; Inapplicable ; Inapplicable ; Inapplicable ; Inapplicable ; Inapplicable ; Inapplicable ; Inapplicable ; Inapplicable ; Inapplicable ; Inapplicable ; Inapplicable ; Inapplicable ; Inapplicable ; Inapplicable ; Inapplicable ; Pass      ; Inapplicable ; Inapplicable ; Inapplicable ; Inapplicable ; Inapplicable ;
; write[6]           ; Inapplicable ; Inapplicable ; Inapplicable ; Inapplicable ; Inapplicable ; Pass      ; Inapplicable ; Inapplicable ; Pass      ; Pass      ; Inapplicable ; Inapplicable ; Inapplicable ; Inapplicable ; Inapplicable ; Inapplicable ; Inapplicable ; Inapplicable ; Inapplicable ; Inapplicable ; Inapplicable ; Inapplicable ; Inapplicable ; Inapplicable ; Inapplicable ; Pass      ; Inapplicable ; Inapplicable ; Inapplicable ; Inapplicable ; Inapplicable ;
; write[5]           ; Inapplicable ; Inapplicable ; Inapplicable ; Inapplicable ; Inapplicable ; Pass      ; Inapplicable ; Inapplicable ; Pass      ; Pass      ; Inapplicable ; Inapplicable ; Inapplicable ; Inapplicable ; Inapplicable ; Inapplicable ; Inapplicable ; Inapplicable ; Inapplicable ; Inapplicable ; Inapplicable ; Inapplicable ; Inapplicable ; Inapplicable ; Inapplicable ; Pass      ; Inapplicable ; Inapplicable ; Inapplicable ; Inapplicable ; Inapplicable ;
; write[4]           ; Inapplicable ; Inapplicable ; Inapplicable ; Inapplicable ; Inapplicable ; Pass      ; Inapplicable ; Inapplicable ; Pass      ; Pass      ; Inapplicable ; Inapplicable ; Inapplicable ; Inapplicable ; Inapplicable ; Inapplicable ; Inapplicable ; Inapplicable ; Inapplicable ; Inapplicable ; Inapplicable ; Inapplicable ; Inapplicable ; Inapplicable ; Inapplicable ; Pass      ; Inapplicable ; Inapplicable ; Inapplicable ; Inapplicable ; Inapplicable ;
; write[3]           ; Inapplicable ; Inapplicable ; Inapplicable ; Inapplicable ; Inapplicable ; Pass      ; Inapplicable ; Inapplicable ; Pass      ; Pass      ; Inapplicable ; Inapplicable ; Inapplicable ; Inapplicable ; Inapplicable ; Inapplicable ; Inapplicable ; Inapplicable ; Inapplicable ; Inapplicable ; Inapplicable ; Inapplicable ; Inapplicable ; Inapplicable ; Inapplicable ; Pass      ; Inapplicable ; Inapplicable ; Inapplicable ; Inapplicable ; Inapplicable ;
; write[2]           ; Inapplicable ; Inapplicable ; Inapplicable ; Inapplicable ; Inapplicable ; Pass      ; Inapplicable ; Inapplicable ; Pass      ; Pass      ; Inapplicable ; Inapplicable ; Inapplicable ; Inapplicable ; Inapplicable ; Inapplicable ; Inapplicable ; Inapplicable ; Inapplicable ; Inapplicable ; Inapplicable ; Inapplicable ; Inapplicable ; Inapplicable ; Inapplicable ; Pass      ; Inapplicable ; Inapplicable ; Inapplicable ; Inapplicable ; Inapplicable ;
; write[1]           ; Inapplicable ; Inapplicable ; Inapplicable ; Inapplicable ; Inapplicable ; Pass      ; Inapplicable ; Inapplicable ; Pass      ; Pass      ; Inapplicable ; Inapplicable ; Inapplicable ; Inapplicable ; Inapplicable ; Inapplicable ; Inapplicable ; Inapplicable ; Inapplicable ; Inapplicable ; Inapplicable ; Inapplicable ; Inapplicable ; Inapplicable ; Inapplicable ; Pass      ; Inapplicable ; Inapplicable ; Inapplicable ; Inapplicable ; Inapplicable ;
; write[0]           ; Inapplicable ; Inapplicable ; Inapplicable ; Inapplicable ; Inapplicable ; Pass      ; Inapplicable ; Inapplicable ; Pass      ; Pass      ; Inapplicable ; Inapplicable ; Inapplicable ; Inapplicable ; Inapplicable ; Inapplicable ; Inapplicable ; Inapplicable ; Inapplicable ; Inapplicable ; Inapplicable ; Inapplicable ; Inapplicable ; Inapplicable ; Inapplicable ; Pass      ; Inapplicable ; Inapplicable ; Inapplicable ; Inapplicable ; Inapplicable ;
; write-read         ; Inapplicable ; Inapplicable ; Inapplicable ; Inapplicable ; Inapplicable ; Pass      ; Inapplicable ; Inapplicable ; Pass      ; Pass      ; Inapplicable ; Inapplicable ; Inapplicable ; Inapplicable ; Inapplicable ; Inapplicable ; Inapplicable ; Inapplicable ; Inapplicable ; Inapplicable ; Inapplicable ; Inapplicable ; Inapplicable ; Inapplicable ; Inapplicable ; Pass      ; Inapplicable ; Inapplicable ; Inapplicable ; Inapplicable ; Inapplicable ;
; read_write_per     ; Inapplicable ; Inapplicable ; Inapplicable ; Inapplicable ; Inapplicable ; Pass      ; Inapplicable ; Inapplicable ; Pass      ; Pass      ; Inapplicable ; Inapplicable ; Inapplicable ; Inapplicable ; Inapplicable ; Inapplicable ; Inapplicable ; Inapplicable ; Inapplicable ; Inapplicable ; Inapplicable ; Inapplicable ; Inapplicable ; Inapplicable ; Inapplicable ; Pass      ; Inapplicable ; Inapplicable ; Inapplicable ; Inapplicable ; Inapplicable ;
; per_strob          ; Inapplicable ; Inapplicable ; Inapplicable ; Inapplicable ; Inapplicable ; Pass      ; Inapplicable ; Inapplicable ; Pass      ; Pass      ; Inapplicable ; Inapplicable ; Inapplicable ; Inapplicable ; Inapplicable ; Inapplicable ; Inapplicable ; Inapplicable ; Inapplicable ; Inapplicable ; Inapplicable ; Inapplicable ; Inapplicable ; Inapplicable ; Inapplicable ; Pass      ; Inapplicable ; Inapplicable ; Inapplicable ; Inapplicable ; Inapplicable ;
; per_data[7]        ; Inapplicable ; Inapplicable ; Inapplicable ; Inapplicable ; Inapplicable ; Pass      ; Inapplicable ; Inapplicable ; Pass      ; Pass      ; Inapplicable ; Inapplicable ; Inapplicable ; Inapplicable ; Inapplicable ; Inapplicable ; Inapplicable ; Inapplicable ; Inapplicable ; Inapplicable ; Inapplicable ; Inapplicable ; Inapplicable ; Inapplicable ; Inapplicable ; Pass      ; Inapplicable ; Inapplicable ; Inapplicable ; Inapplicable ; Inapplicable ;
; per_address[0]     ; Inapplicable ; Inapplicable ; Inapplicable ; Inapplicable ; Inapplicable ; Pass      ; Inapplicable ; Inapplicable ; Pass      ; Pass      ; Inapplicable ; Inapplicable ; Inapplicable ; Inapplicable ; Inapplicable ; Inapplicable ; Inapplicable ; Inapplicable ; Inapplicable ; Inapplicable ; Inapplicable ; Inapplicable ; Inapplicable ; Inapplicable ; Inapplicable ; Pass      ; Inapplicable ; Inapplicable ; Inapplicable ; Inapplicable ; Inapplicable ;
; per_address[1]     ; Inapplicable ; Inapplicable ; Inapplicable ; Inapplicable ; Inapplicable ; Pass      ; Inapplicable ; Inapplicable ; Pass      ; Pass      ; Inapplicable ; Inapplicable ; Inapplicable ; Inapplicable ; Inapplicable ; Inapplicable ; Inapplicable ; Inapplicable ; Inapplicable ; Inapplicable ; Inapplicable ; Inapplicable ; Inapplicable ; Inapplicable ; Inapplicable ; Pass      ; Inapplicable ; Inapplicable ; Inapplicable ; Inapplicable ; Inapplicable ;
; per_address[2]     ; Inapplicable ; Inapplicable ; Inapplicable ; Inapplicable ; Inapplicable ; Pass      ; Inapplicable ; Inapplicable ; Pass      ; Pass      ; Inapplicable ; Inapplicable ; Inapplicable ; Inapplicable ; Inapplicable ; Inapplicable ; Inapplicable ; Inapplicable ; Inapplicable ; Inapplicable ; Inapplicable ; Inapplicable ; Inapplicable ; Inapplicable ; Inapplicable ; Pass      ; Inapplicable ; Inapplicable ; Inapplicable ; Inapplicable ; Inapplicable ;
; per_address[3]     ; Inapplicable ; Inapplicable ; Inapplicable ; Inapplicable ; Inapplicable ; Pass      ; Inapplicable ; Inapplicable ; Pass      ; Pass      ; Inapplicable ; Inapplicable ; Inapplicable ; Inapplicable ; Inapplicable ; Inapplicable ; Inapplicable ; Inapplicable ; Inapplicable ; Inapplicable ; Inapplicable ; Inapplicable ; Inapplicable ; Inapplicable ; Inapplicable ; Pass      ; Inapplicable ; Inapplicable ; Inapplicable ; Inapplicable ; Inapplicable ;
; per_address[4]     ; Inapplicable ; Inapplicable ; Inapplicable ; Inapplicable ; Inapplicable ; Pass      ; Inapplicable ; Inapplicable ; Pass      ; Pass      ; Inapplicable ; Inapplicable ; Inapplicable ; Inapplicable ; Inapplicable ; Inapplicable ; Inapplicable ; Inapplicable ; Inapplicable ; Inapplicable ; Inapplicable ; Inapplicable ; Inapplicable ; Inapplicable ; Inapplicable ; Pass      ; Inapplicable ; Inapplicable ; Inapplicable ; Inapplicable ; Inapplicable ;
; per_address[5]     ; Inapplicable ; Inapplicable ; Inapplicable ; Inapplicable ; Inapplicable ; Pass      ; Inapplicable ; Inapplicable ; Pass      ; Pass      ; Inapplicable ; Inapplicable ; Inapplicable ; Inapplicable ; Inapplicable ; Inapplicable ; Inapplicable ; Inapplicable ; Inapplicable ; Inapplicable ; Inapplicable ; Inapplicable ; Inapplicable ; Inapplicable ; Inapplicable ; Pass      ; Inapplicable ; Inapplicable ; Inapplicable ; Inapplicable ; Inapplicable ;
; per_address[6]     ; Inapplicable ; Inapplicable ; Inapplicable ; Inapplicable ; Inapplicable ; Pass      ; Inapplicable ; Inapplicable ; Pass      ; Pass      ; Inapplicable ; Inapplicable ; Inapplicable ; Inapplicable ; Inapplicable ; Inapplicable ; Inapplicable ; Inapplicable ; Inapplicable ; Inapplicable ; Inapplicable ; Inapplicable ; Inapplicable ; Inapplicable ; Inapplicable ; Pass      ; Inapplicable ; Inapplicable ; Inapplicable ; Inapplicable ; Inapplicable ;
; per_address[7]     ; Inapplicable ; Inapplicable ; Inapplicable ; Inapplicable ; Inapplicable ; Pass      ; Inapplicable ; Inapplicable ; Pass      ; Pass      ; Inapplicable ; Inapplicable ; Inapplicable ; Inapplicable ; Inapplicable ; Inapplicable ; Inapplicable ; Inapplicable ; Inapplicable ; Inapplicable ; Inapplicable ; Inapplicable ; Inapplicable ; Inapplicable ; Inapplicable ; Pass      ; Inapplicable ; Inapplicable ; Inapplicable ; Inapplicable ; Inapplicable ;
; per_address[8]     ; Inapplicable ; Inapplicable ; Inapplicable ; Inapplicable ; Inapplicable ; Pass      ; Inapplicable ; Inapplicable ; Pass      ; Pass      ; Inapplicable ; Inapplicable ; Inapplicable ; Inapplicable ; Inapplicable ; Inapplicable ; Inapplicable ; Inapplicable ; Inapplicable ; Inapplicable ; Inapplicable ; Inapplicable ; Inapplicable ; Inapplicable ; Inapplicable ; Pass      ; Inapplicable ; Inapplicable ; Inapplicable ; Inapplicable ; Inapplicable ;
; per_address[9]     ; Inapplicable ; Inapplicable ; Inapplicable ; Inapplicable ; Inapplicable ; Pass      ; Inapplicable ; Inapplicable ; Pass      ; Pass      ; Inapplicable ; Inapplicable ; Inapplicable ; Inapplicable ; Inapplicable ; Inapplicable ; Inapplicable ; Inapplicable ; Inapplicable ; Inapplicable ; Inapplicable ; Inapplicable ; Inapplicable ; Inapplicable ; Inapplicable ; Pass      ; Inapplicable ; Inapplicable ; Inapplicable ; Inapplicable ; Inapplicable ;
; per_data[6]        ; Inapplicable ; Inapplicable ; Inapplicable ; Inapplicable ; Inapplicable ; Pass      ; Inapplicable ; Inapplicable ; Pass      ; Pass      ; Inapplicable ; Inapplicable ; Inapplicable ; Inapplicable ; Inapplicable ; Inapplicable ; Inapplicable ; Inapplicable ; Inapplicable ; Inapplicable ; Inapplicable ; Inapplicable ; Inapplicable ; Inapplicable ; Inapplicable ; Pass      ; Inapplicable ; Inapplicable ; Inapplicable ; Inapplicable ; Inapplicable ;
; per_data[5]        ; Inapplicable ; Inapplicable ; Inapplicable ; Inapplicable ; Inapplicable ; Pass      ; Inapplicable ; Inapplicable ; Pass      ; Pass      ; Inapplicable ; Inapplicable ; Inapplicable ; Inapplicable ; Inapplicable ; Inapplicable ; Inapplicable ; Inapplicable ; Inapplicable ; Inapplicable ; Inapplicable ; Inapplicable ; Inapplicable ; Inapplicable ; Inapplicable ; Pass      ; Inapplicable ; Inapplicable ; Inapplicable ; Inapplicable ; Inapplicable ;
; per_data[4]        ; Inapplicable ; Inapplicable ; Inapplicable ; Inapplicable ; Inapplicable ; Pass      ; Inapplicable ; Inapplicable ; Pass      ; Pass      ; Inapplicable ; Inapplicable ; Inapplicable ; Inapplicable ; Inapplicable ; Inapplicable ; Inapplicable ; Inapplicable ; Inapplicable ; Inapplicable ; Inapplicable ; Inapplicable ; Inapplicable ; Inapplicable ; Inapplicable ; Pass      ; Inapplicable ; Inapplicable ; Inapplicable ; Inapplicable ; Inapplicable ;
; per_data[3]        ; Inapplicable ; Inapplicable ; Inapplicable ; Inapplicable ; Inapplicable ; Pass      ; Inapplicable ; Inapplicable ; Pass      ; Pass      ; Inapplicable ; Inapplicable ; Inapplicable ; Inapplicable ; Inapplicable ; Inapplicable ; Inapplicable ; Inapplicable ; Inapplicable ; Inapplicable ; Inapplicable ; Inapplicable ; Inapplicable ; Inapplicable ; Inapplicable ; Pass      ; Inapplicable ; Inapplicable ; Inapplicable ; Inapplicable ; Inapplicable ;
; per_data[2]        ; Inapplicable ; Inapplicable ; Inapplicable ; Inapplicable ; Inapplicable ; Pass      ; Inapplicable ; Inapplicable ; Pass      ; Pass      ; Inapplicable ; Inapplicable ; Inapplicable ; Inapplicable ; Inapplicable ; Inapplicable ; Inapplicable ; Inapplicable ; Inapplicable ; Inapplicable ; Inapplicable ; Inapplicable ; Inapplicable ; Inapplicable ; Inapplicable ; Pass      ; Inapplicable ; Inapplicable ; Inapplicable ; Inapplicable ; Inapplicable ;
; per_data[1]        ; Inapplicable ; Inapplicable ; Inapplicable ; Inapplicable ; Inapplicable ; Pass      ; Inapplicable ; Inapplicable ; Pass      ; Pass      ; Inapplicable ; Inapplicable ; Inapplicable ; Inapplicable ; Inapplicable ; Inapplicable ; Inapplicable ; Inapplicable ; Inapplicable ; Inapplicable ; Inapplicable ; Inapplicable ; Inapplicable ; Inapplicable ; Inapplicable ; Pass      ; Inapplicable ; Inapplicable ; Inapplicable ; Inapplicable ; Inapplicable ;
; per_data[0]        ; Inapplicable ; Inapplicable ; Inapplicable ; Inapplicable ; Inapplicable ; Pass      ; Inapplicable ; Inapplicable ; Pass      ; Pass      ; Inapplicable ; Inapplicable ; Inapplicable ; Inapplicable ; Inapplicable ; Inapplicable ; Inapplicable ; Inapplicable ; Inapplicable ; Inapplicable ; Inapplicable ; Inapplicable ; Inapplicable ; Inapplicable ; Inapplicable ; Pass      ; Inapplicable ; Inapplicable ; Inapplicable ; Inapplicable ; Inapplicable ;
+--------------------+--------------+--------------+--------------+--------------+--------------+-----------+--------------+--------------+-----------+-----------+--------------+--------------+--------------+--------------+--------------+--------------+--------------+--------------+--------------+--------------+--------------+--------------+--------------+--------------+--------------+-----------+--------------+--------------+--------------+--------------+--------------+


+-------------------------------------------------------------------------+
; Fitter Device Options                                                   ;
+----------------------------------------------+--------------------------+
; Option                                       ; Setting                  ;
+----------------------------------------------+--------------------------+
; Enable user-supplied start-up clock (CLKUSR) ; Off                      ;
; Enable device-wide reset (DEV_CLRn)          ; Off                      ;
; Enable device-wide output enable (DEV_OE)    ; Off                      ;
; Enable INIT_DONE output                      ; Off                      ;
; Configuration scheme                         ; Passive Serial           ;
; Error detection CRC                          ; Off                      ;
; Configuration Voltage Level                  ; Auto                     ;
; Force Configuration Voltage Level            ; Off                      ;
; nWS, nRS, nCS, CS                            ; Unreserved               ;
; RDYnBUSY                                     ; Unreserved               ;
; Data[7..1]                                   ; Unreserved               ;
; Data[0]                                      ; As input tri-stated      ;
; ASDO,nCSO                                    ; Unreserved               ;
; Reserve all unused pins                      ; As output driving ground ;
; Base pin-out file on sameframe device        ; Off                      ;
+----------------------------------------------+--------------------------+


+------------------------------------+
; Operating Settings and Conditions  ;
+---------------------------+--------+
; Setting                   ; Value  ;
+---------------------------+--------+
; Nominal Core Voltage      ; 1.20 V ;
; Low Junction Temperature  ; 0 °C   ;
; High Junction Temperature ; 85 °C  ;
+---------------------------+--------+


+-------------------------------------------------------------------------------------------------+
; Estimated Delay Added for Hold Timing                                                           ;
+-----------------+-----------------------------------------------------------+-------------------+
; Source Clock(s) ; Destination Clock(s)                                      ; Delay Added in ns ;
+-----------------+-----------------------------------------------------------+-------------------+
; clk             ; clk,address[7],address[8],address[9],address[6],per_strob ; 2.20373           ;
+-----------------+-----------------------------------------------------------+-------------------+
Note: For more information on problematic transfers, consider running the Fitter again with the Optimize hold timing option (Settings Menu) turned off.
This will disable optimization of problematic paths and expose them for further analysis using either the TimeQuest Timing Analyzer or the Classic Timing Analyzer.


+-----------------+
; Fitter Messages ;
+-----------------+
Info: *******************************************************************
Info: Running Quartus II Fitter
    Info: Version 9.1 Build 222 10/21/2009 SJ Web Edition
    Info: Processing started: Thu Apr 30 17:00:46 2026
Info: Command: quartus_fit --read_settings_files=off --write_settings_files=off kursach -c kursach
Info: Automatically selected device EP2S15F484C3 for design kursach
Info: Fitter is performing an Auto Fit compilation, which may decrease Fitter effort to reduce compilation time
Warning: Feature LogicLock is only available with a valid subscription license. Please purchase a software subscription to gain full access to this feature.
Info: Device migration not selected. If you intend to use device migration later, you may need to change the pin assignments as they may be incompatible with other devices
Info: Fitter converted 1 user pins into dedicated programming pins
    Info: Pin ~DATA0~ is reserved at location E13
Info: Design uses memory blocks. Violating setup or hold times of memory block address registers for either read or write operations could cause memory contents to be corrupted. Make sure that all memory block address registers meet the setup and hold time requirements.
Critical Warning: No exact pin location assignment(s) for 208 pins of 208 total pins
    Info: Pin data_o[7] not assigned to an exact location on the device
    Info: Pin data_o[6] not assigned to an exact location on the device
    Info: Pin data_o[5] not assigned to an exact location on the device
    Info: Pin data_o[4] not assigned to an exact location on the device
    Info: Pin data_o[3] not assigned to an exact location on the device
    Info: Pin data_o[2] not assigned to an exact location on the device
    Info: Pin data_o[1] not assigned to an exact location on the device
    Info: Pin data_o[0] not assigned to an exact location on the device
    Info: Pin data[7] not assigned to an exact location on the device
    Info: Pin data[6] not assigned to an exact location on the device
    Info: Pin data[5] not assigned to an exact location on the device
    Info: Pin data[4] not assigned to an exact location on the device
    Info: Pin data[3] not assigned to an exact location on the device
    Info: Pin data[2] not assigned to an exact location on the device
    Info: Pin data[1] not assigned to an exact location on the device
    Info: Pin data[0] not assigned to an exact location on the device
    Info: Pin cout0 not assigned to an exact location on the device
    Info: Pin address_o[9] not assigned to an exact location on the device
    Info: Pin address_o[8] not assigned to an exact location on the device
    Info: Pin address_o[7] not assigned to an exact location on the device
    Info: Pin address_o[6] not assigned to an exact location on the device
    Info: Pin address_o[5] not assigned to an exact location on the device
    Info: Pin address_o[4] not assigned to an exact location on the device
    Info: Pin address_o[3] not assigned to an exact location on the device
    Info: Pin address_o[2] not assigned to an exact location on the device
    Info: Pin address_o[1] not assigned to an exact location on the device
    Info: Pin address_o[0] not assigned to an exact location on the device
    Info: Pin t0 not assigned to an exact location on the device
    Info: Pin hit not assigned to an exact location on the device
    Info: Pin t01 not assigned to an exact location on the device
    Info: Pin ad[9] not assigned to an exact location on the device
    Info: Pin ad[8] not assigned to an exact location on the device
    Info: Pin ad[7] not assigned to an exact location on the device
    Info: Pin ad[6] not assigned to an exact location on the device
    Info: Pin ad[5] not assigned to an exact location on the device
    Info: Pin ad[4] not assigned to an exact location on the device
    Info: Pin ad[3] not assigned to an exact location on the device
    Info: Pin ad[2] not assigned to an exact location on the device
    Info: Pin ad[1] not assigned to an exact location on the device
    Info: Pin ad[0] not assigned to an exact location on the device
    Info: Pin dff0[7] not assigned to an exact location on the device
    Info: Pin dff0[6] not assigned to an exact location on the device
    Info: Pin dff0[5] not assigned to an exact location on the device
    Info: Pin dff0[4] not assigned to an exact location on the device
    Info: Pin dff0[3] not assigned to an exact location on the device
    Info: Pin dff0[2] not assigned to an exact location on the device
    Info: Pin dff0[1] not assigned to an exact location on the device
    Info: Pin dff0[0] not assigned to an exact location on the device
    Info: Pin dff1[7] not assigned to an exact location on the device
    Info: Pin dff1[6] not assigned to an exact location on the device
    Info: Pin dff1[5] not assigned to an exact location on the device
    Info: Pin dff1[4] not assigned to an exact location on the device
    Info: Pin dff1[3] not assigned to an exact location on the device
    Info: Pin dff1[2] not assigned to an exact location on the device
    Info: Pin dff1[1] not assigned to an exact location on the device
    Info: Pin dff1[0] not assigned to an exact location on the device
    Info: Pin dff10[7] not assigned to an exact location on the device
    Info: Pin dff10[6] not assigned to an exact location on the device
    Info: Pin dff10[5] not assigned to an exact location on the device
    Info: Pin dff10[4] not assigned to an exact location on the device
    Info: Pin dff10[3] not assigned to an exact location on the device
    Info: Pin dff10[2] not assigned to an exact location on the device
    Info: Pin dff10[1] not assigned to an exact location on the device
    Info: Pin dff10[0] not assigned to an exact location on the device
    Info: Pin dff11[7] not assigned to an exact location on the device
    Info: Pin dff11[6] not assigned to an exact location on the device
    Info: Pin dff11[5] not assigned to an exact location on the device
    Info: Pin dff11[4] not assigned to an exact location on the device
    Info: Pin dff11[3] not assigned to an exact location on the device
    Info: Pin dff11[2] not assigned to an exact location on the device
    Info: Pin dff11[1] not assigned to an exact location on the device
    Info: Pin dff11[0] not assigned to an exact location on the device
    Info: Pin dff12[7] not assigned to an exact location on the device
    Info: Pin dff12[6] not assigned to an exact location on the device
    Info: Pin dff12[5] not assigned to an exact location on the device
    Info: Pin dff12[4] not assigned to an exact location on the device
    Info: Pin dff12[3] not assigned to an exact location on the device
    Info: Pin dff12[2] not assigned to an exact location on the device
    Info: Pin dff12[1] not assigned to an exact location on the device
    Info: Pin dff12[0] not assigned to an exact location on the device
    Info: Pin dff13[7] not assigned to an exact location on the device
    Info: Pin dff13[6] not assigned to an exact location on the device
    Info: Pin dff13[5] not assigned to an exact location on the device
    Info: Pin dff13[4] not assigned to an exact location on the device
    Info: Pin dff13[3] not assigned to an exact location on the device
    Info: Pin dff13[2] not assigned to an exact location on the device
    Info: Pin dff13[1] not assigned to an exact location on the device
    Info: Pin dff13[0] not assigned to an exact location on the device
    Info: Pin dff14[7] not assigned to an exact location on the device
    Info: Pin dff14[6] not assigned to an exact location on the device
    Info: Pin dff14[5] not assigned to an exact location on the device
    Info: Pin dff14[4] not assigned to an exact location on the device
    Info: Pin dff14[3] not assigned to an exact location on the device
    Info: Pin dff14[2] not assigned to an exact location on the device
    Info: Pin dff14[1] not assigned to an exact location on the device
    Info: Pin dff14[0] not assigned to an exact location on the device
    Info: Pin dff15[7] not assigned to an exact location on the device
    Info: Pin dff15[6] not assigned to an exact location on the device
    Info: Pin dff15[5] not assigned to an exact location on the device
    Info: Pin dff15[4] not assigned to an exact location on the device
    Info: Pin dff15[3] not assigned to an exact location on the device
    Info: Pin dff15[2] not assigned to an exact location on the device
    Info: Pin dff15[1] not assigned to an exact location on the device
    Info: Pin dff15[0] not assigned to an exact location on the device
    Info: Pin dff2[7] not assigned to an exact location on the device
    Info: Pin dff2[6] not assigned to an exact location on the device
    Info: Pin dff2[5] not assigned to an exact location on the device
    Info: Pin dff2[4] not assigned to an exact location on the device
    Info: Pin dff2[3] not assigned to an exact location on the device
    Info: Pin dff2[2] not assigned to an exact location on the device
    Info: Pin dff2[1] not assigned to an exact location on the device
    Info: Pin dff2[0] not assigned to an exact location on the device
    Info: Pin dff3[7] not assigned to an exact location on the device
    Info: Pin dff3[6] not assigned to an exact location on the device
    Info: Pin dff3[5] not assigned to an exact location on the device
    Info: Pin dff3[4] not assigned to an exact location on the device
    Info: Pin dff3[3] not assigned to an exact location on the device
    Info: Pin dff3[2] not assigned to an exact location on the device
    Info: Pin dff3[1] not assigned to an exact location on the device
    Info: Pin dff3[0] not assigned to an exact location on the device
    Info: Pin dff4[7] not assigned to an exact location on the device
    Info: Pin dff4[6] not assigned to an exact location on the device
    Info: Pin dff4[5] not assigned to an exact location on the device
    Info: Pin dff4[4] not assigned to an exact location on the device
    Info: Pin dff4[3] not assigned to an exact location on the device
    Info: Pin dff4[2] not assigned to an exact location on the device
    Info: Pin dff4[1] not assigned to an exact location on the device
    Info: Pin dff4[0] not assigned to an exact location on the device
    Info: Pin dff5[7] not assigned to an exact location on the device
    Info: Pin dff5[6] not assigned to an exact location on the device
    Info: Pin dff5[5] not assigned to an exact location on the device
    Info: Pin dff5[4] not assigned to an exact location on the device
    Info: Pin dff5[3] not assigned to an exact location on the device
    Info: Pin dff5[2] not assigned to an exact location on the device
    Info: Pin dff5[1] not assigned to an exact location on the device
    Info: Pin dff5[0] not assigned to an exact location on the device
    Info: Pin dff6[7] not assigned to an exact location on the device
    Info: Pin dff6[6] not assigned to an exact location on the device
    Info: Pin dff6[5] not assigned to an exact location on the device
    Info: Pin dff6[4] not assigned to an exact location on the device
    Info: Pin dff6[3] not assigned to an exact location on the device
    Info: Pin dff6[2] not assigned to an exact location on the device
    Info: Pin dff6[1] not assigned to an exact location on the device
    Info: Pin dff6[0] not assigned to an exact location on the device
    Info: Pin dff7[7] not assigned to an exact location on the device
    Info: Pin dff7[6] not assigned to an exact location on the device
    Info: Pin dff7[5] not assigned to an exact location on the device
    Info: Pin dff7[4] not assigned to an exact location on the device
    Info: Pin dff7[3] not assigned to an exact location on the device
    Info: Pin dff7[2] not assigned to an exact location on the device
    Info: Pin dff7[1] not assigned to an exact location on the device
    Info: Pin dff7[0] not assigned to an exact location on the device
    Info: Pin dff8[7] not assigned to an exact location on the device
    Info: Pin dff8[6] not assigned to an exact location on the device
    Info: Pin dff8[5] not assigned to an exact location on the device
    Info: Pin dff8[4] not assigned to an exact location on the device
    Info: Pin dff8[3] not assigned to an exact location on the device
    Info: Pin dff8[2] not assigned to an exact location on the device
    Info: Pin dff8[1] not assigned to an exact location on the device
    Info: Pin dff8[0] not assigned to an exact location on the device
    Info: Pin dff9[7] not assigned to an exact location on the device
    Info: Pin dff9[6] not assigned to an exact location on the device
    Info: Pin dff9[5] not assigned to an exact location on the device
    Info: Pin dff9[4] not assigned to an exact location on the device
    Info: Pin dff9[3] not assigned to an exact location on the device
    Info: Pin dff9[2] not assigned to an exact location on the device
    Info: Pin dff9[1] not assigned to an exact location on the device
    Info: Pin dff9[0] not assigned to an exact location on the device
    Info: Pin address[9] not assigned to an exact location on the device
    Info: Pin address[8] not assigned to an exact location on the device
    Info: Pin address[7] not assigned to an exact location on the device
    Info: Pin address[6] not assigned to an exact location on the device
    Info: Pin address[5] not assigned to an exact location on the device
    Info: Pin address[4] not assigned to an exact location on the device
    Info: Pin address[3] not assigned to an exact location on the device
    Info: Pin clk not assigned to an exact location on the device
    Info: Pin address[1] not assigned to an exact location on the device
    Info: Pin address[0] not assigned to an exact location on the device
    Info: Pin address[2] not assigned to an exact location on the device
    Info: Pin write[7] not assigned to an exact location on the device
    Info: Pin write[6] not assigned to an exact location on the device
    Info: Pin write[5] not assigned to an exact location on the device
    Info: Pin write[4] not assigned to an exact location on the device
    Info: Pin write[3] not assigned to an exact location on the device
    Info: Pin write[2] not assigned to an exact location on the device
    Info: Pin write[1] not assigned to an exact location on the device
    Info: Pin write[0] not assigned to an exact location on the device
    Info: Pin write-read not assigned to an exact location on the device
    Info: Pin read_write_per not assigned to an exact location on the device
    Info: Pin per_strob not assigned to an exact location on the device
    Info: Pin per_data[7] not assigned to an exact location on the device
    Info: Pin per_address[0] not assigned to an exact location on the device
    Info: Pin per_address[1] not assigned to an exact location on the device
    Info: Pin per_address[2] not assigned to an exact location on the device
    Info: Pin per_address[3] not assigned to an exact location on the device
    Info: Pin per_address[4] not assigned to an exact location on the device
    Info: Pin per_address[5] not assigned to an exact location on the device
    Info: Pin per_address[6] not assigned to an exact location on the device
    Info: Pin per_address[7] not assigned to an exact location on the device
    Info: Pin per_address[8] not assigned to an exact location on the device
    Info: Pin per_address[9] not assigned to an exact location on the device
    Info: Pin per_data[6] not assigned to an exact location on the device
    Info: Pin per_data[5] not assigned to an exact location on the device
    Info: Pin per_data[4] not assigned to an exact location on the device
    Info: Pin per_data[3] not assigned to an exact location on the device
    Info: Pin per_data[2] not assigned to an exact location on the device
    Info: Pin per_data[1] not assigned to an exact location on the device
    Info: Pin per_data[0] not assigned to an exact location on the device
Warning: Some pins have incomplete I/O assignments. Refer to the I/O Assignment Warnings report for details
Info: Timing-driven compilation is using the Classic Timing Analyzer
Info: Timing requirements not specified -- quality metrics such as performance and power consumption may be sacrificed to reduce compilation time.
Info: Automatically promoted node clk (placed in PIN N20 (CLK3p, Input))
    Info: Automatically promoted destinations to use location or clock signal Global Clock CLKCTRL_G3
    Info: Following destination nodes may be non-global or may not use global or regional clocks
        Info: Destination node cash:inst8|lpm_dff1:inst63|lpm_ff:lpm_ff_component|dffs[4]
        Info: Destination node cash:inst8|lpm_dff1:inst63|lpm_ff:lpm_ff_component|dffs[3]
        Info: Destination node cash:inst8|lpm_dff1:inst63|lpm_ff:lpm_ff_component|dffs[2]
        Info: Destination node cash:inst8|lpm_dff1:inst63|lpm_ff:lpm_ff_component|dffs[1]
        Info: Destination node cash:inst8|lpm_dff1:inst14|lpm_ff:lpm_ff_component|dffs[4]
        Info: Destination node cash:inst8|lpm_dff1:inst14|lpm_ff:lpm_ff_component|dffs[3]
        Info: Destination node cash:inst8|lpm_dff1:inst14|lpm_ff:lpm_ff_component|dffs[2]
        Info: Destination node cash:inst8|lpm_dff1:inst14|lpm_ff:lpm_ff_component|dffs[1]
        Info: Destination node cash:inst8|inst434
        Info: Destination node cash:inst8|inst455
        Info: Non-global destination nodes limited to 10 nodes
Info: Automatically promoted node inst9 
    Info: Automatically promoted destinations to use location or clock signal Global Clock
Info: Automatically promoted node cash:inst8|inst114 
    Info: Automatically promoted destinations to use location or clock signal Global Clock
Info: Starting register packing
Extra Info: Performing register packing on registers with non-logic cell location assignments
Extra Info: Completed register packing on registers with non-logic cell location assignments
Extra Info: Started Fast Input/Output/OE register processing
Extra Info: Finished Fast Input/Output/OE register processing
Extra Info: Moving registers into I/O cells, DSP blocks, and RAM blocks to improve timing and density
Extra Info: Finished moving registers into I/O cells, DSP blocks, and RAM blocks
Info: Finished register packing
    Extra Info: No registers were packed into other blocks
Info: Statistics of I/O pins that need to be placed that use the same VCCIO and VREF, before I/O pin placement
    Info: Number of I/O pins in group: 207 (unused VREF, 3.3V VCCIO, 39 input, 168 output, 0 bidirectional)
        Info: I/O standards used: 3.3-V LVTTL.
Info: I/O bank details before I/O pin placement
    Info: Statistics of I/O banks
        Info: I/O bank number 1 does not use VREF pins and has undetermined VCCIO pins. 1 total pin(s) used --  39 pins available
        Info: I/O bank number 2 does not use VREF pins and has undetermined VCCIO pins. 0 total pin(s) used --  44 pins available
        Info: I/O bank number 3 does not use VREF pins and has undetermined VCCIO pins. 1 total pin(s) used --  49 pins available
        Info: I/O bank number 4 does not use VREF pins and has undetermined VCCIO pins. 0 total pin(s) used --  35 pins available
        Info: I/O bank number 5 does not use VREF pins and has undetermined VCCIO pins. 0 total pin(s) used --  44 pins available
        Info: I/O bank number 6 does not use VREF pins and has undetermined VCCIO pins. 0 total pin(s) used --  40 pins available
        Info: I/O bank number 7 does not use VREF pins and has undetermined VCCIO pins. 0 total pin(s) used --  34 pins available
        Info: I/O bank number 8 does not use VREF pins and has undetermined VCCIO pins. 0 total pin(s) used --  43 pins available
        Info: I/O bank number 9 does not use VREF pins and has undetermined VCCIO pins. 0 total pin(s) used --  6 pins available
        Info: I/O bank number 10 does not use VREF pins and has undetermined VCCIO pins. 0 total pin(s) used --  6 pins available
Info: Fitter preparation operations ending: elapsed time is 00:00:00
Info: Fitter placement preparation operations beginning
Info: Fitter placement preparation operations ending: elapsed time is 00:00:00
Info: Fitter placement operations beginning
Info: Fitter placement was successful
Info: Fitter placement operations ending: elapsed time is 00:00:00
Info: Estimated most critical path is register to register delay of 4.837 ns
    Info: 1: + IC(0.000 ns) + CELL(0.000 ns) = 0.000 ns; Loc. = LAB_X21_Y15; Fanout = 9; REG Node = 'cash:inst8|lpm_counter0:inst39|lpm_counter:lpm_counter_component|cntr_sej:auto_generated|safe_q[2]'
    Info: 2: + IC(0.626 ns) + CELL(0.378 ns) = 1.004 ns; Loc. = LAB_X25_Y16; Fanout = 17; COMB Node = 'cash:inst8|gdfx_temp2[2]~2'
    Info: 3: + IC(0.620 ns) + CELL(0.154 ns) = 1.778 ns; Loc. = LAB_X26_Y15; Fanout = 1; COMB Node = 'cash:inst8|lpm_bustri0:inst27|lpm_bustri:lpm_bustri_component|dout[7]~47'
    Info: 4: + IC(0.396 ns) + CELL(0.378 ns) = 2.552 ns; Loc. = LAB_X25_Y16; Fanout = 1; COMB Node = 'cash:inst8|lpm_bustri0:inst27|lpm_bustri:lpm_bustri_component|dout[7]~93'
    Info: 5: + IC(0.721 ns) + CELL(0.053 ns) = 3.326 ns; Loc. = LAB_X25_Y17; Fanout = 3; COMB Node = 'cash:inst8|lpm_bustri0:inst27|lpm_bustri:lpm_bustri_component|dout[7]~9'
    Info: 6: + IC(0.023 ns) + CELL(0.378 ns) = 3.727 ns; Loc. = LAB_X25_Y17; Fanout = 17; COMB Node = 'cash:inst8|lpm_bustri0:inst296|lpm_bustri:lpm_bustri_component|dout[7]~10'
    Info: 7: + IC(0.955 ns) + CELL(0.155 ns) = 4.837 ns; Loc. = LAB_X22_Y15; Fanout = 2; REG Node = 'cash:inst8|lpm_dff0:inst75|lpm_ff:lpm_ff_component|dffs[7]'
    Info: Total cell delay = 1.496 ns ( 30.93 % )
    Info: Total interconnect delay = 3.341 ns ( 69.07 % )
Info: Fitter routing operations beginning
Info: Average interconnect usage is 1% of the available device resources
    Info: Peak interconnect usage is 5% of the available device resources in the region that extends from location X13_Y14 to location X26_Y27
Info: Fitter routing operations ending: elapsed time is 00:00:00
Info: The Fitter performed an Auto Fit compilation.  Optimizations were skipped to reduce compilation time.
    Info: Optimizations that may affect the design's routability were skipped
    Info: Optimizations that may affect the design's timing were skipped
Info: Started post-fitting delay annotation
Warning: Found 168 output pins without output pin load capacitance assignment
    Info: Pin "data_o[7]" has no specified output pin load capacitance -- assuming default load capacitance of 0 pF for timing analysis
    Info: Pin "data_o[6]" has no specified output pin load capacitance -- assuming default load capacitance of 0 pF for timing analysis
    Info: Pin "data_o[5]" has no specified output pin load capacitance -- assuming default load capacitance of 0 pF for timing analysis
    Info: Pin "data_o[4]" has no specified output pin load capacitance -- assuming default load capacitance of 0 pF for timing analysis
    Info: Pin "data_o[3]" has no specified output pin load capacitance -- assuming default load capacitance of 0 pF for timing analysis
    Info: Pin "data_o[2]" has no specified output pin load capacitance -- assuming default load capacitance of 0 pF for timing analysis
    Info: Pin "data_o[1]" has no specified output pin load capacitance -- assuming default load capacitance of 0 pF for timing analysis
    Info: Pin "data_o[0]" has no specified output pin load capacitance -- assuming default load capacitance of 0 pF for timing analysis
    Info: Pin "data[7]" has no specified output pin load capacitance -- assuming default load capacitance of 0 pF for timing analysis
    Info: Pin "data[6]" has no specified output pin load capacitance -- assuming default load capacitance of 0 pF for timing analysis
    Info: Pin "data[5]" has no specified output pin load capacitance -- assuming default load capacitance of 0 pF for timing analysis
    Info: Pin "data[4]" has no specified output pin load capacitance -- assuming default load capacitance of 0 pF for timing analysis
    Info: Pin "data[3]" has no specified output pin load capacitance -- assuming default load capacitance of 0 pF for timing analysis
    Info: Pin "data[2]" has no specified output pin load capacitance -- assuming default load capacitance of 0 pF for timing analysis
    Info: Pin "data[1]" has no specified output pin load capacitance -- assuming default load capacitance of 0 pF for timing analysis
    Info: Pin "data[0]" has no specified output pin load capacitance -- assuming default load capacitance of 0 pF for timing analysis
    Info: Pin "cout0" has no specified output pin load capacitance -- assuming default load capacitance of 0 pF for timing analysis
    Info: Pin "address_o[9]" has no specified output pin load capacitance -- assuming default load capacitance of 0 pF for timing analysis
    Info: Pin "address_o[8]" has no specified output pin load capacitance -- assuming default load capacitance of 0 pF for timing analysis
    Info: Pin "address_o[7]" has no specified output pin load capacitance -- assuming default load capacitance of 0 pF for timing analysis
    Info: Pin "address_o[6]" has no specified output pin load capacitance -- assuming default load capacitance of 0 pF for timing analysis
    Info: Pin "address_o[5]" has no specified output pin load capacitance -- assuming default load capacitance of 0 pF for timing analysis
    Info: Pin "address_o[4]" has no specified output pin load capacitance -- assuming default load capacitance of 0 pF for timing analysis
    Info: Pin "address_o[3]" has no specified output pin load capacitance -- assuming default load capacitance of 0 pF for timing analysis
    Info: Pin "address_o[2]" has no specified output pin load capacitance -- assuming default load capacitance of 0 pF for timing analysis
    Info: Pin "address_o[1]" has no specified output pin load capacitance -- assuming default load capacitance of 0 pF for timing analysis
    Info: Pin "address_o[0]" has no specified output pin load capacitance -- assuming default load capacitance of 0 pF for timing analysis
    Info: Pin "t0" has no specified output pin load capacitance -- assuming default load capacitance of 0 pF for timing analysis
    Info: Pin "hit" has no specified output pin load capacitance -- assuming default load capacitance of 0 pF for timing analysis
    Info: Pin "t01" has no specified output pin load capacitance -- assuming default load capacitance of 0 pF for timing analysis
    Info: Pin "ad[9]" has no specified output pin load capacitance -- assuming default load capacitance of 0 pF for timing analysis
    Info: Pin "ad[8]" has no specified output pin load capacitance -- assuming default load capacitance of 0 pF for timing analysis
    Info: Pin "ad[7]" has no specified output pin load capacitance -- assuming default load capacitance of 0 pF for timing analysis
    Info: Pin "ad[6]" has no specified output pin load capacitance -- assuming default load capacitance of 0 pF for timing analysis
    Info: Pin "ad[5]" has no specified output pin load capacitance -- assuming default load capacitance of 0 pF for timing analysis
    Info: Pin "ad[4]" has no specified output pin load capacitance -- assuming default load capacitance of 0 pF for timing analysis
    Info: Pin "ad[3]" has no specified output pin load capacitance -- assuming default load capacitance of 0 pF for timing analysis
    Info: Pin "ad[2]" has no specified output pin load capacitance -- assuming default load capacitance of 0 pF for timing analysis
    Info: Pin "ad[1]" has no specified output pin load capacitance -- assuming default load capacitance of 0 pF for timing analysis
    Info: Pin "ad[0]" has no specified output pin load capacitance -- assuming default load capacitance of 0 pF for timing analysis
    Info: Pin "dff0[7]" has no specified output pin load capacitance -- assuming default load capacitance of 0 pF for timing analysis
    Info: Pin "dff0[6]" has no specified output pin load capacitance -- assuming default load capacitance of 0 pF for timing analysis
    Info: Pin "dff0[5]" has no specified output pin load capacitance -- assuming default load capacitance of 0 pF for timing analysis
    Info: Pin "dff0[4]" has no specified output pin load capacitance -- assuming default load capacitance of 0 pF for timing analysis
    Info: Pin "dff0[3]" has no specified output pin load capacitance -- assuming default load capacitance of 0 pF for timing analysis
    Info: Pin "dff0[2]" has no specified output pin load capacitance -- assuming default load capacitance of 0 pF for timing analysis
    Info: Pin "dff0[1]" has no specified output pin load capacitance -- assuming default load capacitance of 0 pF for timing analysis
    Info: Pin "dff0[0]" has no specified output pin load capacitance -- assuming default load capacitance of 0 pF for timing analysis
    Info: Pin "dff1[7]" has no specified output pin load capacitance -- assuming default load capacitance of 0 pF for timing analysis
    Info: Pin "dff1[6]" has no specified output pin load capacitance -- assuming default load capacitance of 0 pF for timing analysis
    Info: Pin "dff1[5]" has no specified output pin load capacitance -- assuming default load capacitance of 0 pF for timing analysis
    Info: Pin "dff1[4]" has no specified output pin load capacitance -- assuming default load capacitance of 0 pF for timing analysis
    Info: Pin "dff1[3]" has no specified output pin load capacitance -- assuming default load capacitance of 0 pF for timing analysis
    Info: Pin "dff1[2]" has no specified output pin load capacitance -- assuming default load capacitance of 0 pF for timing analysis
    Info: Pin "dff1[1]" has no specified output pin load capacitance -- assuming default load capacitance of 0 pF for timing analysis
    Info: Pin "dff1[0]" has no specified output pin load capacitance -- assuming default load capacitance of 0 pF for timing analysis
    Info: Pin "dff10[7]" has no specified output pin load capacitance -- assuming default load capacitance of 0 pF for timing analysis
    Info: Pin "dff10[6]" has no specified output pin load capacitance -- assuming default load capacitance of 0 pF for timing analysis
    Info: Pin "dff10[5]" has no specified output pin load capacitance -- assuming default load capacitance of 0 pF for timing analysis
    Info: Pin "dff10[4]" has no specified output pin load capacitance -- assuming default load capacitance of 0 pF for timing analysis
    Info: Pin "dff10[3]" has no specified output pin load capacitance -- assuming default load capacitance of 0 pF for timing analysis
    Info: Pin "dff10[2]" has no specified output pin load capacitance -- assuming default load capacitance of 0 pF for timing analysis
    Info: Pin "dff10[1]" has no specified output pin load capacitance -- assuming default load capacitance of 0 pF for timing analysis
    Info: Pin "dff10[0]" has no specified output pin load capacitance -- assuming default load capacitance of 0 pF for timing analysis
    Info: Pin "dff11[7]" has no specified output pin load capacitance -- assuming default load capacitance of 0 pF for timing analysis
    Info: Pin "dff11[6]" has no specified output pin load capacitance -- assuming default load capacitance of 0 pF for timing analysis
    Info: Pin "dff11[5]" has no specified output pin load capacitance -- assuming default load capacitance of 0 pF for timing analysis
    Info: Pin "dff11[4]" has no specified output pin load capacitance -- assuming default load capacitance of 0 pF for timing analysis
    Info: Pin "dff11[3]" has no specified output pin load capacitance -- assuming default load capacitance of 0 pF for timing analysis
    Info: Pin "dff11[2]" has no specified output pin load capacitance -- assuming default load capacitance of 0 pF for timing analysis
    Info: Pin "dff11[1]" has no specified output pin load capacitance -- assuming default load capacitance of 0 pF for timing analysis
    Info: Pin "dff11[0]" has no specified output pin load capacitance -- assuming default load capacitance of 0 pF for timing analysis
    Info: Pin "dff12[7]" has no specified output pin load capacitance -- assuming default load capacitance of 0 pF for timing analysis
    Info: Pin "dff12[6]" has no specified output pin load capacitance -- assuming default load capacitance of 0 pF for timing analysis
    Info: Pin "dff12[5]" has no specified output pin load capacitance -- assuming default load capacitance of 0 pF for timing analysis
    Info: Pin "dff12[4]" has no specified output pin load capacitance -- assuming default load capacitance of 0 pF for timing analysis
    Info: Pin "dff12[3]" has no specified output pin load capacitance -- assuming default load capacitance of 0 pF for timing analysis
    Info: Pin "dff12[2]" has no specified output pin load capacitance -- assuming default load capacitance of 0 pF for timing analysis
    Info: Pin "dff12[1]" has no specified output pin load capacitance -- assuming default load capacitance of 0 pF for timing analysis
    Info: Pin "dff12[0]" has no specified output pin load capacitance -- assuming default load capacitance of 0 pF for timing analysis
    Info: Pin "dff13[7]" has no specified output pin load capacitance -- assuming default load capacitance of 0 pF for timing analysis
    Info: Pin "dff13[6]" has no specified output pin load capacitance -- assuming default load capacitance of 0 pF for timing analysis
    Info: Pin "dff13[5]" has no specified output pin load capacitance -- assuming default load capacitance of 0 pF for timing analysis
    Info: Pin "dff13[4]" has no specified output pin load capacitance -- assuming default load capacitance of 0 pF for timing analysis
    Info: Pin "dff13[3]" has no specified output pin load capacitance -- assuming default load capacitance of 0 pF for timing analysis
    Info: Pin "dff13[2]" has no specified output pin load capacitance -- assuming default load capacitance of 0 pF for timing analysis
    Info: Pin "dff13[1]" has no specified output pin load capacitance -- assuming default load capacitance of 0 pF for timing analysis
    Info: Pin "dff13[0]" has no specified output pin load capacitance -- assuming default load capacitance of 0 pF for timing analysis
    Info: Pin "dff14[7]" has no specified output pin load capacitance -- assuming default load capacitance of 0 pF for timing analysis
    Info: Pin "dff14[6]" has no specified output pin load capacitance -- assuming default load capacitance of 0 pF for timing analysis
    Info: Pin "dff14[5]" has no specified output pin load capacitance -- assuming default load capacitance of 0 pF for timing analysis
    Info: Pin "dff14[4]" has no specified output pin load capacitance -- assuming default load capacitance of 0 pF for timing analysis
    Info: Pin "dff14[3]" has no specified output pin load capacitance -- assuming default load capacitance of 0 pF for timing analysis
    Info: Pin "dff14[2]" has no specified output pin load capacitance -- assuming default load capacitance of 0 pF for timing analysis
    Info: Pin "dff14[1]" has no specified output pin load capacitance -- assuming default load capacitance of 0 pF for timing analysis
    Info: Pin "dff14[0]" has no specified output pin load capacitance -- assuming default load capacitance of 0 pF for timing analysis
    Info: Pin "dff15[7]" has no specified output pin load capacitance -- assuming default load capacitance of 0 pF for timing analysis
    Info: Pin "dff15[6]" has no specified output pin load capacitance -- assuming default load capacitance of 0 pF for timing analysis
    Info: Pin "dff15[5]" has no specified output pin load capacitance -- assuming default load capacitance of 0 pF for timing analysis
    Info: Pin "dff15[4]" has no specified output pin load capacitance -- assuming default load capacitance of 0 pF for timing analysis
    Info: Pin "dff15[3]" has no specified output pin load capacitance -- assuming default load capacitance of 0 pF for timing analysis
    Info: Pin "dff15[2]" has no specified output pin load capacitance -- assuming default load capacitance of 0 pF for timing analysis
    Info: Pin "dff15[1]" has no specified output pin load capacitance -- assuming default load capacitance of 0 pF for timing analysis
    Info: Pin "dff15[0]" has no specified output pin load capacitance -- assuming default load capacitance of 0 pF for timing analysis
    Info: Pin "dff2[7]" has no specified output pin load capacitance -- assuming default load capacitance of 0 pF for timing analysis
    Info: Pin "dff2[6]" has no specified output pin load capacitance -- assuming default load capacitance of 0 pF for timing analysis
    Info: Pin "dff2[5]" has no specified output pin load capacitance -- assuming default load capacitance of 0 pF for timing analysis
    Info: Pin "dff2[4]" has no specified output pin load capacitance -- assuming default load capacitance of 0 pF for timing analysis
    Info: Pin "dff2[3]" has no specified output pin load capacitance -- assuming default load capacitance of 0 pF for timing analysis
    Info: Pin "dff2[2]" has no specified output pin load capacitance -- assuming default load capacitance of 0 pF for timing analysis
    Info: Pin "dff2[1]" has no specified output pin load capacitance -- assuming default load capacitance of 0 pF for timing analysis
    Info: Pin "dff2[0]" has no specified output pin load capacitance -- assuming default load capacitance of 0 pF for timing analysis
    Info: Pin "dff3[7]" has no specified output pin load capacitance -- assuming default load capacitance of 0 pF for timing analysis
    Info: Pin "dff3[6]" has no specified output pin load capacitance -- assuming default load capacitance of 0 pF for timing analysis
    Info: Pin "dff3[5]" has no specified output pin load capacitance -- assuming default load capacitance of 0 pF for timing analysis
    Info: Pin "dff3[4]" has no specified output pin load capacitance -- assuming default load capacitance of 0 pF for timing analysis
    Info: Pin "dff3[3]" has no specified output pin load capacitance -- assuming default load capacitance of 0 pF for timing analysis
    Info: Pin "dff3[2]" has no specified output pin load capacitance -- assuming default load capacitance of 0 pF for timing analysis
    Info: Pin "dff3[1]" has no specified output pin load capacitance -- assuming default load capacitance of 0 pF for timing analysis
    Info: Pin "dff3[0]" has no specified output pin load capacitance -- assuming default load capacitance of 0 pF for timing analysis
    Info: Pin "dff4[7]" has no specified output pin load capacitance -- assuming default load capacitance of 0 pF for timing analysis
    Info: Pin "dff4[6]" has no specified output pin load capacitance -- assuming default load capacitance of 0 pF for timing analysis
    Info: Pin "dff4[5]" has no specified output pin load capacitance -- assuming default load capacitance of 0 pF for timing analysis
    Info: Pin "dff4[4]" has no specified output pin load capacitance -- assuming default load capacitance of 0 pF for timing analysis
    Info: Pin "dff4[3]" has no specified output pin load capacitance -- assuming default load capacitance of 0 pF for timing analysis
    Info: Pin "dff4[2]" has no specified output pin load capacitance -- assuming default load capacitance of 0 pF for timing analysis
    Info: Pin "dff4[1]" has no specified output pin load capacitance -- assuming default load capacitance of 0 pF for timing analysis
    Info: Pin "dff4[0]" has no specified output pin load capacitance -- assuming default load capacitance of 0 pF for timing analysis
    Info: Pin "dff5[7]" has no specified output pin load capacitance -- assuming default load capacitance of 0 pF for timing analysis
    Info: Pin "dff5[6]" has no specified output pin load capacitance -- assuming default load capacitance of 0 pF for timing analysis
    Info: Pin "dff5[5]" has no specified output pin load capacitance -- assuming default load capacitance of 0 pF for timing analysis
    Info: Pin "dff5[4]" has no specified output pin load capacitance -- assuming default load capacitance of 0 pF for timing analysis
    Info: Pin "dff5[3]" has no specified output pin load capacitance -- assuming default load capacitance of 0 pF for timing analysis
    Info: Pin "dff5[2]" has no specified output pin load capacitance -- assuming default load capacitance of 0 pF for timing analysis
    Info: Pin "dff5[1]" has no specified output pin load capacitance -- assuming default load capacitance of 0 pF for timing analysis
    Info: Pin "dff5[0]" has no specified output pin load capacitance -- assuming default load capacitance of 0 pF for timing analysis
    Info: Pin "dff6[7]" has no specified output pin load capacitance -- assuming default load capacitance of 0 pF for timing analysis
    Info: Pin "dff6[6]" has no specified output pin load capacitance -- assuming default load capacitance of 0 pF for timing analysis
    Info: Pin "dff6[5]" has no specified output pin load capacitance -- assuming default load capacitance of 0 pF for timing analysis
    Info: Pin "dff6[4]" has no specified output pin load capacitance -- assuming default load capacitance of 0 pF for timing analysis
    Info: Pin "dff6[3]" has no specified output pin load capacitance -- assuming default load capacitance of 0 pF for timing analysis
    Info: Pin "dff6[2]" has no specified output pin load capacitance -- assuming default load capacitance of 0 pF for timing analysis
    Info: Pin "dff6[1]" has no specified output pin load capacitance -- assuming default load capacitance of 0 pF for timing analysis
    Info: Pin "dff6[0]" has no specified output pin load capacitance -- assuming default load capacitance of 0 pF for timing analysis
    Info: Pin "dff7[7]" has no specified output pin load capacitance -- assuming default load capacitance of 0 pF for timing analysis
    Info: Pin "dff7[6]" has no specified output pin load capacitance -- assuming default load capacitance of 0 pF for timing analysis
    Info: Pin "dff7[5]" has no specified output pin load capacitance -- assuming default load capacitance of 0 pF for timing analysis
    Info: Pin "dff7[4]" has no specified output pin load capacitance -- assuming default load capacitance of 0 pF for timing analysis
    Info: Pin "dff7[3]" has no specified output pin load capacitance -- assuming default load capacitance of 0 pF for timing analysis
    Info: Pin "dff7[2]" has no specified output pin load capacitance -- assuming default load capacitance of 0 pF for timing analysis
    Info: Pin "dff7[1]" has no specified output pin load capacitance -- assuming default load capacitance of 0 pF for timing analysis
    Info: Pin "dff7[0]" has no specified output pin load capacitance -- assuming default load capacitance of 0 pF for timing analysis
    Info: Pin "dff8[7]" has no specified output pin load capacitance -- assuming default load capacitance of 0 pF for timing analysis
    Info: Pin "dff8[6]" has no specified output pin load capacitance -- assuming default load capacitance of 0 pF for timing analysis
    Info: Pin "dff8[5]" has no specified output pin load capacitance -- assuming default load capacitance of 0 pF for timing analysis
    Info: Pin "dff8[4]" has no specified output pin load capacitance -- assuming default load capacitance of 0 pF for timing analysis
    Info: Pin "dff8[3]" has no specified output pin load capacitance -- assuming default load capacitance of 0 pF for timing analysis
    Info: Pin "dff8[2]" has no specified output pin load capacitance -- assuming default load capacitance of 0 pF for timing analysis
    Info: Pin "dff8[1]" has no specified output pin load capacitance -- assuming default load capacitance of 0 pF for timing analysis
    Info: Pin "dff8[0]" has no specified output pin load capacitance -- assuming default load capacitance of 0 pF for timing analysis
    Info: Pin "dff9[7]" has no specified output pin load capacitance -- assuming default load capacitance of 0 pF for timing analysis
    Info: Pin "dff9[6]" has no specified output pin load capacitance -- assuming default load capacitance of 0 pF for timing analysis
    Info: Pin "dff9[5]" has no specified output pin load capacitance -- assuming default load capacitance of 0 pF for timing analysis
    Info: Pin "dff9[4]" has no specified output pin load capacitance -- assuming default load capacitance of 0 pF for timing analysis
    Info: Pin "dff9[3]" has no specified output pin load capacitance -- assuming default load capacitance of 0 pF for timing analysis
    Info: Pin "dff9[2]" has no specified output pin load capacitance -- assuming default load capacitance of 0 pF for timing analysis
    Info: Pin "dff9[1]" has no specified output pin load capacitance -- assuming default load capacitance of 0 pF for timing analysis
    Info: Pin "dff9[0]" has no specified output pin load capacitance -- assuming default load capacitance of 0 pF for timing analysis
Info: Delay annotation completed successfully
Warning: The Reserve All Unused Pins setting has not been specified, and will default to 'As output driving ground'.
Info: Quartus II Fitter was successful. 0 errors, 5 warnings
    Info: Peak virtual memory: 287 megabytes
    Info: Processing ended: Thu Apr 30 17:00:48 2026
    Info: Elapsed time: 00:00:02
    Info: Total CPU time (on all processors): 00:00:03


